{"type":"FeatureCollection","features":[{"type":"Feature","properties":{"id":"ad","country_id":"AD","level":"country","countryCode":"ad","countryName":"Andorra","nameZh":"Andorra","nameEn":"Andorra","source":"Natural Earth Admin 1 States/Provinces dissolved to countries + Footprint policy overrides","sourceVersion":"5.1.1","sourceYear":2022,"license":"Public Domain","boundaryPolicy":"de facto","mapCluster":"global-country","sourceSimplification":"2%","sourceMapshaperPackage":"mapshaper@0.7.47","sourceComponentCountryIds":["AD"],"sourceComponentRegionIds":["AD-02","AD-03","AD-04","AD-05","AD-06","AD-07","AD-08"]},"geometry":{"type":"Polygon","coordinates":[[[1.59735,42.62192],[1.45141,42.60205],[1.4293,42.59539],[1.44997,42.50407],[1.57266,42.45307],[1.65698,42.49764],[1.70701,42.50278],[1.71709,42.53989],[1.76111,42.56765],[1.59735,42.62192]]]}},{"type":"Feature","properties":{"id":"ae","country_id":"AE","level":"country","countryCode":"ae","countryName":"United Arab Emirates","nameZh":"United Arab Emirates","nameEn":"United Arab Emirates","source":"Natural Earth Admin 1 States/Provinces dissolved to countries + Footprint policy overrides","sourceVersion":"5.1.1","sourceYear":2022,"license":"Public Domain","boundaryPolicy":"de facto","mapCluster":"global-country","sourceSimplification":"2%","sourceMapshaperPackage":"mapshaper@0.7.47","sourceComponentCountryIds":["AE"],"sourceComponentRegionIds":["AE-AJ","AE-AZ","AE-DU","AE-FU","AE-RK","AE-SH","AE-UQ","AE-X01~","AE-X02~"]},"geometry":{"type":"Polygon","coordinates":[[[55.4245,25.39452],[55.32482,25.30709],[55.00586,24.96991],[54.70704,24.8039],[54.44597,24.31615],[54.12257,24.14472],[53.58131,24.04853],[52.6701,24.14472],[52.22438,23.97403],[51.80942,24.00068],[51.56935,24.25617],[51.59352,24.07832],[52.58307,22.93111],[55.1053,22.62095],[55.18684,22.70358],[55.19129,22.99537],[55.44533,23.55226],[55.4998,23.97061],[55.99785,24.08127],[55.80737,24.34079],[55.79993,24.69325],[55.97587,24.97211],[56.02525,24.88256],[56.07627,24.72997],[56.17137,24.82407],[56.27468,24.87195],[56.31428,24.91196],[56.31605,24.92991],[56.38331,24.97822],[56.36223,25.06826],[56.38299,25.32128],[56.365,25.42317],[56.27906,25.62745],[56.1525,25.65796],[56.0774,26.06105],[55.74598,25.6623],[55.51516,25.51325],[55.4921,25.46016],[55.4245,25.39452]],[[56.26062,25.33108],[56.34912,25.29402],[56.20672,25.2267],[56.23362,25.31253],[56.26062,25.33108]]]}},{"type":"Feature","properties":{"id":"af","country_id":"AF","level":"country","countryCode":"af","countryName":"Afghanistan","nameZh":"Afghanistan","nameEn":"Afghanistan","source":"Natural Earth Admin 1 States/Provinces dissolved to countries + Footprint policy overrides","sourceVersion":"5.1.1","sourceYear":2022,"license":"Public Domain","boundaryPolicy":"de facto","mapCluster":"global-country","sourceSimplification":"2%","sourceMapshaperPackage":"mapshaper@0.7.47","sourceComponentCountryIds":["AF"],"sourceComponentRegionIds":["AF-BAL","AF-BAM","AF-BDG","AF-BDS","AF-BGL","AF-FRA","AF-FYB","AF-GHA","AF-GHO","AF-HEL","AF-HER","AF-JOW","AF-KAB","AF-KAN","AF-KAP","AF-KDZ","AF-KHO","AF-KNR","AF-LAG","AF-LOG","AF-NAN","AF-NIM","AF-NUR","AF-PAR","AF-PIA","AF-PKA","AF-SAM","AF-SAR","AF-TAK","AF-URU","AF-WAR","AF-ZAB"]},"geometry":{"type":"Polygon","coordinates":[[[66.51959,37.36418],[66.25085,37.35965],[65.66884,37.52055],[65.48792,37.242],[64.76016,37.09262],[64.72855,36.85057],[64.44457,36.24998],[63.90633,36.03173],[63.34293,35.85626],[62.82306,35.32751],[62.62107,35.22271],[61.41931,35.54589],[61.26968,35.6185],[61.10834,35.27795],[61.06545,34.81472],[60.71436,34.53743],[60.48846,34.08093],[60.51179,33.63839],[60.91979,33.51257],[60.5676,33.15129],[60.83032,32.24889],[60.82174,31.49467],[61.12515,31.44889],[61.60626,31.38874],[61.74923,31.30238],[61.7852,30.8314],[60.84438,29.85818],[62.37447,29.42487],[62.60258,29.41807],[63.56861,29.49748],[64.08609,29.38661],[64.49948,29.5702],[65.03637,29.54016],[66.19563,29.83534],[66.36626,30.92287],[66.69699,31.19582],[67.3462,31.20776],[67.74944,31.32801],[67.74828,31.54439],[68.09834,31.75912],[68.52748,31.82297],[69.00404,31.65109],[69.30116,31.94128],[69.228,32.4213],[69.42913,32.66736],[69.47813,33.01135],[69.88093,33.08925],[70.29445,33.31895],[69.99648,33.74209],[69.90545,34.03585],[70.52198,33.9387],[71.0467,34.04188],[70.98336,34.55526],[71.44524,34.93776],[71.63369,35.20312],[71.59342,35.46419],[71.34157,35.94726],[71.16991,36.0308],[71.62915,36.45953],[72.56521,36.8206],[73.71184,36.89414],[74.09432,36.83124],[74.54235,37.02167],[74.89231,37.23111],[74.66038,37.39397],[73.27607,37.45947],[72.25981,36.96731],[71.83658,36.69916],[71.61106,36.70484],[71.43112,37.06699],[71.59773,37.89836],[71.25578,37.94988],[71.33438,38.28066],[70.97404,38.47367],[70.59577,38.33818],[70.29858,37.99813],[70.28308,37.70483],[70.00419,37.55137],[69.52865,37.58603],[69.30862,37.11688],[69.00548,37.30553],[68.30728,37.11422],[68.02482,36.92552],[67.78054,37.18887],[67.23675,37.19241],[67.00591,37.38439],[66.51959,37.36418]]]}},{"type":"Feature","properties":{"id":"ag","country_id":"AG","level":"country","countryCode":"ag","countryName":"Antigua and Barbuda","nameZh":"Antigua and Barbuda","nameEn":"Antigua and Barbuda","source":"Natural Earth Admin 1 States/Provinces dissolved to countries + Footprint policy overrides","sourceVersion":"5.1.1","sourceYear":2022,"license":"Public Domain","boundaryPolicy":"de facto","mapCluster":"global-country","sourceSimplification":"2%","sourceMapshaperPackage":"mapshaper@0.7.47","sourceComponentCountryIds":["AG"],"sourceComponentRegionIds":["AG-03","AG-04","AG-05","AG-06","AG-07","AG-08","AG-10","AG-11"]},"geometry":{"type":"MultiPolygon","coordinates":[[[[-61.79337,17.16494],[-61.8662,17.08686],[-61.80407,17.00731],[-61.72623,17.03848],[-61.71483,17.09309],[-61.75642,17.11416],[-61.79337,17.16494]]],[[[-61.83894,17.59333],[-61.77066,17.54556],[-61.75426,17.66877],[-61.8601,17.68423],[-61.83894,17.59333]]],[[[-62.34559,16.93914],[-62.34826,16.93366],[-62.34306,16.93506],[-62.34559,16.93914]]]]}},{"type":"Feature","properties":{"id":"ai","country_id":"AI","level":"country","countryCode":"ai","countryName":"Anguilla","nameZh":"Anguilla","nameEn":"Anguilla","source":"Natural Earth Admin 1 States/Provinces dissolved to countries + Footprint policy overrides","sourceVersion":"5.1.1","sourceYear":2022,"license":"Public Domain","boundaryPolicy":"de facto","mapCluster":"global-country","sourceSimplification":"2%","sourceMapshaperPackage":"mapshaper@0.7.47","sourceComponentCountryIds":["AI"],"sourceComponentRegionIds":["AI-X01~","AI-X02~","AI-X03~","AI-X04~","AI-X05~","AI-X06~","AI-X07~","AI-X08~","AI-X09~","AI-X10~","AI-X11~","AI-X12~","AI-X13~","AI-X14~"]},"geometry":{"type":"Polygon","coordinates":[[[-63.06139,18.19885],[-63.03044,18.21503],[-62.9948,18.23453],[-62.99452,18.2749],[-63.00739,18.27302],[-63.0135,18.27197],[-63.02292,18.27035],[-63.06116,18.24578],[-63.07272,18.23135],[-63.0779,18.22597],[-63.09724,18.21247],[-63.12279,18.20808],[-63.14208,18.19815],[-63.1505,18.16909],[-63.1226,18.18358],[-63.11384,18.18985],[-63.06139,18.19885]]]}},{"type":"Feature","properties":{"id":"al","country_id":"AL","level":"country","countryCode":"al","countryName":"Albania","nameZh":"Albania","nameEn":"Albania","source":"Natural Earth Admin 1 States/Provinces dissolved to countries + Footprint policy overrides","sourceVersion":"5.1.1","sourceYear":2022,"license":"Public Domain","boundaryPolicy":"de facto","mapCluster":"global-country","sourceSimplification":"2%","sourceMapshaperPackage":"mapshaper@0.7.47","sourceComponentCountryIds":["AL"],"sourceComponentRegionIds":["AL-01","AL-02","AL-03","AL-04","AL-05","AL-06","AL-07","AL-08","AL-09","AL-10","AL-11","AL-12"]},"geometry":{"type":"Polygon","coordinates":[[[19.51596,41.26046],[19.44801,41.00932],[19.30468,40.65264],[19.47625,40.21369],[19.85524,40.04987],[19.99985,39.69351],[20.29958,39.80506],[20.61536,40.08102],[20.73955,40.30917],[21.03668,40.63974],[20.96526,40.84939],[20.83654,40.9239],[20.66409,41.05915],[20.65386,41.07527],[20.59742,41.08627],[20.51268,41.21015],[20.49544,41.25026],[20.47811,41.32159],[20.53905,41.40294],[20.4816,41.46827],[20.53467,41.58732],[20.55014,41.80006],[20.54079,41.84486],[20.56715,41.87318],[20.55216,42.07379],[20.47366,42.23712],[20.1527,42.4934],[20.06496,42.54676],[19.82906,42.46872],[19.74688,42.58893],[19.65804,42.63461],[19.28336,42.19805],[19.37,42.10651],[19.36508,41.85236],[19.52955,41.83571],[19.55641,41.58308],[19.51596,41.26046]]]}},{"type":"Feature","properties":{"id":"am","country_id":"AM","level":"country","countryCode":"am","countryName":"Armenia","nameZh":"Armenia","nameEn":"Armenia","source":"Natural Earth Admin 1 States/Provinces dissolved to countries + Footprint policy overrides","sourceVersion":"5.1.1","sourceYear":2022,"license":"Public Domain","boundaryPolicy":"de facto","mapCluster":"global-country","sourceSimplification":"2%","sourceMapshaperPackage":"mapshaper@0.7.47","sourceComponentCountryIds":["AM"],"sourceComponentRegionIds":["AM-AG","AM-AR","AM-AV","AM-ER","AM-GR","AM-KT","AM-LO","AM-SH","AM-SU","AM-TV","AM-VD"]},"geometry":{"type":"Polygon","coordinates":[[[43.69035,40.24044],[43.66543,40.11016],[44.38093,40.0098],[44.77456,39.7028],[44.95322,39.73597],[45.075,39.74982],[45.16792,39.56554],[45.26619,39.59292],[45.42394,39.49383],[45.70907,39.56842],[45.76437,39.35914],[45.90179,39.29412],[46.13587,38.8637],[46.51404,38.88218],[46.59914,39.22249],[46.47895,39.46183],[45.88319,39.79615],[45.80912,39.85124],[45.57758,39.98398],[45.8885,40.26196],[45.81915,40.29714],[45.37359,40.6513],[45.47834,40.74818],[45.44284,40.94838],[45.38195,41.01145],[45.0024,41.29045],[44.85382,41.22351],[43.97819,41.16462],[43.97776,41.16454],[43.44043,41.10659],[43.72935,40.6771],[43.62446,40.41114],[43.69035,40.24044]]]}},{"type":"Feature","properties":{"id":"ao","country_id":"AO","level":"country","countryCode":"ao","countryName":"Angola","nameZh":"Angola","nameEn":"Angola","source":"Natural Earth Admin 1 States/Provinces dissolved to countries + Footprint policy overrides","sourceVersion":"5.1.1","sourceYear":2022,"license":"Public Domain","boundaryPolicy":"de facto","mapCluster":"global-country","sourceSimplification":"2%","sourceMapshaperPackage":"mapshaper@0.7.47","sourceComponentCountryIds":["AO"],"sourceComponentRegionIds":["AO-BGO","AO-BGU","AO-BIE","AO-CAB","AO-CCU","AO-CNN","AO-CNO","AO-CUS","AO-HUA","AO-HUI","AO-LNO","AO-LSU","AO-LUA","AO-MAL","AO-MOX","AO-NAM","AO-UIG","AO-ZAI"]},"geometry":{"type":"MultiPolygon","coordinates":[[[[13.48909,-10.24926],[13.75294,-10.64617],[13.84653,-11.1137],[13.7926,-11.74874],[13.63982,-12.24871],[13.36402,-12.59271],[12.93946,-12.81666],[12.94483,-12.98235],[12.51271,-13.44207],[12.53336,-13.56704],[12.32879,-14.09222],[12.27272,-14.75058],[12.05641,-15.23309],[11.99204,-15.61728],[11.73662,-15.9002],[11.82195,-16.4791],[11.76612,-17.2527],[12.09526,-17.13968],[12.55456,-17.23559],[12.88715,-17.02981],[13.34595,-16.96871],[13.94275,-17.40819],[14.21911,-17.38814],[15.55911,-17.38855],[17.27897,-17.38893],[18.00048,-17.38912],[18.45358,-17.38989],[18.76199,-17.7477],[19.02057,-17.82232],[20.03426,-17.89591],[20.33615,-17.85488],[20.8062,-18.0314],[20.98645,-17.96577],[21.38115,-18.01259],[23.38165,-17.64114],[22.75585,-17.15487],[22.33365,-16.67366],[22.15165,-16.59769],[21.9838,-16.16589],[21.98035,-13.69482],[21.97988,-13.00148],[24.00063,-13.00148],[23.86565,-12.78971],[24.03081,-12.38508],[23.95991,-11.61717],[24.06109,-11.39496],[23.96746,-10.87231],[23.83372,-11.02847],[23.49482,-10.96429],[23.01434,-11.10247],[22.53757,-11.03715],[22.28177,-11.23673],[22.1655,-10.85236],[22.30857,-10.61252],[22.15992,-9.93149],[21.8541,-9.61781],[21.91315,-8.333],[21.7585,-8.01512],[21.82656,-7.6456],[21.78495,-7.28338],[20.52054,-7.28638],[20.61149,-6.91596],[19.96308,-7.00195],[19.52184,-7.00195],[19.35554,-8.00199],[18.1766,-7.9992],[17.53622,-8.0754],[17.09789,-7.37829],[16.73079,-6.56983],[16.72676,-6.18918],[16.59736,-5.9247],[16.10086,-5.85811],[14.75965,-5.88047],[13.18391,-5.85643],[12.27945,-6.1477],[12.8152,-6.94695],[12.84996,-7.26592],[13.09413,-7.79278],[13.3694,-8.3235],[13.371,-8.58156],[12.99635,-9.09385],[13.1434,-9.33025],[13.19858,-9.70867],[13.48909,-10.24926]]],[[[13.0737,-4.63532],[12.78266,-4.40007],[12.37762,-4.61941],[12.00961,-5.01963],[12.23219,-5.47959],[12.21054,-5.76344],[12.50898,-5.72626],[12.53069,-5.16268],[12.8332,-4.72266],[13.0737,-4.63532]]]]}},{"type":"Feature","properties":{"id":"aq","country_id":"AQ","level":"country","countryCode":"aq","countryName":"Antarctica","nameZh":"Antarctica","nameEn":"Antarctica","source":"Natural Earth Admin 1 States/Provinces dissolved to countries + Footprint policy overrides","sourceVersion":"5.1.1","sourceYear":2022,"license":"Public Domain","boundaryPolicy":"de facto","mapCluster":"global-country","sourceSimplification":"2%","sourceMapshaperPackage":"mapshaper@0.7.47","sourceComponentCountryIds":["AQ"],"sourceComponentRegionIds":["AQ-X01~"]},"geometry":{"type":"MultiPolygon","coordinates":[[[[-51.73062,-82.0626],[-53.22492,-82.1251],[-55.92724,-82.48309],[-59.46996,-83.46014],[-61.62483,-83.31219],[-62.79503,-82.51971],[-66.06241,-82.19541],[-65.17431,-81.5123],[-69.97582,-80.97601],[-70.43371,-80.65732],[-74.83829,-80.91937],[-76.63219,-79.93922],[-75.92463,-79.52028],[-76.53258,-79.31292],[-81.1057,-79.20338],[-83.25353,-78.77272],[-82.48705,-78.46575],[-80.29524,-78.84677],[-77.75402,-78.73577],[-77.41251,-78.41961],[-81.6162,-77.86207],[-80.76228,-77.78997],[-77.68541,-77.92986],[-75.21764,-78.14463],[-73.62731,-78.025],[-72.72228,-77.57562],[-75.08039,-77.43711],[-75.5266,-77.54119],[-77.52359,-76.72975],[-76.49926,-76.525],[-72.40624,-76.68939],[-70.33214,-76.67767],[-70.1809,-76.45062],[-68.10432,-76.14788],[-66.21862,-76.01084],[-63.16161,-75.40944],[-63.57311,-74.87135],[-60.68196,-74.3248],[-61.05541,-74.10312],[-60.79955,-73.57789],[-60.09358,-73.29925],[-61.36563,-72.466],[-60.66177,-72.25579],[-61.49722,-71.85491],[-60.93456,-71.18222],[-61.35424,-70.56113],[-62.38048,-70.414],[-62.00927,-70.07586],[-62.52965,-69.86395],[-62.39729,-69.51523],[-62.96251,-69.379],[-63.21231,-68.83864],[-64.35945,-68.78444],[-65.33853,-68.56341],[-65.48107,-68.30836],[-64.98908,-68.08913],[-65.67284,-67.88836],[-65.58873,-67.55438],[-64.74913,-67.30731],[-64.77379,-66.84564],[-63.93619,-66.7042],[-63.75577,-66.21461],[-62.22033,-66.17425],[-62.37243,-65.9157],[-61.73937,-65.08782],[-61.05175,-65.01092],[-60.23449,-64.52068],[-59.41763,-64.33082],[-58.07706,-63.66286],[-57.12678,-63.50351],[-57.10587,-63.24139],[-57.88028,-63.31471],[-58.89855,-63.54022],[-59.489,-63.87908],[-59.91088,-63.84791],[-60.87719,-64.04746],[-61.11319,-64.38144],[-61.58288,-64.44264],[-62.14184,-64.78484],[-62.51806,-64.73187],[-63.08361,-65.16611],[-63.82698,-65.03021],[-64.14513,-65.62396],[-64.68651,-66.03834],[-65.25976,-65.95745],[-65.64053,-66.21478],[-65.80036,-66.71575],[-67.54039,-67.13877],[-67.47216,-67.549],[-66.63207,-67.54355],[-67.26871,-67.96868],[-66.94587,-68.22283],[-67.01618,-68.78574],[-66.75914,-69.07122],[-68.36189,-69.68336],[-68.48375,-70.05267],[-67.94937,-70.31178],[-67.41112,-70.99285],[-67.62263,-71.43336],[-66.74795,-72.09205],[-67.5111,-72.83408],[-68.66735,-73.08815],[-70.29296,-73.29339],[-73.07311,-73.44443],[-74.10513,-73.71608],[-75.26814,-73.62119],[-76.27721,-73.8209],[-76.69872,-73.54754],[-78.74405,-73.36492],[-79.64745,-73.03867],[-81.31119,-73.27304],[-81.234,-73.73024],[-82.06477,-73.88698],[-85.54288,-73.37184],[-86.94652,-73.38356],[-87.50495,-73.2011],[-88.71402,-73.11981],[-88.10875,-72.84336],[-89.1105,-72.76434],[-89.2838,-73.10662],[-91.11486,-73.30071],[-91.95385,-73.1845],[-93.57164,-73.17523],[-94.3358,-73.32155],[-95.19376,-73.20908],[-96.47496,-73.29949],[-97.71744,-73.02532],[-100.76594,-72.97601],[-101.96032,-73.0556],[-102.09398,-72.77174],[-103.42992,-72.84938],[-102.87365,-73.3082],[-99.76806,-73.36419],[-99.86742,-73.73309],[-102.88976,-73.58554],[-102.92333,-73.85752],[-101.58922,-74.00018],[-101.3959,-74.5027],[-100.13073,-74.4734],[-100.08336,-74.84612],[-99.32396,-74.96258],[-99.43139,-75.3034],[-100.13744,-75.38445],[-101.5642,-75.14674],[-103.29597,-75.08538],[-106.44913,-75.31683],[-107.86608,-75.3235],[-109.69286,-75.14609],[-111.52684,-75.10801],[-110.29442,-74.78191],[-110.4486,-74.27125],[-111.88703,-74.22861],[-111.54263,-74.80153],[-113.96963,-74.88486],[-113.64928,-74.58799],[-114.21003,-73.86346],[-115.12487,-74.0949],[-114.83849,-74.47145],[-116.69347,-74.55788],[-118.12389,-74.31276],[-119.135,-74.59808],[-120.82934,-74.73984],[-124.05134,-74.81113],[-124.36563,-74.70696],[-126.93908,-74.67669],[-129.97509,-74.91326],[-132.79117,-74.76865],[-133.86555,-74.92832],[-135.3424,-74.56015],[-136.88488,-74.8283],[-136.87759,-75.03818],[-139.56664,-75.14804],[-141.23843,-75.59873],[-142.46703,-75.43174],[-144.30761,-75.64235],[-144.16039,-75.80397],[-146.20922,-75.91546],[-146.25072,-76.42376],[-148.19709,-76.08709],[-149.63976,-76.42995],[-147.0817,-76.43279],[-145.59252,-76.91676],[-145.40665,-77.47926],[-146.8898,-77.25579],[-148.6737,-77.6749],[-149.97496,-77.81618],[-151.5146,-77.41644],[-154.8944,-77.10369],[-156.32384,-77.06609],[-157.08308,-77.35125],[-158.14021,-77.42791],[-158.63707,-77.86452],[-157.19957,-78.2527],[-154.13659,-78.2483],[-154.73034,-78.45469],[-156.52827,-78.66367],[-154.9698,-79.03476],[-153.07934,-79.13942],[-150.44689,-79.55918],[-147.94567,-79.78655],[-148.8341,-80.13128],[-150.60912,-80.26971],[-147.628,-80.92018],[-156.45014,-81.1487],[-157.05671,-81.35133],[-153.79035,-81.69101],[-154.80403,-81.966],[-152.54292,-82.54811],[-155.05879,-82.80193],[-157.55529,-83.39023],[-162.16906,-83.52467],[-165.08629,-83.20208],[-170.71947,-83.19695],[-168.05358,-83.75368],[-165.42073,-83.76678],[-163.70283,-84.0499],[-165.40974,-84.36452],[-163.86286,-84.5499],[-155.64265,-84.82781],[-156.93883,-85.00701],[-168.01863,-84.78102],[-168.25471,-84.64821],[-180,-84.3528],[-180,-84.51524],[-180,-85.01385],[-180,-85.51247],[-180,-86.01108],[-180,-86.5097],[-180,-87.00831],[-180,-87.50693],[-180,-88.00554],[-180,-88.50416],[-180,-89.00277],[-180,-89.50139],[-180,-90],[-179.50069,-90],[-179.00139,-90],[-178.50208,-90],[-178.00277,-90],[-177.50347,-90],[-177.00416,-90],[-176.50485,-90],[-176.00555,-90],[-175.50624,-90],[-175.00693,-90],[-174.50763,-90],[-174.00832,-90],[-173.50902,-90],[-173.00971,-90],[-172.5104,-90],[-172.0111,-90],[-171.51179,-90],[-171.01248,-90],[-170.51318,-90],[-170.01387,-90],[-169.51456,-90],[-169.01526,-90],[-168.51595,-90],[-168.01664,-90],[-167.51734,-90],[-167.01803,-90],[-166.51872,-90],[-166.01942,-90],[-165.52011,-90],[-165.0208,-90],[-164.5215,-90],[-164.02219,-90],[-163.52288,-90],[-163.02358,-90],[-162.52427,-90],[-162.02497,-90],[-161.52566,-90],[-161.02635,-90],[-160.52705,-90],[-160.02774,-90],[-159.52843,-90],[-159.02913,-90],[-158.52982,-90],[-158.03051,-90],[-157.53121,-90],[-157.0319,-90],[-156.53259,-90],[-156.03329,-90],[-155.53398,-90],[-155.03467,-90],[-154.53537,-90],[-154.03606,-90],[-153.53675,-90],[-153.03745,-90],[-152.53814,-90],[-152.03883,-90],[-151.53953,-90],[-151.04022,-90],[-150.54092,-90],[-150.04161,-90],[-149.5423,-90],[-149.043,-90],[-148.54369,-90],[-148.04438,-90],[-147.54508,-90],[-147.04577,-90],[-146.54646,-90],[-146.04716,-90],[-145.54785,-90],[-145.04854,-90],[-144.54924,-90],[-144.04993,-90],[-143.55062,-90],[-143.05132,-90],[-142.55201,-90],[-142.0527,-90],[-141.5534,-90],[-141.05409,-90],[-140.55479,-90],[-140.05548,-90],[-139.55617,-90],[-139.05687,-90],[-138.55756,-90],[-138.05825,-90],[-137.55895,-90],[-137.05964,-90],[-136.56033,-90],[-136.06103,-90],[-135.56172,-90],[-135.06241,-90],[-134.56311,-90],[-134.0638,-90],[-133.56449,-90],[-133.06519,-90],[-132.56588,-90],[-132.06657,-90],[-131.56727,-90],[-131.06796,-90],[-130.56865,-90],[-130.06935,-90],[-129.57004,-90],[-129.07074,-90],[-128.57143,-90],[-128.07212,-90],[-127.57282,-90],[-127.07351,-90],[-126.5742,-90],[-126.0749,-90],[-125.57559,-90],[-125.07628,-90],[-124.57698,-90],[-124.07767,-90],[-123.57836,-90],[-123.07906,-90],[-122.57975,-90],[-122.08044,-90],[-121.58114,-90],[-121.08183,-90],[-120.58252,-90],[-120.08322,-90],[-119.58391,-90],[-119.0846,-90],[-118.5853,-90],[-118.08599,-90],[-117.58669,-90],[-117.08738,-90],[-116.58807,-90],[-116.08877,-90],[-115.58946,-90],[-115.09015,-90],[-114.59085,-90],[-114.09154,-90],[-113.59223,-90],[-113.09293,-90],[-112.59362,-90],[-112.09431,-90],[-111.59501,-90],[-111.0957,-90],[-110.59639,-90],[-110.09709,-90],[-109.59778,-90],[-109.09847,-90],[-108.59917,-90],[-108.09986,-90],[-107.60055,-90],[-107.10125,-90],[-106.60194,-90],[-106.10264,-90],[-105.60333,-90],[-105.10402,-90],[-104.60472,-90],[-104.10541,-90],[-103.6061,-90],[-103.1068,-90],[-102.60749,-90],[-102.10818,-90],[-101.60888,-90],[-101.10957,-90],[-100.61026,-90],[-100.11096,-90],[-99.61165,-90],[-99.11234,-90],[-98.61304,-90],[-98.11373,-90],[-97.61442,-90],[-97.11512,-90],[-96.61581,-90],[-96.1165,-90],[-95.6172,-90],[-95.11789,-90],[-94.61859,-90],[-94.11928,-90],[-93.61997,-90],[-93.12067,-90],[-92.62136,-90],[-92.12205,-90],[-91.62275,-90],[-91.12344,-90],[-90.62413,-90],[-90.12483,-90],[-89.62552,-90],[-89.12621,-90],[-88.62691,-90],[-88.1276,-90],[-87.62829,-90],[-87.12899,-90],[-86.62968,-90],[-86.13037,-90],[-85.63107,-90],[-85.13176,-90],[-84.63245,-90],[-84.13315,-90],[-83.63384,-90],[-83.13454,-90],[-82.63523,-90],[-82.13592,-90],[-81.63662,-90],[-81.13731,-90],[-80.638,-90],[-80.1387,-90],[-79.63939,-90],[-79.14008,-90],[-78.64078,-90],[-78.14147,-90],[-77.64216,-90],[-77.14286,-90],[-76.64355,-90],[-76.14424,-90],[-75.64494,-90],[-75.14563,-90],[-74.64632,-90],[-74.14702,-90],[-73.64771,-90],[-73.1484,-90],[-72.6491,-90],[-72.14979,-90],[-71.65049,-90],[-71.15118,-90],[-70.65187,-90],[-70.15257,-90],[-69.65326,-90],[-69.15395,-90],[-68.65465,-90],[-68.15534,-90],[-67.65603,-90],[-67.15673,-90],[-66.65742,-90],[-66.15811,-90],[-65.65881,-90],[-65.1595,-90],[-64.66019,-90],[-64.16089,-90],[-63.66158,-90],[-63.16227,-90],[-62.66297,-90],[-62.16366,-90],[-61.66436,-90],[-61.16505,-90],[-60.66574,-90],[-60.16644,-90],[-59.66713,-90],[-59.16782,-90],[-58.66852,-90],[-58.16921,-90],[-57.6699,-90],[-57.1706,-90],[-56.67129,-90],[-56.17198,-90],[-55.67268,-90],[-55.17337,-90],[-54.67406,-90],[-54.17476,-90],[-53.67545,-90],[-53.17614,-90],[-52.67684,-90],[-52.17753,-90],[-51.67822,-90],[-51.17892,-90],[-50.67961,-90],[-50.18031,-90],[-49.681,-90],[-49.18169,-90],[-48.68239,-90],[-48.18308,-90],[-47.68377,-90],[-47.18447,-90],[-46.68516,-90],[-46.18585,-90],[-45.68655,-90],[-45.18724,-90],[-44.68793,-90],[-44.18863,-90],[-43.68932,-90],[-43.19001,-90],[-42.69071,-90],[-42.1914,-90],[-41.69209,-90],[-41.19279,-90],[-40.69348,-90],[-40.19417,-90],[-39.69487,-90],[-39.19556,-90],[-38.69626,-90],[-38.19695,-90],[-37.69764,-90],[-37.19834,-90],[-36.69903,-90],[-36.19972,-90],[-35.70042,-90],[-35.20111,-90],[-34.7018,-90],[-34.2025,-90],[-33.70319,-90],[-33.20388,-90],[-32.70458,-90],[-32.20527,-90],[-31.70596,-90],[-31.20666,-90],[-30.70735,-90],[-30.20804,-90],[-29.70874,-90],[-29.20943,-90],[-28.71012,-90],[-28.21082,-90],[-27.71151,-90],[-27.21221,-90],[-26.7129,-90],[-26.21359,-90],[-25.71429,-90],[-25.21498,-90],[-24.71567,-90],[-24.21637,-90],[-23.71706,-90],[-23.21775,-90],[-22.71845,-90],[-22.21914,-90],[-21.71983,-90],[-21.22053,-90],[-20.72122,-90],[-20.22191,-90],[-19.72261,-90],[-19.2233,-90],[-18.72399,-90],[-18.22469,-90],[-17.72538,-90],[-17.22607,-90],[-16.72677,-90],[-16.22746,-90],[-15.72816,-90],[-15.22885,-90],[-14.72954,-90],[-14.23024,-90],[-13.73093,-90],[-13.23162,-90],[-12.73232,-90],[-12.23301,-90],[-11.7337,-90],[-11.2344,-90],[-10.73509,-90],[-10.23578,-90],[-9.73648,-90],[-9.23717,-90],[-8.73786,-90],[-8.23856,-90],[-7.73925,-90],[-7.23994,-90],[-6.74064,-90],[-6.24133,-90],[-5.74202,-90],[-5.24272,-90],[-4.74341,-90],[-4.24411,-90],[-3.7448,-90],[-3.24549,-90],[-2.74619,-90],[-2.24688,-90],[-1.74757,-90],[-1.24827,-90],[-0.74896,-90],[-0.24965,-90],[0.24965,-90],[0.74896,-90],[1.24827,-90],[1.74757,-90],[2.24688,-90],[2.74619,-90],[3.24549,-90],[3.7448,-90],[4.24411,-90],[4.74341,-90],[5.24272,-90],[5.74202,-90],[6.24133,-90],[6.74064,-90],[7.23994,-90],[7.73925,-90],[8.23856,-90],[8.73786,-90],[9.23717,-90],[9.73648,-90],[10.23578,-90],[10.73509,-90],[11.2344,-90],[11.7337,-90],[12.23301,-90],[12.73232,-90],[13.23162,-90],[13.73093,-90],[14.23024,-90],[14.72954,-90],[15.22885,-90],[15.72816,-90],[16.22746,-90],[16.72677,-90],[17.22607,-90],[17.72538,-90],[18.22469,-90],[18.72399,-90],[19.2233,-90],[19.72261,-90],[20.22191,-90],[20.72122,-90],[21.22053,-90],[21.71983,-90],[22.21914,-90],[22.71845,-90],[23.21775,-90],[23.71706,-90],[24.21637,-90],[24.71567,-90],[25.21498,-90],[25.71429,-90],[26.21359,-90],[26.7129,-90],[27.21221,-90],[27.71151,-90],[28.21082,-90],[28.71012,-90],[29.20943,-90],[29.70874,-90],[30.20804,-90],[30.70735,-90],[31.20666,-90],[31.70596,-90],[32.20527,-90],[32.70458,-90],[33.20388,-90],[33.70319,-90],[34.2025,-90],[34.7018,-90],[35.20111,-90],[35.70042,-90],[36.19972,-90],[36.69903,-90],[37.19834,-90],[37.69764,-90],[38.19695,-90],[38.69626,-90],[39.19556,-90],[39.69487,-90],[40.19417,-90],[40.69348,-90],[41.19279,-90],[41.69209,-90],[42.1914,-90],[42.69071,-90],[43.19001,-90],[43.68932,-90],[44.18863,-90],[44.68793,-90],[45.18724,-90],[45.68655,-90],[46.18585,-90],[46.68516,-90],[47.18447,-90],[47.68377,-90],[48.18308,-90],[48.68239,-90],[49.18169,-90],[49.681,-90],[50.18031,-90],[50.67961,-90],[51.17892,-90],[51.67822,-90],[52.17753,-90],[52.67684,-90],[53.17614,-90],[53.67545,-90],[54.17476,-90],[54.67406,-90],[55.17337,-90],[55.67268,-90],[56.17198,-90],[56.67129,-90],[57.1706,-90],[57.6699,-90],[58.16921,-90],[58.66852,-90],[59.16782,-90],[59.66713,-90],[60.16644,-90],[60.66574,-90],[61.16505,-90],[61.66436,-90],[62.16366,-90],[62.66297,-90],[63.16227,-90],[63.66158,-90],[64.16089,-90],[64.66019,-90],[65.1595,-90],[65.65881,-90],[66.15811,-90],[66.65742,-90],[67.15673,-90],[67.65603,-90],[68.15534,-90],[68.65465,-90],[69.15395,-90],[69.65326,-90],[70.15257,-90],[70.65187,-90],[71.15118,-90],[71.65049,-90],[72.14979,-90],[72.6491,-90],[73.1484,-90],[73.64771,-90],[74.14702,-90],[74.64632,-90],[75.14563,-90],[75.64494,-90],[76.14424,-90],[76.64355,-90],[77.14286,-90],[77.64216,-90],[78.14147,-90],[78.64078,-90],[79.14008,-90],[79.63939,-90],[80.1387,-90],[80.638,-90],[81.13731,-90],[81.63662,-90],[82.13592,-90],[82.63523,-90],[83.13454,-90],[83.63384,-90],[84.13315,-90],[84.63245,-90],[85.13176,-90],[85.63107,-90],[86.13037,-90],[86.62968,-90],[87.12899,-90],[87.62829,-90],[88.1276,-90],[88.62691,-90],[89.12621,-90],[89.62552,-90],[90.12483,-90],[90.62413,-90],[91.12344,-90],[91.62275,-90],[92.12205,-90],[92.62136,-90],[93.12067,-90],[93.61997,-90],[94.11928,-90],[94.61859,-90],[95.11789,-90],[95.6172,-90],[96.1165,-90],[96.61581,-90],[97.11512,-90],[97.61442,-90],[98.11373,-90],[98.61304,-90],[99.11234,-90],[99.61165,-90],[100.11096,-90],[100.61026,-90],[101.10957,-90],[101.60888,-90],[102.10818,-90],[102.60749,-90],[103.1068,-90],[103.6061,-90],[104.10541,-90],[104.60472,-90],[105.10402,-90],[105.60333,-90],[106.10264,-90],[106.60194,-90],[107.10125,-90],[107.60055,-90],[108.09986,-90],[108.59917,-90],[109.09847,-90],[109.59778,-90],[110.09709,-90],[110.59639,-90],[111.0957,-90],[111.59501,-90],[112.09431,-90],[112.59362,-90],[113.09293,-90],[113.59223,-90],[114.09154,-90],[114.59085,-90],[115.09015,-90],[115.58946,-90],[116.08877,-90],[116.58807,-90],[117.08738,-90],[117.58669,-90],[118.08599,-90],[118.5853,-90],[119.0846,-90],[119.58391,-90],[120.08322,-90],[120.58252,-90],[121.08183,-90],[121.58114,-90],[122.08044,-90],[122.57975,-90],[123.07906,-90],[123.57836,-90],[124.07767,-90],[124.57698,-90],[125.07628,-90],[125.57559,-90],[126.0749,-90],[126.5742,-90],[127.07351,-90],[127.57282,-90],[128.07212,-90],[128.57143,-90],[129.07074,-90],[129.57004,-90],[130.06935,-90],[130.56865,-90],[131.06796,-90],[131.56727,-90],[132.06657,-90],[132.56588,-90],[133.06519,-90],[133.56449,-90],[134.0638,-90],[134.56311,-90],[135.06241,-90],[135.56172,-90],[136.06103,-90],[136.56033,-90],[137.05964,-90],[137.55895,-90],[138.05825,-90],[138.55756,-90],[139.05687,-90],[139.55617,-90],[140.05548,-90],[140.55479,-90],[141.05409,-90],[141.5534,-90],[142.0527,-90],[142.55201,-90],[143.05132,-90],[143.55062,-90],[144.04993,-90],[144.54924,-90],[145.04854,-90],[145.54785,-90],[146.04716,-90],[146.54646,-90],[147.04577,-90],[147.54508,-90],[148.04438,-90],[148.54369,-90],[149.043,-90],[149.5423,-90],[150.04161,-90],[150.54092,-90],[151.04022,-90],[151.53953,-90],[152.03883,-90],[152.53814,-90],[153.03745,-90],[153.53675,-90],[154.03606,-90],[154.53537,-90],[155.03467,-90],[155.53398,-90],[156.03329,-90],[156.53259,-90],[157.0319,-90],[157.53121,-90],[158.03051,-90],[158.52982,-90],[159.02913,-90],[159.52843,-90],[160.02774,-90],[160.52705,-90],[161.02635,-90],[161.52566,-90],[162.02497,-90],[162.52427,-90],[163.02358,-90],[163.52288,-90],[164.02219,-90],[164.5215,-90],[165.0208,-90],[165.52011,-90],[166.01942,-90],[166.51872,-90],[167.01803,-90],[167.51734,-90],[168.01664,-90],[168.51595,-90],[169.01526,-90],[169.51456,-90],[170.01387,-90],[170.51318,-90],[171.01248,-90],[171.51179,-90],[172.0111,-90],[172.5104,-90],[173.00971,-90],[173.50902,-90],[174.00832,-90],[174.50763,-90],[175.00693,-90],[175.50624,-90],[176.00555,-90],[176.50485,-90],[177.00416,-90],[177.50347,-90],[178.00277,-90],[178.50208,-90],[179.00139,-90],[179.50069,-90],[180,-90],[180,-89.50139],[180,-89.00277],[180,-88.50416],[180,-88.00554],[180,-87.50693],[180,-87.00831],[180,-86.5097],[180,-86.01108],[180,-85.51247],[180,-85.01385],[180,-84.51524],[180,-84.35338],[180,-84.3528],[173.96217,-83.88177],[171.19313,-83.44557],[167.74879,-83.25514],[167.30649,-82.81707],[161.01149,-81.54876],[161.20094,-80.64821],[160.75172,-80.38006],[158.7824,-80.25897],[160.85092,-79.95745],[160.38697,-79.16815],[162.06544,-79.06862],[162.12574,-78.75986],[166.08961,-78.56683],[165.68523,-78.26084],[164.20786,-78.22576],[164.50074,-77.85394],[163.9065,-77.69638],[163.06951,-77.01873],[162.73609,-76.07391],[162.90008,-75.82293],[162.19109,-75.38779],[162.78614,-74.99],[162.59148,-74.75018],[165.2881,-74.46526],[164.59148,-73.92669],[167.03297,-73.56609],[167.1714,-73.15301],[169.2199,-73.1325],[170.25538,-72.60296],[170.01637,-72.17083],[170.81373,-71.6998],[169.79151,-71.51946],[167.87794,-71.01434],[167.41619,-70.75905],[166.47071,-70.76629],[165.31227,-70.56032],[164.24041,-70.49114],[163.42213,-70.65358],[162.59523,-70.26914],[162.09441,-70.31414],[161.99008,-70.92254],[161.41627,-70.90447],[161.18678,-70.41204],[159.75359,-69.50189],[157.9922,-69.17213],[156.35011,-69.20192],[155.88803,-68.9826],[155.01108,-68.89886],[154.71852,-68.52825],[153.83595,-68.27361],[153.84498,-68.76043],[153.25066,-68.87819],[152.40309,-68.69866],[150.97071,-68.71722],[151.09425,-68.407],[149.39031,-68.38437],[148.43539,-68.47332],[146.71803,-68.3034],[147.0713,-68.11745],[146.38543,-67.91522],[146.04811,-67.5866],[145.23813,-67.52825],[144.94207,-67.71893],[143.88071,-67.93385],[144.66236,-67.11663],[143.47071,-66.84564],[142.47706,-67.02597],[141.9817,-66.79998],[140.08155,-66.73317],[137.73194,-66.3742],[136.15952,-66.24538],[134.73927,-66.36728],[133.79233,-66.1054],[133.12037,-66.09677],[131.75782,-66.24334],[130.72999,-66.14715],[130.10271,-66.27679],[129.53256,-66.61443],[129.20265,-67.10036],[128.52052,-67.14577],[126.99871,-66.93279],[126.71892,-66.59287],[125.8978,-66.30625],[125.14812,-66.6596],[124.26051,-66.59498],[122.2444,-66.84498],[121.51531,-67.09295],[119.02223,-67.4118],[118.36793,-67.04648],[115.3379,-67.2195],[114.0315,-67.47845],[114.03012,-67.19069],[115.16017,-67.05397],[115.78077,-66.78826],[115.59897,-66.59287],[114.67465,-66.47877],[114.40675,-66.23594],[113.20362,-65.76539],[110.92709,-66.05462],[110.48902,-66.30877],[110.44516,-66.6583],[109.84783,-66.85442],[108.83277,-66.96803],[108.13575,-66.62477],[103.90821,-65.97877],[102.71372,-65.86126],[101.33644,-65.94402],[100.82154,-66.38454],[99.92319,-66.49969],[98.90504,-66.7833],[98.5276,-66.44899],[97.47169,-66.63128],[97.2352,-66.50799],[95.63697,-66.67913],[94.91717,-66.47536],[93.99708,-66.73138],[93.62355,-66.58261],[92.76026,-66.63388],[91.96013,-66.49822],[91.14519,-66.57383],[90.37233,-66.82073],[87.96567,-66.77028],[86.69679,-67.0639],[85.61647,-67.18816],[84.96217,-67.0761],[83.72413,-67.31365],[83.21534,-67.57903],[82.05942,-67.67181],[79.13136,-68.14772],[77.98561,-68.82008],[77.84164,-69.13006],[75.82049,-69.52508],[75.88331,-69.7789],[74.27459,-69.9074],[73.47299,-69.78094],[72.62745,-70.19459],[72.86964,-70.43336],[71.79623,-70.7164],[71.20248,-71.33506],[71.1211,-71.73056],[69.94646,-72.08074],[69.51515,-72.4319],[68.49431,-72.47487],[67.91863,-72.7112],[67.95916,-73.14658],[67.34197,-73.30234],[66.38543,-73.20184],[66.99977,-72.9035],[67.44907,-71.89593],[67.83253,-71.53851],[68.66969,-71.20371],[69.24838,-70.40691],[68.07667,-70.45355],[67.46746,-70.20827],[68.27084,-69.83473],[69.15528,-69.87566],[69.70558,-69.32733],[69.28126,-68.83131],[70.11541,-68.49358],[69.63478,-68.12217],[69.68295,-67.86443],[68.37672,-67.8952],[64.72096,-67.65309],[63.65089,-67.50335],[62.61736,-67.66009],[60.61891,-67.40057],[59.2649,-67.48431],[58.87062,-67.16513],[57.27752,-67.08489],[56.60125,-66.94345],[56.37721,-66.45281],[55.61158,-66.02793],[53.73455,-65.84588],[51.77215,-66.0372],[50.53736,-66.30389],[50.19142,-66.58652],[50.58595,-67.2164],[49.32797,-66.88348],[48.58806,-66.93727],[48.44874,-67.18174],[48.71827,-67.6819],[47.2649,-67.65065],[46.89243,-67.26458],[46.28077,-67.33424],[46.21697,-67.65301],[44.71713,-67.78362],[42.85939,-68.10377],[40.88885,-68.70941],[39.85792,-68.82952],[39.71306,-69.58685],[38.80356,-69.98773],[37.54005,-69.68475],[36.75099,-69.63747],[35.24399,-69.73561],[35.19988,-69.29412],[34.58725,-69.06683],[33.77125,-69.05348],[34.2142,-68.67791],[33.21599,-68.66961],[32.49887,-68.93092],[32.92791,-69.34368],[32.85108,-69.94549],[31.28045,-70.23707],[29.84116,-70.31129],[28.45167,-70.69402],[27.62843,-70.74131],[26.44565,-71.0324],[24.96803,-70.94549],[23.75245,-70.4026],[23.32301,-70.80975],[21.80161,-70.23594],[21.20851,-70.57643],[21.20118,-70.81219],[19.28924,-70.91432],[18.93092,-70.73602],[19.29664,-70.3681],[18.31617,-70.3244],[18.09376,-70.54241],[16.59816,-70.3742],[13.01832,-70.24179],[12.32203,-70.37029],[11.85353,-70.78151],[9.16782,-70.30804],[8.44313,-70.48235],[5.58774,-70.64918],[2.5197,-70.90057],[0.23219,-71.34987],[-2.13126,-71.4826],[-5.19384,-71.33082],[-6.14977,-71.36631],[-5.67528,-70.73268],[-6.61828,-70.924],[-7.85578,-70.82586],[-7.5642,-71.15057],[-7.59659,-71.59401],[-8.61413,-71.69988],[-9.10505,-71.18532],[-9.93952,-71.06243],[-11.07209,-71.549],[-10.94909,-71.74285],[-11.35656,-72.39642],[-12.45604,-72.55967],[-13.18126,-72.80389],[-14.22265,-72.8283],[-14.09748,-73.13299],[-15.54141,-73.07684],[-16.60285,-73.63356],[-15.68627,-73.9485],[-14.36181,-73.85768],[-15.75308,-74.43043],[-17.45629,-74.33717],[-17.80215,-74.77654],[-19.24047,-75.54844],[-20.39948,-75.4721],[-21.17394,-75.70501],[-22.30187,-75.64463],[-25.94815,-75.93304],[-26.98518,-76.16969],[-28.85912,-76.35329],[-30.69213,-76.84979],[-33.7211,-77.31097],[-35.31286,-77.84441],[-36.44115,-78.61126],[-36.25133,-78.85166],[-32.82018,-79.24391],[-30.6112,-79.07497],[-29.54137,-79.28004],[-30.67325,-79.58807],[-24.72985,-79.782],[-24.25414,-80.07594],[-29.76081,-80.17555],[-33.47619,-80.61541],[-35.21496,-80.69541],[-36.03319,-80.92067],[-38.75536,-80.87103],[-41.76382,-81.41041],[-43.1903,-81.89967],[-44.0111,-82.39121],[-45.52042,-82.52663],[-46.2792,-81.90976],[-48.38036,-81.89031],[-51.73062,-82.0626]]],[[[-52.51879,-80.20013],[-53.45763,-80.1609],[-54.16161,-80.87713],[-49.798,-80.79095],[-49.71923,-80.68564],[-43.53156,-80.19997],[-42.97155,-79.42995],[-43.96312,-78.60329],[-43.81884,-78.2483],[-45.93407,-77.81707],[-47.22252,-77.77264],[-49.07234,-78.04217],[-50.20409,-78.59303],[-50.71312,-79.28167],[-50.26366,-79.53574],[-52.51879,-80.20013]]],[[[-71.46007,-72.62916],[-70.52383,-72.66758],[-69.21817,-72.5429],[-68.41413,-72.21966],[-68.16124,-71.60638],[-68.29918,-70.86907],[-69.28478,-69.92311],[-69.31713,-69.62591],[-70.07722,-69.29111],[-70.40209,-68.7868],[-72.01268,-68.9555],[-72.14208,-69.23235],[-71.61587,-69.45485],[-71.91222,-69.96592],[-70.99861,-70.46575],[-71.0255,-70.96217],[-71.69005,-71.15887],[-72.89586,-71.2304],[-74.42276,-71.42832],[-75.40372,-71.67083],[-75.35603,-71.9236],[-74.00475,-72.17352],[-72.33894,-71.61346],[-71.83056,-71.80283],[-70.71972,-71.90569],[-70.70971,-72.39642],[-72.67675,-72.27125],[-73.10924,-72.4734],[-72.40827,-72.67449],[-71.46007,-72.62916]]],[[[-59.28677,-80.20965],[-59.82063,-79.76922],[-61.46605,-79.88161],[-61.75036,-80.36834],[-66.70092,-80.41237],[-64.28478,-80.75115],[-60.65266,-80.96038],[-59.819,-80.74489],[-59.28677,-80.20965]]],[[[-66.73436,-78.44183],[-66.99291,-78.30674],[-70.59276,-78.88592],[-71.81566,-79.47918],[-70.34179,-79.69687],[-68.94644,-79.09726],[-66.73436,-78.44183]]],[[[-159.84215,-79.34857],[-162.35322,-78.75262],[-164.14806,-78.99212],[-163.93663,-79.41172],[-160.71288,-79.85459],[-158.97484,-79.72234],[-159.84215,-79.34857]]],[[[-95.49922,-72.31561],[-96.36046,-71.83506],[-97.04821,-71.8764],[-97.30565,-72.17685],[-98.22863,-72.04502],[-98.82811,-71.76051],[-99.7495,-72.0403],[-100.43737,-71.87933],[-102.08703,-71.97389],[-102.29223,-72.12672],[-100.20531,-72.27125],[-98.58015,-72.57285],[-96.05476,-72.58367],[-95.49922,-72.31561]]],[[[-127.47317,-73.54957],[-124.78425,-74.22601],[-123.78303,-74.10963],[-125.59927,-73.42938],[-126.52717,-73.26832],[-127.47317,-73.54957]]],[[[-120.26122,-73.92783],[-120.68643,-73.76727],[-123.06558,-73.67539],[-122.73107,-73.99774],[-123.02819,-74.2483],[-122.24348,-74.41326],[-121.09903,-74.34808],[-120.26122,-73.92783]]],[[[-74.84679,-72.86663],[-76.12613,-73.15879],[-75.87458,-73.34661],[-74.59313,-73.61452],[-74.21858,-72.99082],[-74.84679,-72.86663]]],[[[-74.91267,-71.02337],[-73.61889,-70.775],[-73.8839,-70.57057],[-74.82087,-70.60703],[-76.109,-70.83766],[-76.13044,-71.13787],[-74.91267,-71.02337]]],[[[-69.10928,-67.62615],[-68.13903,-67.57147],[-67.67683,-67.14804],[-68.37784,-66.82073],[-69.1549,-67.47568],[-69.10928,-67.62615]]],[[[-160.57112,-81.59889],[-162.98388,-81.27028],[-163.72851,-81.48162],[-160.57112,-81.59889]]],[[[169.27345,-77.45452],[166.65447,-77.36256],[166.38868,-77.61338],[168.40089,-77.69622],[169.27345,-77.45452]]],[[[-57.51334,-64.341],[-57.15538,-64.08514],[-57.8072,-63.81813],[-58.25768,-63.90683],[-58.19347,-64.38104],[-57.51334,-64.341]]],[[[-62.90644,-64.52117],[-63.57494,-64.26523],[-64.02916,-64.77451],[-63.3358,-64.75897],[-62.90644,-64.52117]]],[[[-75.48351,-70.13372],[-74.40713,-69.93768],[-74.9628,-69.71689],[-75.7788,-69.92327],[-75.48351,-70.13372]]]]}},{"type":"Feature","properties":{"id":"ar","country_id":"AR","level":"country","countryCode":"ar","countryName":"Argentina","nameZh":"Argentina","nameEn":"Argentina","source":"Natural Earth Admin 1 States/Provinces dissolved to countries + Footprint policy overrides","sourceVersion":"5.1.1","sourceYear":2022,"license":"Public Domain","boundaryPolicy":"de facto","mapCluster":"global-country","sourceSimplification":"2%","sourceMapshaperPackage":"mapshaper@0.7.47","sourceComponentCountryIds":["AR"],"sourceComponentRegionIds":["AR-A","AR-B","AR-C","AR-D","AR-E","AR-F","AR-G","AR-H","AR-J","AR-K","AR-L","AR-M","AR-N","AR-P","AR-Q","AR-R","AR-S","AR-T","AR-U","AR-V","AR-W","AR-X","AR-Y","AR-Z"]},"geometry":{"type":"MultiPolygon","coordinates":[[[[-68.49647,-25.16],[-68.55423,-25.29119],[-68.60596,-25.437],[-68.41988,-26.17928],[-68.57015,-26.55063],[-68.33048,-27.04496],[-68.80109,-27.11276],[-69.13406,-27.77234],[-69.65405,-28.40099],[-69.80393,-29.09869],[-70.04262,-29.36306],[-69.92935,-29.71788],[-69.90281,-30.31267],[-70.2171,-30.51514],[-70.33978,-31.04172],[-70.59137,-31.5496],[-70.33082,-32.20959],[-70.25612,-32.31428],[-70.1061,-33.05259],[-69.78767,-33.37941],[-69.89537,-33.66229],[-69.83276,-34.24323],[-70.04818,-34.28346],[-70.37245,-35.02739],[-70.5429,-35.20927],[-70.40823,-35.5062],[-70.43075,-36.1294],[-70.71865,-36.41457],[-71.02782,-36.48117],[-71.19516,-36.83915],[-71.08912,-37.10342],[-71.18503,-37.70607],[-71.01614,-38.1437],[-70.87383,-38.69144],[-71.41577,-38.93535],[-71.46165,-39.43382],[-71.6411,-39.6],[-71.62485,-39.93105],[-71.82375,-40.2101],[-71.8606,-40.55944],[-71.8674,-41.01024],[-71.92597,-41.62294],[-71.76926,-41.99961],[-72.12471,-42.26331],[-72.14854,-42.99872],[-71.74298,-43.19013],[-71.93734,-43.45688],[-71.74526,-44.045],[-71.82205,-44.40318],[-71.12266,-44.5303],[-71.58873,-44.97813],[-71.31153,-45.29946],[-71.79853,-45.73995],[-71.64916,-45.99941],[-71.77016,-46.11264],[-71.68717,-46.69007],[-71.93413,-46.79952],[-72.00984,-47.19815],[-72.54391,-47.9148],[-72.32563,-48.28553],[-72.57678,-48.45213],[-72.59233,-48.79113],[-73.00972,-48.99039],[-73.17045,-49.25087],[-73.09825,-49.27275],[-73.05974,-49.55497],[-73.4651,-49.75996],[-73.53057,-50.14081],[-73.32294,-50.26835],[-73.09608,-50.77065],[-72.77842,-50.61965],[-72.30284,-50.6489],[-72.38222,-51.1606],[-72.28114,-51.70149],[-71.9177,-51.99006],[-69.95275,-52.00742],[-68.44861,-52.34662],[-68.93593,-51.64552],[-69.16778,-50.97822],[-68.87643,-50.33057],[-68.07635,-50.08727],[-67.73201,-49.7813],[-67.55655,-49.01582],[-67.11435,-48.67375],[-66.46849,-48.40028],[-65.84707,-47.94442],[-65.7449,-47.20416],[-66.78645,-47.00661],[-67.42322,-46.56742],[-67.58166,-46.00003],[-67.33192,-45.61349],[-66.86892,-45.2356],[-66.524,-45.2161],[-66.20037,-44.99292],[-65.60264,-45.02769],[-65.68554,-44.71253],[-65.21688,-44.36641],[-65.33406,-43.67262],[-64.51305,-42.93629],[-64.99714,-42.78484],[-64.61486,-42.51531],[-64.32262,-42.54241],[-64.1079,-42.88372],[-63.62027,-42.75123],[-63.59048,-42.34124],[-63.80996,-42.07017],[-64.56627,-42.43597],[-65.0546,-42.01067],[-64.99328,-41.55299],[-65.17512,-41.01019],[-64.94652,-40.71136],[-63.77941,-41.15879],[-63.09952,-41.15488],[-62.80163,-41.04168],[-62.3378,-40.87274],[-62.25064,-40.62225],[-62.4842,-40.28753],[-62.05578,-39.45192],[-62.35782,-39.10223],[-62.02672,-38.9376],[-61.51806,-39.01149],[-60.86571,-38.97568],[-59.06322,-38.69378],[-58.15567,-38.43011],[-57.59358,-38.15276],[-57.51187,-37.87233],[-57.0559,-37.41269],[-56.66487,-36.85101],[-56.69762,-36.39617],[-57.24804,-36.17034],[-57.35263,-35.72752],[-57.14491,-35.4842],[-57.52203,-35.01315],[-58.31503,-34.65719],[-58.47419,-34.52158],[-58.44697,-34.00694],[-58.54939,-33.68304],[-58.38317,-33.07545],[-58.1468,-33.04998],[-58.20012,-32.4472],[-58.16862,-31.84601],[-58.03898,-31.50864],[-57.7994,-30.79146],[-57.80866,-30.74733],[-57.84962,-30.48527],[-57.64247,-30.19309],[-57.6117,-30.18296],[-57.32515,-29.98101],[-56.41575,-29.05135],[-55.62304,-28.14435],[-55.02581,-27.84016],[-54.82753,-27.54509],[-53.84201,-27.16351],[-53.7107,-26.87381],[-53.66155,-26.25979],[-53.90996,-25.62924],[-54.2148,-25.53146],[-54.6002,-25.57494],[-54.66497,-26.23886],[-54.97527,-26.78782],[-55.414,-26.97985],[-55.75473,-27.4437],[-55.96609,-27.33172],[-56.63802,-27.45291],[-57.31012,-27.42921],[-58.02196,-27.25983],[-58.6042,-27.31626],[-58.35127,-26.88581],[-58.0865,-26.12719],[-57.81966,-25.84978],[-57.59754,-25.40336],[-57.67198,-25.28983],[-57.89049,-25.07867],[-58.8092,-24.77678],[-59.34097,-24.4876],[-60.03367,-24.00701],[-60.78778,-23.87345],[-61.49185,-23.4132],[-61.95645,-23.03441],[-62.34136,-22.47226],[-62.65036,-22.23446],[-62.80435,-22.00408],[-63.94759,-22.0076],[-64.29398,-22.69086],[-64.58688,-22.21275],[-65.19048,-22.09847],[-65.74461,-22.11405],[-66.24001,-21.79242],[-66.37747,-22.12707],[-66.7359,-22.22505],[-67.1939,-22.82222],[-67.01397,-23.00071],[-67.25133,-23.73309],[-67.36237,-24.03037],[-68.24449,-24.38538],[-68.57237,-24.76986],[-68.49647,-25.16]]],[[[-68.64188,-54.78297],[-67.031,-54.90521],[-66.54051,-55.05105],[-65.96623,-54.90207],[-65.33226,-54.91383],[-65.15559,-54.64056],[-65.84423,-54.64739],[-66.48221,-54.4658],[-67.29776,-54.05381],[-67.98363,-53.60133],[-68.26598,-52.98065],[-68.62762,-52.63957],[-68.64188,-54.78297]]]]}},{"type":"Feature","properties":{"id":"as","country_id":"AS","level":"country","countryCode":"as","countryName":"American Samoa","nameZh":"American Samoa","nameEn":"American Samoa","source":"Natural Earth Admin 1 States/Provinces dissolved to countries + Footprint policy overrides","sourceVersion":"5.1.1","sourceYear":2022,"license":"Public Domain","boundaryPolicy":"de facto","mapCluster":"global-country","sourceSimplification":"2%","sourceMapshaperPackage":"mapshaper@0.7.47","sourceComponentCountryIds":["AS"],"sourceComponentRegionIds":["AS-X01~","AS-X02~","AS-X03~","AS-X04~","AS-X05~"]},"geometry":{"type":"MultiPolygon","coordinates":[[[[-170.72151,-14.28924],[-170.83125,-14.31943],[-170.75548,-14.36712],[-170.69263,-14.31482],[-170.62007,-14.25457],[-170.69848,-14.26051],[-170.72151,-14.28924]]],[[[-169.46386,-14.22324],[-169.54267,-14.23675],[-169.52282,-14.27093],[-169.46386,-14.22324]]],[[[-171.07282,-11.0525],[-171.08564,-11.05136],[-171.08153,-11.06609],[-171.07348,-11.06211],[-171.07282,-11.0525]]],[[[-168.16157,-14.53289],[-168.16047,-14.52093],[-168.17309,-14.5237],[-168.16157,-14.53289]]]]}},{"type":"Feature","properties":{"id":"at","country_id":"AT","level":"country","countryCode":"at","countryName":"Austria","nameZh":"Austria","nameEn":"Austria","source":"Natural Earth Admin 1 States/Provinces dissolved to countries + Footprint policy overrides","sourceVersion":"5.1.1","sourceYear":2022,"license":"Public Domain","boundaryPolicy":"de facto","mapCluster":"global-country","sourceSimplification":"2%","sourceMapshaperPackage":"mapshaper@0.7.47","sourceComponentCountryIds":["AT"],"sourceComponentRegionIds":["AT-1","AT-2","AT-3","AT-4","AT-5","AT-6","AT-7","AT-8","AT-9"]},"geometry":{"type":"Polygon","coordinates":[[[17.06245,48.11272],[16.94905,48.54484],[16.94504,48.60417],[16.43572,48.79454],[16.03233,48.75806],[15.54419,48.90261],[14.98206,49.00791],[14.69114,48.58653],[14.07483,48.59171],[13.81572,48.76643],[13.71434,48.52322],[12.74504,48.12063],[12.84825,47.98239],[13.07484,47.64665],[12.56337,47.64176],[11.62046,47.58965],[11.08375,47.38951],[10.60791,47.56227],[10.17495,47.27238],[9.94873,47.52423],[9.55414,47.53274],[9.54748,47.53455],[9.55306,47.51689],[9.64952,47.40972],[9.52115,47.2628],[9.53418,47.25118],[9.54313,47.23482],[9.55433,47.21162],[9.56188,47.19061],[9.55195,47.17557],[9.55206,47.16689],[9.56711,47.16082],[9.60951,47.12241],[9.61416,47.1107],[9.60513,47.07759],[9.58825,47.06298],[9.5812,47.05687],[10.12519,46.84675],[10.45381,46.86443],[10.99693,46.76911],[11.31381,46.98726],[12.13315,47.07883],[12.2039,47.06701],[12.46963,46.6758],[12.67137,46.65247],[12.7485,46.641],[13.70095,46.51975],[14.01492,46.48253],[14.14793,46.44042],[14.24232,46.43824],[14.43714,46.41888],[14.56211,46.39174],[14.67255,46.45979],[14.79666,46.5194],[14.81452,46.55134],[14.89406,46.60522],[14.91951,46.61502],[15.08572,46.6478],[15.10559,46.64632],[15.17256,46.64136],[15.33278,46.64358],[15.43538,46.6272],[15.51394,46.63255],[15.52031,46.64772],[15.62175,46.67817],[15.78461,46.7122],[15.9676,46.69455],[16.01672,46.67069],[15.97098,46.77505],[16.02844,46.83695],[16.05294,46.84606],[16.09404,46.86277],[16.43717,47.03178],[16.42497,47.35112],[16.62697,47.44555],[16.55775,47.62984],[16.60977,47.75063],[16.71678,47.69702],[17.0548,47.70202],[17.14834,48.00544],[17.06245,48.11272]]]}},{"type":"Feature","properties":{"id":"atc","country_id":"ATC","level":"country","countryCode":"atc","countryName":"Ashmore and Cartier Islands","nameZh":"阿什莫尔和卡捷群岛","nameEn":"Ashmore and Cartier Islands","source":"Natural Earth Admin 0 Countries","sourceVersion":"5.1.1","sourceYear":2022,"license":"Public Domain","boundaryPolicy":"de facto","mapCluster":"global-country","sourceSimplification":"2%","sourceMapshaperPackage":"mapshaper@0.7.47","sourceComponentCountryIds":["ATC"],"sourceComponentRegionIds":[]},"geometry":{"type":"Polygon","coordinates":[[[123.59702,-12.42832],[123.57504,-12.42661],[123.57561,-12.43678],[123.59775,-12.43857],[123.59702,-12.42832]]]}},{"type":"Feature","properties":{"id":"au","country_id":"AU","level":"country","countryCode":"au","countryName":"Australia","nameZh":"Australia","nameEn":"Australia","source":"Natural Earth Admin 1 States/Provinces dissolved to countries + Footprint policy overrides","sourceVersion":"5.1.1","sourceYear":2022,"license":"Public Domain","boundaryPolicy":"de facto","mapCluster":"global-country","sourceSimplification":"2%","sourceMapshaperPackage":"mapshaper@0.7.47","sourceComponentCountryIds":["AU"],"sourceComponentRegionIds":["AU-ACT","AU-NSW","AU-NT","AU-QLD","AU-SA","AU-TAS","AU-VIC","AU-WA","AU-X02~","AU-X03~","AU-X04~"]},"geometry":{"type":"MultiPolygon","coordinates":[[[[153.50652,-28.14927],[153.44557,-27.81048],[153.11362,-27.24236],[153.20623,-27.04608],[153.07748,-26.28086],[153.12159,-25.93377],[152.89381,-25.68816],[152.91383,-25.28769],[152.67709,-25.24188],[152.4048,-24.74871],[152.1504,-24.61907],[151.78045,-24.02256],[151.58058,-24.05755],[150.85662,-23.51995],[150.76441,-23.15887],[150.82643,-22.69793],[150.21559,-22.39479],[149.83082,-22.3886],[149.60857,-22.24432],[149.47828,-21.71844],[149.23121,-21.08978],[148.73976,-20.71893],[148.85084,-20.42108],[148.56666,-20.05999],[147.85922,-19.82488],[147.55047,-19.52093],[146.44654,-19.05975],[146.27662,-18.87428],[146.33937,-18.52703],[146.02377,-18.26312],[146.09791,-17.93133],[146.07106,-17.39202],[145.77768,-16.88535],[145.4004,-16.44329],[145.46241,-16.06048],[145.27377,-15.53574],[145.27711,-14.94704],[144.67758,-14.55584],[144.5149,-14.17278],[143.952,-14.49896],[143.78273,-14.40228],[143.53443,-13.76572],[143.43393,-12.61305],[143.07716,-12.32879],[143.20395,-11.98252],[142.87289,-11.85068],[142.74195,-10.97503],[142.44858,-10.71453],[142.17457,-10.93011],[142.13185,-11.33815],[141.9476,-11.89617],[141.6657,-12.44109],[141.81137,-12.58408],[141.58546,-12.97747],[141.69077,-13.25986],[141.47413,-13.7763],[141.58399,-14.0761],[141.52166,-14.48382],[141.6657,-15.01141],[141.48707,-15.47894],[141.42482,-16.08172],[141.19947,-16.70306],[140.94703,-17.01832],[140.83326,-17.45078],[140.5075,-17.63633],[139.99952,-17.70615],[139.27418,-17.34832],[139.03728,-16.91562],[138.18426,-16.6972],[138.00017,-16.5416],[137.7461,-16.25213],[137.04591,-15.9223],[136.76791,-15.90081],[136.26791,-15.54502],[136.24008,-15.42409],[135.46957,-14.94801],[135.39129,-14.73992],[135.90333,-14.13584],[136.00489,-13.79803],[135.84484,-13.60019],[135.88336,-13.32576],[136.63694,-12.95494],[136.6906,-12.28281],[136.45071,-11.94233],[136.02613,-12.31146],[135.73927,-11.9415],[135.07016,-12.25994],[134.86109,-12.12656],[134.38217,-12.04266],[133.14112,-11.67457],[132.91098,-11.3318],[132.59498,-11.622],[132.62721,-12.04388],[132.04566,-12.30739],[131.49293,-12.29778],[131.00017,-12.17132],[130.78386,-12.43499],[130.34498,-12.695],[130.12989,-12.94052],[130.2732,-13.31878],[129.96892,-13.53045],[129.71754,-14.01556],[129.49586,-14.08913],[129.35808,-14.40879],[129.72413,-14.7907],[129.61183,-14.94256],[129.00012,-14.86815],[128.1753,-14.69842],[127.66603,-14.1784],[126.95289,-13.72357],[126.56918,-14.19525],[126.39031,-14.00506],[126.14129,-14.19549],[126.04127,-14.50872],[125.65805,-14.36028],[125.1443,-14.72845],[125.3545,-14.99391],[124.84197,-15.14121],[124.62965,-15.50498],[124.40333,-15.55926],[124.37843,-16.21494],[123.65162,-16.36028],[123.83709,-17.13242],[123.39967,-17.32928],[123.15089,-16.80771],[122.8864,-16.5123],[122.70427,-16.78672],[122.27605,-17.08929],[122.14324,-17.56365],[122.22039,-18.1972],[121.91033,-18.46445],[121.19353,-19.47243],[120.95436,-19.63372],[120.23829,-19.90683],[119.56666,-20.06878],[119.06853,-19.98284],[118.8318,-20.26198],[118.13559,-20.36207],[117.83937,-20.61688],[117.35377,-20.72772],[116.74317,-20.61688],[115.9367,-21.05901],[115.4546,-21.51377],[114.64674,-21.84336],[114.39194,-22.35801],[114.1714,-22.31748],[114.01149,-21.85996],[113.64666,-22.57773],[113.81153,-23.05136],[113.73756,-23.52703],[113.45973,-23.91033],[113.38526,-24.24912],[113.61061,-24.89275],[114.15528,-25.78973],[114.25856,-25.84189],[114.10378,-26.44788],[113.59058,-26.67565],[114.01254,-27.31536],[114.16603,-28.1067],[114.5311,-28.52239],[114.57748,-28.78509],[114.83204,-29.09205],[114.97877,-29.47991],[114.97486,-30.21404],[115.18092,-30.82724],[115.68035,-31.64861],[115.7693,-32.60231],[115.60092,-32.66172],[115.66684,-33.28769],[115.43409,-33.59547],[114.9568,-33.68231],[115.01783,-34.26214],[115.74545,-34.54022],[116.01979,-34.82936],[116.4651,-35.00066],[117.35955,-35.02418],[117.53858,-35.09222],[118.11988,-34.98707],[118.93198,-34.4459],[119.38209,-34.44012],[119.57203,-34.14202],[120.00221,-33.92604],[121.53289,-33.81951],[122.01564,-33.82537],[122.56031,-33.95916],[122.78785,-33.88104],[123.56666,-33.88437],[123.95248,-33.56732],[124.11655,-33.12151],[124.70883,-32.9039],[126.18572,-32.23252],[126.67774,-32.31658],[127.28875,-32.27337],[128.01734,-32.08424],[129.00009,-31.68922],[130.15691,-31.57391],[130.83375,-31.60174],[131.1775,-31.47763],[131.5359,-31.60556],[132.23373,-32.03297],[132.79802,-31.95631],[133.1478,-32.19671],[133.58619,-32.10312],[134.27329,-32.58807],[134.07407,-32.71396],[134.27882,-33.16269],[134.66236,-33.22552],[134.84986,-33.63836],[135.18979,-33.893],[135.42954,-34.71266],[135.74147,-34.86102],[136.3694,-34.07342],[137.22486,-33.65325],[137.45216,-33.14007],[137.90235,-32.78753],[138.04396,-33.1251],[137.81044,-33.25998],[137.93749,-33.52784],[137.45387,-34.164],[137.44614,-34.91741],[137.03061,-34.89983],[136.95338,-35.28395],[137.40349,-35.1242],[137.6714,-35.18084],[138.03777,-34.30804],[138.53631,-34.7409],[138.42742,-35.35263],[138.53126,-35.64593],[139.04135,-35.6041],[139.47543,-35.89642],[139.85369,-36.62176],[139.67205,-36.95338],[139.74155,-37.18084],[140.35987,-37.88209],[140.96817,-38.05943],[141.43442,-38.3751],[141.94679,-38.28289],[142.39772,-38.36712],[143.53696,-38.85833],[144.40187,-38.3012],[144.52329,-38.08424],[144.98268,-37.89935],[145.57081,-38.66172],[145.91578,-38.89577],[146.25571,-38.70176],[146.87859,-38.6443],[147.58937,-38.08066],[148.30641,-37.82342],[149.47901,-37.7859],[149.97208,-37.51029],[149.90382,-36.9284],[150.14234,-36.32],[150.16342,-35.95664],[150.61305,-35.18727],[150.75945,-35.17889],[150.70378,-35.12044],[150.92492,-34.33042],[151.16896,-34.11012],[151.67058,-33.06113],[152.18946,-32.75856],[152.52156,-32.42749],[152.51008,-32.16188],[152.9345,-31.48281],[153.0879,-30.92669],[152.9878,-30.73463],[153.32163,-29.69752],[153.34034,-29.32269],[153.60597,-28.86745],[153.50652,-28.14927]]],[[[147.99855,-43.2304],[147.88868,-42.81951],[147.98341,-42.31902],[148.32691,-41.91579],[148.26889,-41.15163],[147.98422,-40.7365],[147.44483,-41.0084],[147.01759,-40.97666],[146.42368,-41.16619],[145.7116,-40.93043],[144.68922,-40.70452],[144.6058,-40.99651],[144.92604,-41.70908],[145.20655,-41.96657],[145.26417,-42.59531],[146.03077,-43.48268],[146.7107,-43.629],[147.25758,-43.25433],[147.58562,-42.82122],[147.79249,-43.24407],[147.99855,-43.2304]]],[[[131.53736,-11.41326],[131.27442,-11.18963],[130.69166,-11.42278],[130.49659,-11.64951],[130.97999,-11.92645],[131.43238,-11.60703],[131.53736,-11.41326]]],[[[138.12965,-35.81634],[137.58082,-35.72682],[137.35222,-35.58563],[136.6211,-35.75123],[136.71559,-36.06276],[137.21168,-35.98016],[137.45924,-36.0827],[137.75668,-35.87151],[138.12965,-35.81634]]],[[[136.95151,-14.18157],[136.43019,-13.87713],[136.46079,-14.2164],[136.95151,-14.18157]]],[[[158.8934,-54.51084],[158.83237,-54.71168],[158.89259,-54.68694],[158.95558,-54.5512],[158.8934,-54.51084]]],[[[123.59702,-12.42832],[123.57504,-12.42661],[123.57561,-12.43678],[123.59775,-12.43857],[123.59702,-12.42832]]]]}},{"type":"Feature","properties":{"id":"aw","country_id":"AW","level":"country","countryCode":"aw","countryName":"Aruba","nameZh":"Aruba","nameEn":"Aruba","source":"Natural Earth Admin 1 States/Provinces dissolved to countries + Footprint policy overrides","sourceVersion":"5.1.1","sourceYear":2022,"license":"Public Domain","boundaryPolicy":"de facto","mapCluster":"global-country","sourceSimplification":"2%","sourceMapshaperPackage":"mapshaper@0.7.47","sourceComponentCountryIds":["AW"],"sourceComponentRegionIds":["AW-X01~"]},"geometry":{"type":"Polygon","coordinates":[[[-69.99694,12.57758],[-70.05809,12.53718],[-69.88809,12.41767],[-69.8802,12.45356],[-69.99694,12.57758]]]}},{"type":"Feature","properties":{"id":"ax","country_id":"AX","level":"country","countryCode":"ax","countryName":"Aland","nameZh":"Aland","nameEn":"Aland","source":"Natural Earth Admin 1 States/Provinces dissolved to countries + Footprint policy overrides","sourceVersion":"5.1.1","sourceYear":2022,"license":"Public Domain","boundaryPolicy":"de facto","mapCluster":"global-country","sourceSimplification":"2%","sourceMapshaperPackage":"mapshaper@0.7.47","sourceComponentCountryIds":["AX"],"sourceComponentRegionIds":["AX-X02~","AX-X04~","AX-X06~","AX-X09~","AX-X10~","AX-X11~","AX-X12~","AX-X13~","AX-X14~","AX-X15~","AX-X16~"]},"geometry":{"type":"MultiPolygon","coordinates":[[[[19.91033,60.10106],[19.96599,60.09113],[20.03297,60.14435],[19.94361,60.18622],[19.81017,60.149],[19.91033,60.10106]]],[[[19.6395,60.22093],[19.51319,60.18378],[19.54461,60.13475],[19.67107,60.15811],[19.6395,60.22093]]],[[[20.03365,60.06363],[20.12318,59.98887],[20.19319,60.06557],[20.03365,60.06363]]],[[[20.28132,59.97662],[20.39858,59.98135],[20.33945,60.02011],[20.28132,59.97662]]],[[[20.2776,60.14216],[20.22242,60.1496],[20.20191,60.08755],[20.26889,60.086],[20.2776,60.14216]]],[[[20.42791,60.26569],[20.37965,60.26968],[20.39291,60.19676],[20.44142,60.24518],[20.42791,60.26569]]],[[[20.81886,60.23216],[20.85304,60.26569],[20.7811,60.26366],[20.81886,60.23216]]],[[[20.98357,59.94278],[20.93474,59.95799],[20.93214,59.93586],[20.98357,59.94278]]],[[[21.08863,60.48013],[21.05926,60.46674],[21.06495,60.45478],[21.09669,60.46345],[21.08863,60.48013]]],[[[20.68336,60.13052],[20.65358,60.15135],[20.63868,60.13133],[20.68336,60.13052]]]]}},{"type":"Feature","properties":{"id":"az","country_id":"AZ","level":"country","countryCode":"az","countryName":"Azerbaijan","nameZh":"Azerbaijan","nameEn":"Azerbaijan","source":"Natural Earth Admin 1 States/Provinces dissolved to countries + Footprint policy overrides","sourceVersion":"5.1.1","sourceYear":2022,"license":"Public Domain","boundaryPolicy":"de facto","mapCluster":"global-country","sourceSimplification":"2%","sourceMapshaperPackage":"mapshaper@0.7.47","sourceComponentCountryIds":["AZ"],"sourceComponentRegionIds":["AZ-ABS","AZ-AGA","AZ-AGC","AZ-AGM","AZ-AGS","AZ-AGU","AZ-AST","AZ-BA","AZ-BAB","AZ-BAL","AZ-BAR","AZ-BEY","AZ-BIL","AZ-CAB","AZ-CAL","AZ-CUL","AZ-DAS","AZ-FUZ","AZ-GA","AZ-GAD","AZ-GOR","AZ-GOY","AZ-GYG","AZ-HAC","AZ-IMI","AZ-ISM","AZ-KAL","AZ-KAN","AZ-KUR","AZ-LA","AZ-LAN","AZ-LER","AZ-MAS","AZ-MI","AZ-NA","AZ-NEF","AZ-NX","AZ-OGU","AZ-ORD","AZ-QAB","AZ-QAX","AZ-QAZ","AZ-QBA","AZ-QBI","AZ-QOB","AZ-QUS","AZ-SA","AZ-SAB","AZ-SAD","AZ-SAH","AZ-SAL","AZ-SAR","AZ-SAT","AZ-SBN","AZ-SIY","AZ-SKR","AZ-SM","AZ-SMI","AZ-SMX","AZ-SR","AZ-SUS","AZ-TAR","AZ-TOV","AZ-UCA","AZ-X01~","AZ-XA","AZ-XAC","AZ-XCI","AZ-XIZ","AZ-XVD","AZ-YAR","AZ-YEV","AZ-ZAN","AZ-ZAQ","AZ-ZAR"]},"geometry":{"type":"MultiPolygon","coordinates":[[[[45.44284,40.94838],[45.47834,40.74818],[45.37359,40.6513],[45.81915,40.29714],[45.8885,40.26196],[45.57758,39.98398],[45.80912,39.85124],[45.88319,39.79615],[46.47895,39.46183],[46.59914,39.22249],[46.51404,38.88218],[46.86639,39.16544],[47.01363,39.18696],[47.26132,39.36638],[47.62498,39.57141],[47.78821,39.65765],[47.95771,39.70726],[48.32841,39.37633],[48.30159,39.01795],[48.22563,38.71319],[48.53564,38.46915],[48.61296,38.39565],[48.87428,38.43407],[48.8685,38.6025],[48.86343,38.74794],[48.84711,38.78804],[48.89625,38.89073],[48.91822,38.92894],[49.2343,39.15635],[49.28538,39.50834],[49.35873,39.66657],[49.70972,40.586],[49.53191,40.66287],[49.37142,40.88468],[49.17164,41.14037],[49.0787,41.35741],[48.57895,41.84528],[48.46221,41.72099],[47.81349,41.19739],[47.69489,41.20713],[47.36729,41.26179],[47.17922,41.49168],[47.02826,41.55707],[46.70955,41.83507],[46.43089,41.89044],[46.27987,41.57117],[46.62984,41.34614],[46.61554,41.10867],[46.08761,41.18366],[45.77034,41.2321],[45.3331,41.44435],[45.09783,41.34992],[45.0024,41.29045],[45.38195,41.01145],[45.44284,40.94838]]],[[[45.26619,39.59292],[45.16792,39.56554],[45.075,39.74982],[44.95322,39.73597],[44.77456,39.7028],[44.80699,39.6399],[44.82395,39.63054],[45.05124,39.38709],[45.11435,39.30935],[45.49453,38.98192],[45.53556,38.96845],[45.76807,38.93913],[46.13587,38.8637],[45.90179,39.29412],[45.76437,39.35914],[45.70907,39.56842],[45.42394,39.49383],[45.26619,39.59292]]]]}},{"type":"Feature","properties":{"id":"ba","country_id":"BA","level":"country","countryCode":"ba","countryName":"Bosnia and Herzegovina","nameZh":"Bosnia and Herzegovina","nameEn":"Bosnia and Herzegovina","source":"Natural Earth Admin 1 States/Provinces dissolved to countries + Footprint policy overrides","sourceVersion":"5.1.1","sourceYear":2022,"license":"Public Domain","boundaryPolicy":"de facto","mapCluster":"global-country","sourceSimplification":"2%","sourceMapshaperPackage":"mapshaper@0.7.47","sourceComponentCountryIds":["BA"],"sourceComponentRegionIds":["BA-BIH","BA-BRC","BA-SRP","BA-X01~","BA-X02~","BA-X03~","BA-X04~","BA-X05~","BA-X06~","BA-X07~"]},"geometry":{"type":"Polygon","coordinates":[[[18.36978,42.57439],[18.43735,42.55921],[18.5068,42.59849],[18.54283,42.62643],[18.45275,42.9934],[18.62113,43.12458],[18.66432,43.23318],[18.98951,43.27202],[19.02254,43.29655],[19.19534,43.5328],[19.46169,43.76214],[19.24103,43.95236],[19.51619,44.09119],[19.10718,44.38272],[19.17964,44.53826],[19.35698,44.89588],[19.01582,44.86563],[18.97492,44.86276],[18.84213,44.87624],[18.5348,45.08841],[18.48171,45.06692],[18.45183,45.08496],[18.1437,45.0977],[17.76574,45.11099],[17.12463,45.16906],[16.48192,45.19952],[16.34602,45.02001],[15.80257,45.19647],[15.73411,44.93444],[15.71731,44.78647],[16.20564,44.35053],[16.52745,43.96786],[17.06231,43.52775],[17.45091,43.14815],[17.59803,43.0729],[17.58066,42.94208],[17.65333,42.89094],[18.36978,42.57439]]]}},{"type":"Feature","properties":{"id":"bb","country_id":"BB","level":"country","countryCode":"bb","countryName":"Barbados","nameZh":"Barbados","nameEn":"Barbados","source":"Natural Earth Admin 1 States/Provinces dissolved to countries + Footprint policy overrides","sourceVersion":"5.1.1","sourceYear":2022,"license":"Public Domain","boundaryPolicy":"de facto","mapCluster":"global-country","sourceSimplification":"2%","sourceMapshaperPackage":"mapshaper@0.7.47","sourceComponentCountryIds":["BB"],"sourceComponentRegionIds":["BB-01","BB-02","BB-03","BB-04","BB-05","BB-06","BB-07","BB-08","BB-09","BB-10","BB-11"]},"geometry":{"type":"Polygon","coordinates":[[[-59.47578,13.08649],[-59.46768,13.18654],[-59.51806,13.21752],[-59.54582,13.24381],[-59.56897,13.28967],[-59.57592,13.30439],[-59.63093,13.33796],[-59.65292,13.27386],[-59.65081,13.23884],[-59.64061,13.14162],[-59.60027,13.08412],[-59.47578,13.08649]]]}},{"type":"Feature","properties":{"id":"bd","country_id":"BD","level":"country","countryCode":"bd","countryName":"Bangladesh","nameZh":"Bangladesh","nameEn":"Bangladesh","source":"Natural Earth Admin 1 States/Provinces dissolved to countries + Footprint policy overrides","sourceVersion":"5.1.1","sourceYear":2022,"license":"Public Domain","boundaryPolicy":"de facto","mapCluster":"global-country","sourceSimplification":"2%","sourceMapshaperPackage":"mapshaper@0.7.47","sourceComponentCountryIds":["BD"],"sourceComponentRegionIds":["BD-A","BD-B","BD-C","BD-D","BD-E","BD-F","BD-G"]},"geometry":{"type":"Polygon","coordinates":[[[90.45012,23.04934],[90.70232,23.55484],[90.62721,23.08666],[90.95493,22.57583],[91.20274,22.54322],[91.45631,22.78482],[91.67604,22.53461],[92.02215,21.59935],[92.0525,21.15477],[92.26515,21.0611],[92.32266,21.4619],[92.64104,21.30859],[92.57588,21.97757],[92.49588,22.69562],[92.37868,22.90044],[92.25974,23.70264],[92.00351,23.64742],[91.53656,22.98185],[91.3005,23.14231],[91.14082,23.6121],[91.30843,23.9925],[92.10759,24.40598],[92.14998,24.54218],[92.38494,25.00477],[92.00175,25.18296],[90.93482,25.15636],[90.36464,25.14999],[89.79923,25.40289],[89.80857,25.43951],[89.83005,25.90798],[89.65783,26.18717],[89.35148,25.99686],[88.80799,26.23344],[88.65627,26.41513],[88.1638,26.14047],[88.0744,25.90814],[88.53029,25.5002],[88.97532,25.30264],[88.89864,25.16932],[88.43148,25.17304],[88.02179,24.6456],[88.13879,24.49525],[88.73146,24.18977],[88.5401,23.64995],[88.84277,22.96457],[89.06039,22.12987],[89.10467,21.81586],[89.81422,21.84081],[89.83872,22.26777],[89.9795,22.47008],[89.93442,21.99771],[90.18483,21.80097],[90.61345,22.31489],[90.45012,23.04934]]]}},{"type":"Feature","properties":{"id":"be","country_id":"BE","level":"country","countryCode":"be","countryName":"Belgium","nameZh":"Belgium","nameEn":"Belgium","source":"Natural Earth Admin 1 States/Provinces dissolved to countries + Footprint policy overrides","sourceVersion":"5.1.1","sourceYear":2022,"license":"Public Domain","boundaryPolicy":"de facto","mapCluster":"global-country","sourceSimplification":"2%","sourceMapshaperPackage":"mapshaper@0.7.47","sourceComponentCountryIds":["BE"],"sourceComponentRegionIds":["BE-BRU","BE-VAN","BE-VBR","BE-VLI","BE-VOV","BE-VWV","BE-WBR","BE-WHT","BE-WLG","BE-WLX","BE-WNA"]},"geometry":{"type":"Polygon","coordinates":[[[4.26107,51.36938],[4.29865,51.26957],[4.22149,51.368],[3.92703,51.20626],[3.3988,51.2447],[3.34941,51.37522],[2.5218,51.08754],[2.86673,50.70009],[3.02382,50.76826],[3.16281,50.74994],[3.27105,50.52694],[4.02273,50.33812],[4.13166,49.97499],[4.21594,49.95441],[4.42765,49.93357],[4.96837,49.79698],[5.39117,49.60882],[5.47772,49.49522],[5.79068,49.53775],[5.8564,49.70581],[5.71493,49.88187],[6.02297,50.15082],[6.11749,50.12046],[6.3734,50.32308],[5.99491,50.74993],[5.89129,50.75125],[5.73278,50.75885],[5.65743,50.80764],[5.55141,51.21677],[5.23946,51.25693],[4.73121,51.48562],[4.28112,51.36895],[4.26107,51.36938]]]}},{"type":"Feature","properties":{"id":"bf","country_id":"BF","level":"country","countryCode":"bf","countryName":"Burkina Faso","nameZh":"Burkina Faso","nameEn":"Burkina Faso","source":"Natural Earth Admin 1 States/Provinces dissolved to countries + Footprint policy overrides","sourceVersion":"5.1.1","sourceYear":2022,"license":"Public Domain","boundaryPolicy":"de facto","mapCluster":"global-country","sourceSimplification":"2%","sourceMapshaperPackage":"mapshaper@0.7.47","sourceComponentCountryIds":["BF"],"sourceComponentRegionIds":["BF-BAL","BF-BAM","BF-BAN","BF-BAZ","BF-BGR","BF-BLG","BF-BLK","BF-COM","BF-GAN","BF-GNA","BF-GOU","BF-HOU","BF-IOB","BF-KAD","BF-KEN","BF-KMD","BF-KMP","BF-KOP","BF-KOS","BF-KOT","BF-KOW","BF-LER","BF-LOR","BF-MOU","BF-NAM","BF-NAO","BF-NAY","BF-NOU","BF-OUB","BF-OUD","BF-PAS","BF-PON","BF-SEN","BF-SIS","BF-SMT","BF-SNG","BF-SOM","BF-SOR","BF-TAP","BF-TUI","BF-YAG","BF-YAT","BF-ZIR","BF-ZON","BF-ZOU"]},"geometry":{"type":"Polygon","coordinates":[[[-4.65274,12.07163],[-4.73228,12.03726],[-5.16782,11.94366],[-5.30781,11.62901],[-5.21831,11.4222],[-5.5056,11.04798],[-5.43142,10.84469],[-5.52258,10.42549],[-5.11988,10.29398],[-4.96607,9.90102],[-4.32248,9.60898],[-3.89162,9.8939],[-3.20256,9.90823],[-2.68921,9.48872],[-2.7434,9.65333],[-2.78848,10.09236],[-2.91996,10.71109],[-2.7288,10.98606],[-1.42358,11.01791],[-1.41355,11.01405],[-0.70302,10.99416],[-0.16611,11.13498],[-0.11506,11.12466],[0.37478,11.02581],[0.90147,10.99274],[1.42322,11.45375],[2.01543,11.43159],[2.39017,11.89654],[2.07091,12.3069],[2.10905,12.70563],[1.53585,12.6475],[1.30481,12.83851],[0.97166,13.08578],[0.95098,13.5832],[0.49993,13.85102],[0.20238,14.43554],[0.21847,14.91098],[-0.50034,15.07972],[-0.77127,15.05662],[-1.04314,14.81806],[-1.69692,14.49612],[-1.96703,14.48374],[-2.08501,14.15967],[-2.46168,14.28091],[-2.67626,14.14173],[-2.84086,14.04299],[-2.93047,13.63852],[-3.25972,13.65831],[-3.24863,13.29278],[-3.47392,13.1676],[-3.96547,13.48922],[-4.35107,13.11832],[-4.24547,12.72894],[-4.46437,12.71725],[-4.40613,12.30747],[-4.65274,12.07163]]]}},{"type":"Feature","properties":{"id":"bg","country_id":"BG","level":"country","countryCode":"bg","countryName":"Bulgaria","nameZh":"Bulgaria","nameEn":"Bulgaria","source":"Natural Earth Admin 1 States/Provinces dissolved to countries + Footprint policy overrides","sourceVersion":"5.1.1","sourceYear":2022,"license":"Public Domain","boundaryPolicy":"de facto","mapCluster":"global-country","sourceSimplification":"2%","sourceMapshaperPackage":"mapshaper@0.7.47","sourceComponentCountryIds":["BG"],"sourceComponentRegionIds":["BG-01","BG-02","BG-03","BG-04","BG-05","BG-06","BG-07","BG-08","BG-09","BG-10","BG-11","BG-12","BG-13","BG-14","BG-15","BG-16","BG-17","BG-18","BG-19","BG-20","BG-21","BG-22","BG-23","BG-24","BG-25","BG-26","BG-27","BG-28"]},"geometry":{"type":"Polygon","coordinates":[[[23.62485,41.37709],[24.1977,41.54771],[25.15385,41.30754],[25.88202,41.30404],[26.05949,41.64378],[26.33336,41.71304],[26.55289,41.88164],[26.8379,41.97522],[27.0479,42.08292],[27.53318,41.90806],[28.01677,41.97256],[27.51149,42.55305],[27.88396,42.84837],[28.087,43.35523],[28.45948,43.38068],[28.57838,43.74128],[28.22125,43.76198],[27.68251,43.98726],[27.25266,44.12152],[26.41579,44.06379],[26.33234,44.05493],[25.73295,43.71878],[25.48245,43.66971],[25.2854,43.69039],[24.66176,43.75566],[24.33671,43.75925],[24.14961,43.75472],[23.62085,43.83401],[23.05255,43.84282],[23.00831,44.10045],[22.69164,44.22843],[22.46589,44.01762],[22.34947,43.80792],[22.65893,43.4013],[22.72434,43.38606],[22.9829,43.18732],[22.73958,42.89886],[22.54479,42.87171],[22.43045,42.81708],[22.44132,42.63289],[22.34502,42.31344],[22.50694,42.14893],[22.62718,42.07913],[22.84562,42.00741],[22.88209,41.87162],[22.98543,41.6772],[22.9436,41.5232],[22.91698,41.33577],[23.62485,41.37709]]]}},{"type":"Feature","properties":{"id":"bh","country_id":"BH","level":"country","countryCode":"bh","countryName":"Bahrain","nameZh":"Bahrain","nameEn":"Bahrain","source":"Natural Earth Admin 1 States/Provinces dissolved to countries + Footprint policy overrides","sourceVersion":"5.1.1","sourceYear":2022,"license":"Public Domain","boundaryPolicy":"de facto","mapCluster":"global-country","sourceSimplification":"2%","sourceMapshaperPackage":"mapshaper@0.7.47","sourceComponentCountryIds":["BH"],"sourceComponentRegionIds":["BH-13","BH-14","BH-15","BH-16","BH-17"]},"geometry":{"type":"MultiPolygon","coordinates":[[[[50.50392,26.24201],[50.4909,26.048],[50.61629,26.09593],[50.55161,26.19424],[50.58668,26.2425],[50.50392,26.24201]]],[[[50.60165,26.27885],[50.61238,26.24128],[50.64781,26.23914],[50.65532,26.2767],[50.60165,26.27885]]]]}},{"type":"Feature","properties":{"id":"bi","country_id":"BI","level":"country","countryCode":"bi","countryName":"Burundi","nameZh":"Burundi","nameEn":"Burundi","source":"Natural Earth Admin 1 States/Provinces dissolved to countries + Footprint policy overrides","sourceVersion":"5.1.1","sourceYear":2022,"license":"Public Domain","boundaryPolicy":"de facto","mapCluster":"global-country","sourceSimplification":"2%","sourceMapshaperPackage":"mapshaper@0.7.47","sourceComponentCountryIds":["BI"],"sourceComponentRegionIds":["BI-BB","BI-BL","BI-BM","BI-BR","BI-CA","BI-CI","BI-GI","BI-KI","BI-KR","BI-KY","BI-MA","BI-MU","BI-MW","BI-MY","BI-NG","BI-RT","BI-RY"]},"geometry":{"type":"Polygon","coordinates":[[[29.23612,-3.2707],[29.21194,-3.40683],[29.2239,-3.57109],[29.21712,-3.70927],[29.36722,-4.18905],[29.40418,-4.4498],[29.72829,-4.46159],[30.17585,-4.03999],[30.37307,-3.70434],[30.61025,-3.37636],[30.81881,-2.9905],[30.48833,-2.94316],[30.416,-2.64557],[30.5546,-2.40063],[30.34861,-2.32235],[29.95678,-2.32704],[29.90373,-2.63795],[29.63709,-2.79163],[29.44467,-2.80699],[29.30948,-2.69013],[29.01537,-2.72071],[29.24154,-3.10419],[29.23612,-3.2707]]]}},{"type":"Feature","properties":{"id":"bj","country_id":"BJ","level":"country","countryCode":"bj","countryName":"Benin","nameZh":"Benin","nameEn":"Benin","source":"Natural Earth Admin 1 States/Provinces dissolved to countries + Footprint policy overrides","sourceVersion":"5.1.1","sourceYear":2022,"license":"Public Domain","boundaryPolicy":"de facto","mapCluster":"global-country","sourceSimplification":"2%","sourceMapshaperPackage":"mapshaper@0.7.47","sourceComponentCountryIds":["BJ"],"sourceComponentRegionIds":["BJ-AK","BJ-AL","BJ-AQ","BJ-BO","BJ-CO","BJ-DO","BJ-KO","BJ-LI","BJ-MO","BJ-OU","BJ-PL","BJ-ZO"]},"geometry":{"type":"Polygon","coordinates":[[[0.90147,10.99274],[0.76877,10.36709],[0.99708,10.21651],[1.34394,9.95476],[1.42015,9.29232],[1.60117,9.04953],[1.6072,8.58862],[1.60394,8.36748],[1.62285,7.62246],[1.62325,7.53638],[1.56422,6.90309],[1.58918,6.72046],[1.78235,6.27727],[1.61964,6.21389],[1.98771,6.28652],[2.35985,6.3364],[2.48395,6.34793],[2.70384,6.36835],[2.71192,6.47405],[2.7188,6.5043],[2.77857,6.69877],[2.71764,7.65855],[2.67169,7.89343],[2.74244,8.52748],[2.72295,8.77122],[2.76916,9.05705],[3.09131,9.12642],[3.12863,9.42958],[3.5131,9.84661],[3.66483,10.12865],[3.83725,10.63061],[3.70558,11.12073],[3.48333,11.3923],[3.5964,11.69577],[2.8443,12.39924],[2.36123,12.21889],[2.39017,11.89654],[2.01543,11.43159],[1.42322,11.45375],[0.90147,10.99274]]]}},{"type":"Feature","properties":{"id":"bjn","country_id":"BJN","level":"country","countryCode":"bjn","countryName":"Bajo Nuevo Bank (Petrel Is.)","nameZh":"巴霍努埃沃浅滩","nameEn":"Bajo Nuevo Bank","source":"Natural Earth Admin 0 Countries","sourceVersion":"5.1.1","sourceYear":2022,"license":"Public Domain","boundaryPolicy":"de facto","mapCluster":"global-country","sourceSimplification":"2%","sourceMapshaperPackage":"mapshaper@0.7.47","sourceComponentCountryIds":["BJN"],"sourceComponentRegionIds":[]},"geometry":{"type":"Polygon","coordinates":[[[-79.98929,15.79495],[-79.98815,15.79418],[-79.9864,15.79442],[-79.98782,15.79621],[-79.98929,15.79495]]]}},{"type":"Feature","properties":{"id":"bl","country_id":"BL","level":"country","countryCode":"bl","countryName":"Saint Barthelemy","nameZh":"Saint Barthelemy","nameEn":"Saint Barthelemy","source":"Natural Earth Admin 1 States/Provinces dissolved to countries + Footprint policy overrides","sourceVersion":"5.1.1","sourceYear":2022,"license":"Public Domain","boundaryPolicy":"de facto","mapCluster":"global-country","sourceSimplification":"2%","sourceMapshaperPackage":"mapshaper@0.7.47","sourceComponentCountryIds":["BL"],"sourceComponentRegionIds":["BL-X00~"]},"geometry":{"type":"Polygon","coordinates":[[[-62.83886,17.88198],[-62.79166,17.91547],[-62.85741,17.92503],[-62.83886,17.88198]]]}},{"type":"Feature","properties":{"id":"bm","country_id":"BM","level":"country","countryCode":"bm","countryName":"Bermuda","nameZh":"Bermuda","nameEn":"Bermuda","source":"Natural Earth Admin 1 States/Provinces dissolved to countries + Footprint policy overrides","sourceVersion":"5.1.1","sourceYear":2022,"license":"Public Domain","boundaryPolicy":"de facto","mapCluster":"global-country","sourceSimplification":"2%","sourceMapshaperPackage":"mapshaper@0.7.47","sourceComponentCountryIds":["BM"],"sourceComponentRegionIds":["BM-DEV","BM-HA","BM-HAM","BM-PAG","BM-PEM","BM-SAN","BM-SG","BM-SGE","BM-SMI","BM-SOU","BM-WAR"]},"geometry":{"type":"Polygon","coordinates":[[[-64.73793,32.30214],[-64.70729,32.32119],[-64.6984,32.32637],[-64.69492,32.33993],[-64.70809,32.35156],[-64.69143,32.36396],[-64.65538,32.35931],[-64.6761,32.38866],[-64.72202,32.35251],[-64.70538,32.33606],[-64.71391,32.32947],[-64.73123,32.32309],[-64.74267,32.32175],[-64.74816,32.31653],[-64.78014,32.30341],[-64.81083,32.30756],[-64.79452,32.28955],[-64.78443,32.29056],[-64.77902,32.2911],[-64.79709,32.27909],[-64.8329,32.2597],[-64.86313,32.26901],[-64.87204,32.27637],[-64.85809,32.29769],[-64.86894,32.30893],[-64.87798,32.28607],[-64.88016,32.26593],[-64.81515,32.25428],[-64.78831,32.26528],[-64.76082,32.28618],[-64.73793,32.30214]]]}},{"type":"Feature","properties":{"id":"bn","country_id":"BN","level":"country","countryCode":"bn","countryName":"Brunei","nameZh":"Brunei","nameEn":"Brunei","source":"Natural Earth Admin 1 States/Provinces dissolved to countries + Footprint policy overrides","sourceVersion":"5.1.1","sourceYear":2022,"license":"Public Domain","boundaryPolicy":"de facto","mapCluster":"global-country","sourceSimplification":"2%","sourceMapshaperPackage":"mapshaper@0.7.47","sourceComponentCountryIds":["BN"],"sourceComponentRegionIds":["BN-BE","BN-BM","BN-TE","BN-TU"]},"geometry":{"type":"MultiPolygon","coordinates":[[[[114.79416,4.30024],[114.74319,4.73059],[114.9817,4.88906],[114.76018,4.89875],[114.49444,4.68125],[113.99879,4.60114],[114.24556,4.48143],[114.58663,4.02144],[114.79416,4.30024]]],[[[115.14617,4.90851],[115.02978,4.82064],[115.113,4.38237],[115.27268,4.63677],[115.14617,4.90851]]]]}},{"type":"Feature","properties":{"id":"bo","country_id":"BO","level":"country","countryCode":"bo","countryName":"Bolivia","nameZh":"Bolivia","nameEn":"Bolivia","source":"Natural Earth Admin 1 States/Provinces dissolved to countries + Footprint policy overrides","sourceVersion":"5.1.1","sourceYear":2022,"license":"Public Domain","boundaryPolicy":"de facto","mapCluster":"global-country","sourceSimplification":"2%","sourceMapshaperPackage":"mapshaper@0.7.47","sourceComponentCountryIds":["BO"],"sourceComponentRegionIds":["BO-B","BO-C","BO-H","BO-L","BO-N","BO-O","BO-P","BO-S","BO-T"]},"geometry":{"type":"Polygon","coordinates":[[[-65.39465,-10.39207],[-65.30438,-9.82565],[-65.78856,-9.73305],[-66.64892,-9.91588],[-67.0643,-10.25694],[-67.33782,-10.32609],[-67.75578,-10.71418],[-68.09788,-10.69774],[-68.29332,-10.97897],[-68.61573,-11.1125],[-68.88403,-11.01638],[-69.57763,-10.9523],[-68.68946,-12.49342],[-68.98095,-12.86795],[-68.97394,-13.03176],[-68.98297,-13.97222],[-68.88372,-14.21148],[-69.2475,-14.59368],[-69.39067,-14.96441],[-69.1481,-15.23333],[-69.42434,-15.65625],[-69.21965,-16.15276],[-69.00173,-16.42282],[-69.42744,-17.08686],[-69.66442,-17.28856],[-69.51009,-17.50659],[-69.30241,-17.97621],[-69.08228,-18.03908],[-69.15544,-18.14024],[-68.98961,-18.94649],[-68.4932,-19.37696],[-68.57674,-19.56461],[-68.58834,-20.05557],[-68.77554,-20.08968],[-68.53155,-20.92769],[-68.20754,-21.28433],[-68.09623,-21.95396],[-67.85872,-22.56684],[-67.87634,-22.83359],[-67.1939,-22.82222],[-66.7359,-22.22505],[-66.37747,-22.12707],[-66.24001,-21.79242],[-65.74461,-22.11405],[-65.19048,-22.09847],[-64.58688,-22.21275],[-64.29398,-22.69086],[-63.94759,-22.0076],[-62.80435,-22.00408],[-62.65036,-22.23446],[-62.27189,-21.00042],[-62.21057,-20.47131],[-61.92474,-20.06513],[-61.76121,-19.65777],[-60.00638,-19.2981],[-59.08954,-19.28673],[-58.17528,-19.82137],[-58.1588,-20.16512],[-57.85975,-19.98012],[-58.12464,-19.72991],[-57.789,-19.05925],[-57.55108,-18.18364],[-57.72446,-17.73664],[-57.79076,-17.55577],[-58.38116,-17.26721],[-58.46472,-16.33125],[-60.12984,-16.27306],[-60.23797,-15.50267],[-60.29172,-14.63006],[-60.47351,-14.11723],[-60.46527,-13.81657],[-60.72557,-13.66284],[-60.89674,-13.55292],[-61.59306,-13.50679],[-61.8686,-13.46393],[-62.22165,-13.12127],[-62.8074,-12.98887],[-63.07503,-12.65266],[-63.24732,-12.70134],[-63.8014,-12.45495],[-63.92124,-12.54435],[-64.39573,-12.45733],[-64.46906,-12.26106],[-64.99745,-11.99627],[-65.35301,-11.39062],[-65.30299,-10.99075],[-65.39465,-10.39207]]]}},{"type":"Feature","properties":{"id":"br","country_id":"BR","level":"country","countryCode":"br","countryName":"Brazil","nameZh":"Brazil","nameEn":"Brazil","source":"Natural Earth Admin 1 States/Provinces dissolved to countries + Footprint policy overrides","sourceVersion":"5.1.1","sourceYear":2022,"license":"Public Domain","boundaryPolicy":"de facto","mapCluster":"global-country","sourceSimplification":"2%","sourceMapshaperPackage":"mapshaper@0.7.47","sourceComponentCountryIds":["BR"],"sourceComponentRegionIds":["BR-AC","BR-AL","BR-AM","BR-AP","BR-BA","BR-CE","BR-DF","BR-ES","BR-GO","BR-MA","BR-MG","BR-MS","BR-MT","BR-PA","BR-PB","BR-PE","BR-PI","BR-PR","BR-RJ","BR-RN","BR-RO","BR-RR","BR-RS","BR-SC","BR-SE","BR-SP","BR-TO"]},"geometry":{"type":"MultiPolygon","coordinates":[[[[-66.64892,-9.91588],[-65.78856,-9.73305],[-65.30438,-9.82565],[-65.39465,-10.39207],[-65.30299,-10.99075],[-65.35301,-11.39062],[-64.99745,-11.99627],[-64.46906,-12.26106],[-64.39573,-12.45733],[-63.92124,-12.54435],[-63.8014,-12.45495],[-63.24732,-12.70134],[-63.07503,-12.65266],[-62.8074,-12.98887],[-62.22165,-13.12127],[-61.8686,-13.46393],[-61.59306,-13.50679],[-60.89674,-13.55292],[-60.72557,-13.66284],[-60.46527,-13.81657],[-60.47351,-14.11723],[-60.29172,-14.63006],[-60.23797,-15.50267],[-60.12984,-16.27306],[-58.46472,-16.33125],[-58.38116,-17.26721],[-57.79076,-17.55577],[-57.72446,-17.73664],[-57.55108,-18.18364],[-57.789,-19.05925],[-58.12464,-19.72991],[-57.85975,-19.98012],[-58.1588,-20.16512],[-57.86021,-20.73026],[-57.85556,-21.33074],[-57.97313,-22.08105],[-56.84286,-22.28903],[-56.4218,-22.07447],[-56.1968,-22.27931],[-55.89294,-22.3068],[-55.6312,-22.62678],[-55.5338,-23.53044],[-55.39804,-23.97683],[-54.94364,-23.96918],[-54.61255,-23.81116],[-54.24575,-24.05039],[-54.35843,-24.73142],[-54.6002,-25.57494],[-54.2148,-25.53146],[-53.90996,-25.62924],[-53.66155,-26.25979],[-53.7107,-26.87381],[-53.84201,-27.16351],[-54.82753,-27.54509],[-55.02581,-27.84016],[-55.62304,-28.14435],[-56.41575,-29.05135],[-57.32515,-29.98101],[-57.6117,-30.18296],[-57.60279,-30.19052],[-57.2126,-30.28735],[-56.83128,-30.10204],[-56.01136,-30.79822],[-56.01702,-31.0743],[-56.00987,-31.08195],[-55.59187,-30.84835],[-55.25998,-31.22869],[-54.59152,-31.47105],[-54.46722,-31.66424],[-53.77183,-32.04709],[-53.64868,-32.33865],[-53.18284,-32.7999],[-53.52066,-33.12498],[-53.53965,-33.64926],[-53.37909,-33.74068],[-52.62169,-33.10198],[-52.37531,-32.49871],[-52.12743,-32.1775],[-52.24559,-31.841],[-51.92276,-31.3069],[-51.44302,-31.08099],[-51.12255,-30.25604],[-50.53726,-30.32041],[-50.31566,-30.46152],[-50.04532,-29.81455],[-49.71353,-29.32448],[-49.34276,-28.92352],[-48.81534,-28.61045],[-48.56554,-27.86028],[-48.64745,-27.64739],[-48.57518,-27.01621],[-48.6822,-26.71917],[-48.58275,-25.9809],[-48.43273,-25.62249],[-48.0821,-25.30732],[-47.82555,-24.89414],[-47.18139,-24.53338],[-46.96646,-24.29909],[-45.86437,-23.75644],[-45.4335,-23.66473],[-44.9193,-23.34881],[-44.72757,-23.35206],[-44.67321,-23.05934],[-44.19099,-23.04876],[-43.86437,-22.89617],[-43.54223,-23.04941],[-43.0314,-22.9743],[-42.05822,-22.95379],[-41.9663,-22.53541],[-41.66649,-22.28183],[-40.96727,-21.94752],[-41.07187,-21.52334],[-40.96512,-21.27403],[-40.73172,-20.84384],[-40.34874,-20.5001],[-40.02684,-19.76442],[-39.70979,-19.41611],[-39.74486,-18.68174],[-39.67261,-18.32322],[-39.18375,-17.60084],[-39.20861,-17.1622],[-39.05407,-16.43646],[-38.86437,-15.84336],[-39.06713,-14.67498],[-38.9237,-14.00408],[-39.06249,-13.4],[-38.84179,-13.16123],[-38.73815,-12.73659],[-38.32042,-12.93524],[-37.65465,-12.04974],[-37.48278,-11.51833],[-37.31603,-11.40643],[-36.90307,-10.77288],[-36.40807,-10.50213],[-35.85318,-9.73122],[-35.58259,-9.53289],[-35.14834,-8.91357],[-34.81163,-7.90586],[-34.89338,-7.5429],[-34.79735,-7.15846],[-34.96329,-6.50333],[-35.26228,-5.48333],[-35.51057,-5.14373],[-35.99718,-5.04754],[-36.59,-5.10296],[-37.23639,-4.82989],[-37.60725,-4.60809],[-38.10668,-4.15789],[-38.45735,-3.71844],[-38.65966,-3.67645],[-39.35827,-3.18353],[-39.98571,-2.8484],[-40.49962,-2.78631],[-41.13777,-2.88584],[-41.24812,-3.01206],[-41.84284,-2.76531],[-42.22224,-2.81243],[-42.70995,-2.56032],[-43.31177,-2.34647],[-43.47696,-2.53769],[-44.01415,-2.6347],[-44.36807,-2.54957],[-44.43297,-2.95029],[-44.69359,-2.99489],[-44.47395,-2.40211],[-44.52172,-1.84726],[-45.09138,-1.46413],[-45.40128,-1.43792],[-45.69603,-1.16058],[-46.08458,-1.21038],[-46.48009,-1.02223],[-46.6138,-0.81324],[-47.08454,-0.75058],[-47.58451,-0.57825],[-48.15404,-0.78183],[-48.33971,-1.31601],[-48.96559,-1.59972],[-49.232,-1.94817],[-49.48522,-1.76393],[-49.6761,-1.90862],[-49.97692,-1.8261],[-50.37284,-1.97373],[-50.56534,-1.89072],[-50.8192,-1.43629],[-50.82445,-1.03094],[-52.12377,-1.61907],[-51.90831,-1.15797],[-51.6975,-0.74717],[-51.20157,-0.04909],[-50.79064,0.1695],[-50.31249,0.81721],[-49.97883,1.07221],[-49.91016,1.66426],[-50.46654,1.81542],[-50.71262,2.2368],[-51.09274,3.37633],[-51.0799,3.88227],[-51.5165,4.44112],[-51.68322,4.03937],[-51.98842,3.70456],[-52.70771,2.35893],[-52.95968,2.17522],[-53.3441,2.34963],[-53.86681,2.30493],[-54.13491,2.11067],[-54.61529,2.32627],[-54.77549,2.45734],[-55.01775,2.59059],[-56.1168,2.33309],[-55.92581,2.06168],[-56.01965,1.83351],[-56.48182,1.94161],[-56.80648,1.87358],[-57.10449,2.02145],[-57.56116,1.70897],[-58.33191,1.59339],[-58.50175,1.45378],[-58.77194,1.20127],[-58.97202,1.31231],[-59.24214,1.3778],[-59.76454,1.92053],[-59.7417,2.26379],[-60.00008,2.69405],[-59.83766,3.60929],[-59.52923,3.93191],[-59.68712,4.37147],[-60.0877,4.60752],[-60.0887,5.15539],[-60.73985,5.20214],[-60.61263,4.90058],[-61.01196,4.5183],[-61.29726,4.52373],[-61.5421,4.26302],[-62.19266,4.09474],[-62.38417,4.17347],[-62.76622,4.02071],[-62.74958,3.66037],[-62.99705,3.59914],[-63.4254,3.96836],[-64.06381,3.9116],[-64.1251,4.08849],[-64.64802,4.2079],[-64.6629,3.99699],[-64.20298,3.59472],[-64.22292,3.124],[-63.99787,2.70599],[-64.04797,2.47132],[-63.38483,2.42058],[-63.38655,2.23589],[-63.76264,1.98567],[-63.99503,1.95802],[-64.08086,1.64739],[-64.73088,1.24757],[-65.13677,1.12691],[-65.45122,0.69014],[-65.74544,0.97415],[-66.15634,0.73303],[-66.3462,0.75939],[-66.87506,1.22251],[-67.0982,1.25336],[-67.11716,1.70979],[-67.34061,2.09011],[-67.59295,2.05481],[-67.79046,1.81258],[-68.1633,1.72129],[-69.84118,1.70758],[-69.85219,1.05942],[-69.37085,1.06299],[-69.13745,0.65014],[-70.05425,0.58813],[-70.07381,-0.1249],[-69.63208,-0.50689],[-69.62838,-0.73344],[-69.42107,-1.23931],[-69.77116,-3.23417],[-69.96495,-4.23648],[-70.23132,-4.30366],[-70.42993,-4.13417],[-70.83224,-4.17943],[-70.96869,-4.38531],[-71.77435,-4.48153],[-72.07113,-4.60514],[-72.62727,-5.02243],[-72.91795,-5.13209],[-73.00135,-5.7088],[-73.23478,-6.07756],[-73.13178,-6.43526],[-73.76549,-6.90418],[-73.80676,-7.11788],[-73.76076,-7.33743],[-73.98449,-7.52941],[-73.71216,-7.78815],[-73.52654,-8.37241],[-73.17457,-8.72071],[-72.95939,-9.08565],[-73.21498,-9.40904],[-72.43023,-9.48221],[-72.19567,-10.00559],[-71.39143,-10.00683],[-71.1965,-9.93986],[-70.68085,-9.52769],[-70.63866,-9.95589],[-70.64134,-11.0108],[-70.2894,-11.06475],[-69.95611,-10.91933],[-69.57763,-10.9523],[-68.88403,-11.01638],[-68.61573,-11.1125],[-68.29332,-10.97897],[-68.09788,-10.69774],[-67.75578,-10.71418],[-67.33782,-10.32609],[-67.0643,-10.25694],[-66.64892,-9.91588]]],[[[-48.46251,-0.5761],[-48.42724,-0.25994],[-49.2154,-0.14121],[-49.65347,-0.24114],[-50.36815,-0.10565],[-50.58336,-0.19215],[-50.7799,-0.66058],[-50.80419,-1.42498],[-50.40518,-1.83099],[-50.05207,-1.70387],[-49.82356,-1.81658],[-49.55655,-1.64544],[-49.22277,-1.62119],[-48.83922,-1.44256],[-48.46251,-0.5761]]],[[[-51.18602,-0.61395],[-51.50512,-0.60711],[-51.67577,-0.84677],[-51.78563,-1.44997],[-51.27115,-1.01767],[-51.18602,-0.61395]]]]}},{"type":"Feature","properties":{"id":"bri","country_id":"BRI","level":"country","countryCode":"bri","countryName":"Brazilian Island","nameZh":"巴西岛","nameEn":"Brazilian Island","source":"Natural Earth Admin 0 Countries","sourceVersion":"5.1.1","sourceYear":2022,"license":"Public Domain","boundaryPolicy":"de facto","mapCluster":"global-country","sourceSimplification":"2%","sourceMapshaperPackage":"mapshaper@0.7.47","sourceComponentCountryIds":["BRI"],"sourceComponentRegionIds":[]},"geometry":{"type":"Polygon","coordinates":[[[-57.64247,-30.19309],[-57.60279,-30.19052],[-57.6117,-30.18296],[-57.64247,-30.19309]]]}},{"type":"Feature","properties":{"id":"brt","country_id":"BRT","level":"country","countryCode":"brt","countryName":"Bir Tawil","nameZh":"比尔泰维勒","nameEn":"Bir Tawil","source":"Natural Earth Admin 0 Countries","sourceVersion":"5.1.1","sourceYear":2022,"license":"Public Domain","boundaryPolicy":"de facto","mapCluster":"global-country","sourceSimplification":"2%","sourceMapshaperPackage":"mapshaper@0.7.47","sourceComponentCountryIds":["BRT"],"sourceComponentRegionIds":[]},"geometry":{"type":"Polygon","coordinates":[[[33.18114,21.99541],[33.55844,21.71096],[33.86646,21.74972],[34.08418,21.99545],[33.18114,21.99541]]]}},{"type":"Feature","properties":{"id":"bs","country_id":"BS","level":"country","countryCode":"bs","countryName":"The Bahamas","nameZh":"The Bahamas","nameEn":"The Bahamas","source":"Natural Earth Admin 1 States/Provinces dissolved to countries + Footprint policy overrides","sourceVersion":"5.1.1","sourceYear":2022,"license":"Public Domain","boundaryPolicy":"de facto","mapCluster":"global-country","sourceSimplification":"2%","sourceMapshaperPackage":"mapshaper@0.7.47","sourceComponentCountryIds":["BS"],"sourceComponentRegionIds":["BS-AK","BS-BI","BS-BP","BS-BY","BS-CE","BS-CI","BS-CK","BS-CO","BS-CS","BS-EG","BS-EX","BS-FP","BS-HI","BS-IN","BS-LI","BS-MC","BS-MG","BS-MI","BS-NE","BS-NO","BS-NS","BS-RC","BS-RI","BS-SA","BS-SE","BS-SO","BS-SS","BS-SW","BS-WG","BS-X01~"]},"geometry":{"type":"MultiPolygon","coordinates":[[[[-77.23058,26.2851],[-77.34789,26.07062],[-77.19074,25.91633],[-77.16495,26.24543],[-77.03156,26.35529],[-77.32795,26.70913],[-77.5113,26.86953],[-77.77448,26.92723],[-77.75463,26.87946],[-77.51749,26.8522],[-77.37536,26.69953],[-77.23058,26.2851]]],[[[-77.74181,24.63471],[-77.98656,25.01288],[-78.33507,24.67284],[-78.13443,24.50161],[-78.0633,24.31623],[-77.71874,24.49982],[-77.74181,24.63471]]],[[[-76.314,25.2996],[-76.36828,25.34272],[-76.46093,25.35456],[-76.62458,25.46247],[-76.72985,25.56363],[-76.71276,25.44693],[-76.59122,25.42255],[-76.48961,25.3513],[-76.37157,25.3225],[-76.33255,25.28528],[-76.17032,24.98885],[-76.21093,24.90103],[-76.13695,24.90217],[-76.15445,24.98139],[-76.314,25.2996]]],[[[-75.31469,24.21735],[-75.47606,24.37059],[-75.61262,24.56245],[-75.62633,24.64501],[-75.70885,24.70018],[-75.75658,24.66031],[-75.65274,24.58836],[-75.57152,24.48876],[-75.53401,24.38923],[-75.3358,24.15851],[-75.31469,24.21735]]],[[[-74.85912,22.98029],[-74.84484,23.00015],[-74.94636,23.09374],[-75.03161,23.12336],[-75.07689,23.1717],[-75.09406,23.30532],[-75.18273,23.44644],[-75.19489,23.51411],[-75.25007,23.49018],[-75.19689,23.41014],[-75.13166,23.35578],[-75.11295,23.28132],[-75.13219,23.18598],[-75.0751,23.12739],[-74.99055,23.07856],[-74.92443,23.0117],[-74.85912,22.98029]]],[[[-77.82258,23.98021],[-77.64297,23.75487],[-77.51749,23.86416],[-77.74405,24.03547],[-77.83967,24.20673],[-77.94205,24.09687],[-77.82258,23.98021]]],[[[-78.4744,26.71277],[-78.57594,26.69477],[-78.63798,26.60973],[-78.64644,26.50485],[-78.59813,26.5314],[-78.41118,26.59425],[-77.90294,26.68159],[-77.97167,26.72956],[-78.28708,26.68549],[-78.4744,26.71277]]],[[[-73.64707,21.06156],[-73.49261,20.92446],[-73.12982,20.99366],[-73.39818,21.22484],[-73.64707,21.06156]]],[[[-73.13915,22.36335],[-72.75499,22.34968],[-73.06314,22.44473],[-73.13915,22.36335]]],[[[-74.28685,22.7333],[-74.09069,22.65754],[-74.22851,22.81582],[-74.28685,22.7333]]],[[[-75.79821,23.53864],[-75.98225,23.68268],[-75.9877,23.60082],[-75.87336,23.52839],[-75.79821,23.53864]]],[[[-73.99572,22.65754],[-73.91344,22.59447],[-73.84488,22.7202],[-73.95474,22.7202],[-73.99572,22.65754]]],[[[-77.47997,24.99136],[-77.37951,25.00153],[-77.32608,25.07933],[-77.45604,25.07697],[-77.47997,24.99136]]],[[[-74.46866,24.0218],[-74.42711,24.08324],[-74.45816,24.1413],[-74.52969,24.10041],[-74.46866,24.0218]]],[[[-76.32518,23.97403],[-76.31896,23.98021],[-76.37678,24.10139],[-76.37499,24.04658],[-76.32518,23.97403]]],[[[-74.90005,23.70649],[-74.89086,23.66474],[-74.79369,23.67133],[-74.81237,23.71967],[-74.90005,23.70649]]],[[[-77.8192,25.70759],[-77.85827,25.77729],[-77.88732,25.78144],[-77.83145,25.70869],[-77.8192,25.70759]]],[[[-77.53799,26.30659],[-77.57038,26.33271],[-77.57934,26.31802],[-77.56705,26.291],[-77.53799,26.30659]]],[[[-79.25007,25.77473],[-79.28034,25.75723],[-79.26696,25.73249],[-79.24323,25.74291],[-79.25007,25.77473]]],[[[-75.72208,22.20258],[-75.74975,22.20454],[-75.73436,22.17503],[-75.71471,22.18293],[-75.72208,22.20258]]],[[[-76.77019,25.5513],[-76.78742,25.5419],[-76.74981,25.53955],[-76.77019,25.5513]]],[[[-76.82895,25.53171],[-76.85716,25.52388],[-76.84854,25.51683],[-76.82895,25.51683],[-76.82895,25.53171]]]]}},{"type":"Feature","properties":{"id":"bt","country_id":"BT","level":"country","countryCode":"bt","countryName":"Bhutan","nameZh":"Bhutan","nameEn":"Bhutan","source":"Natural Earth Admin 1 States/Provinces dissolved to countries + Footprint policy overrides","sourceVersion":"5.1.1","sourceYear":2022,"license":"Public Domain","boundaryPolicy":"de facto","mapCluster":"global-country","sourceSimplification":"2%","sourceMapshaperPackage":"mapshaper@0.7.47","sourceComponentCountryIds":["BT"],"sourceComponentRegionIds":["BT-11","BT-12","BT-13","BT-14","BT-15","BT-21","BT-22","BT-23","BT-24","BT-31","BT-32","BT-33","BT-34","BT-41","BT-42","BT-43","BT-44","BT-45","BT-GA","BT-TY"]},"geometry":{"type":"Polygon","coordinates":[[[89.12465,27.61485],[88.89233,27.31554],[88.87612,27.28049],[88.73308,27.14897],[88.95455,26.91262],[89.36889,26.83736],[89.75467,26.70099],[89.8587,26.72206],[90.38263,26.8918],[90.94449,26.77887],[91.01278,26.78435],[91.52065,26.79759],[92.08037,26.92157],[92.00579,27.17611],[91.72709,27.45994],[91.62834,27.85269],[91.43648,27.98938],[90.75528,28.05517],[90.47523,28.07234],[90.2618,28.33535],[89.86292,28.29579],[89.41736,27.98865],[89.20584,27.74744],[89.12465,27.61485]]]}},{"type":"Feature","properties":{"id":"bw","country_id":"BW","level":"country","countryCode":"bw","countryName":"Botswana","nameZh":"Botswana","nameEn":"Botswana","source":"Natural Earth Admin 1 States/Provinces dissolved to countries + Footprint policy overrides","sourceVersion":"5.1.1","sourceYear":2022,"license":"Public Domain","boundaryPolicy":"de facto","mapCluster":"global-country","sourceSimplification":"2%","sourceMapshaperPackage":"mapshaper@0.7.47","sourceComponentCountryIds":["BW"],"sourceComponentRegionIds":["BW-CE","BW-FR","BW-GA","BW-GH","BW-JW","BW-KG","BW-KL","BW-KW","BW-LO","BW-NE","BW-NW","BW-SE","BW-SO","BW-SP","BW-ST"]},"geometry":{"type":"Polygon","coordinates":[[[25.96745,-18.99993],[25.22609,-17.93188],[25.25978,-17.79411],[24.95809,-17.80093],[24.57776,-18.04443],[24.18305,-18.02944],[23.64541,-18.466],[23.31148,-18.0098],[22.98137,-18.02004],[21.47572,-18.2995],[20.99344,-18.31861],[20.97561,-19.17211],[20.97936,-20.35103],[20.98149,-20.99996],[20.97198,-22.00067],[19.97835,-22.00067],[19.97986,-23.30855],[19.98048,-23.86449],[19.98145,-24.75249],[20.36489,-25.0332],[20.79411,-25.89392],[20.84145,-26.13132],[20.62254,-26.42753],[20.6089,-26.68612],[21.12246,-26.86534],[21.68718,-26.85521],[22.0577,-26.6176],[22.25728,-26.34092],[22.62086,-26.11153],[22.84463,-25.48113],[23.007,-25.31081],[23.45927,-25.28218],[23.92477,-25.62924],[24.50085,-25.75785],[24.79862,-25.82922],[25.38649,-25.74354],[25.65284,-25.46332],[25.87675,-24.88603],[26.16591,-24.66085],[26.404,-24.63276],[26.84971,-24.24813],[26.96454,-23.74714],[27.12742,-23.52502],[27.60801,-23.21672],[28.33856,-22.58462],[28.91253,-22.45367],[29.04782,-22.2203],[29.35007,-22.18671],[29.02157,-21.98279],[29.03872,-21.79789],[28.6297,-21.65134],[27.99042,-21.55191],[27.67478,-21.09013],[27.69813,-20.50908],[27.26839,-20.49575],[27.21491,-20.11045],[26.67717,-19.88682],[26.13027,-19.50108],[25.96745,-18.99993]]]}},{"type":"Feature","properties":{"id":"by","country_id":"BY","level":"country","countryCode":"by","countryName":"Belarus","nameZh":"Belarus","nameEn":"Belarus","source":"Natural Earth Admin 1 States/Provinces dissolved to countries + Footprint policy overrides","sourceVersion":"5.1.1","sourceYear":2022,"license":"Public Domain","boundaryPolicy":"de facto","mapCluster":"global-country","sourceSimplification":"2%","sourceMapshaperPackage":"mapshaper@0.7.47","sourceComponentCountryIds":["BY"],"sourceComponentRegionIds":["BY-BR","BY-HM","BY-HO","BY-HR","BY-MA","BY-MI","BY-VI"]},"geometry":{"type":"Polygon","coordinates":[[[27.51243,51.6231],[27.66615,51.49019],[29.04358,51.62618],[29.35326,51.37706],[30.14863,51.48443],[30.55466,51.24251],[30.66198,51.81942],[30.94052,52.02008],[31.76434,52.10057],[31.36157,53.12004],[32.20592,53.10035],[32.71779,53.43106],[32.48058,53.66241],[31.7538,53.81961],[31.74812,54.08631],[31.17902,54.45335],[30.77061,54.78601],[31.00641,55.04243],[30.79427,55.28552],[30.90712,55.57777],[30.21777,55.85514],[29.46102,55.6873],[29.37741,55.95403],[28.14891,56.14241],[28.0511,56.14067],[27.76006,55.97542],[27.59271,55.79424],[26.97943,55.82629],[26.59453,55.66699],[26.4455,55.3375],[26.7399,55.24278],[26.17032,54.99326],[25.78269,54.86968],[25.53,54.34614],[24.85098,54.14495],[24.82136,54.01991],[23.48563,53.93929],[23.89366,53.15195],[23.92043,52.77262],[23.17608,52.28513],[23.63745,52.08447],[23.60624,51.5174],[23.98131,51.586],[24.39079,51.88001],[25.5474,51.91944],[26.08076,51.90066],[27.51243,51.6231]]]}},{"type":"Feature","properties":{"id":"bz","country_id":"BZ","level":"country","countryCode":"bz","countryName":"Belize","nameZh":"Belize","nameEn":"Belize","source":"Natural Earth Admin 1 States/Provinces dissolved to countries + Footprint policy overrides","sourceVersion":"5.1.1","sourceYear":2022,"license":"Public Domain","boundaryPolicy":"de facto","mapCluster":"global-country","sourceSimplification":"2%","sourceMapshaperPackage":"mapshaper@0.7.47","sourceComponentCountryIds":["BZ"],"sourceComponentRegionIds":["BZ-BZ","BZ-CY","BZ-CZL","BZ-OW","BZ-SC","BZ-TOL"]},"geometry":{"type":"Polygon","coordinates":[[[-88.16686,17.95995],[-88.09154,18.11839],[-88.30382,18.48135],[-88.61406,18.24703],[-88.88033,17.88847],[-89.14634,17.95146],[-89.1605,17.81431],[-89.15073,17.32103],[-89.19314,16.39263],[-89.23602,15.90649],[-88.91397,15.89395],[-88.39006,16.49766],[-88.28938,17.13577],[-88.28331,17.58027],[-88.16686,17.95995]]]}},{"type":"Feature","properties":{"id":"ca","country_id":"CA","level":"country","countryCode":"ca","countryName":"Canada","nameZh":"Canada","nameEn":"Canada","source":"Natural Earth Admin 1 States/Provinces dissolved to countries + Footprint policy overrides","sourceVersion":"5.1.1","sourceYear":2022,"license":"Public Domain","boundaryPolicy":"de facto","mapCluster":"global-country","sourceSimplification":"2%","sourceMapshaperPackage":"mapshaper@0.7.47","sourceComponentCountryIds":["CA"],"sourceComponentRegionIds":["CA-AB","CA-BC","CA-MB","CA-NB","CA-NL","CA-NS","CA-NT","CA-NU","CA-ON","CA-PE","CA-QC","CA-SK","CA-YT"]},"geometry":{"type":"MultiPolygon","coordinates":[[[[-109.99932,48.99262],[-106.60718,48.99262],[-104.04757,48.99262],[-101.36434,48.99267],[-99.7931,48.99267],[-97.22609,48.99267],[-95.17711,48.99267],[-95.16057,49.36949],[-94.82726,49.29286],[-94.59285,48.72643],[-92.6486,48.53626],[-91.42793,48.03645],[-90.17863,48.11644],[-89.49896,47.99509],[-88.34726,48.29866],[-86.63706,47.62412],[-84.87869,46.89791],[-84.58941,46.47512],[-84.15881,46.43334],[-83.9473,46.0606],[-83.61388,46.11564],[-83.48397,45.77194],[-82.53214,45.29352],[-82.15361,43.54959],[-82.51126,42.64667],[-83.12851,42.23996],[-83.13086,41.93803],[-82.71112,41.68025],[-82.42486,41.67681],[-81.27666,42.20867],[-80.52023,42.32378],[-79.76301,42.5377],[-79.01938,42.80269],[-79.17431,43.46453],[-78.68809,43.63181],[-76.84153,43.6255],[-76.45463,44.08424],[-75.27023,44.86377],[-74.71296,44.99925],[-74.34618,45.22057],[-73.75544,45.67638],[-73.49543,45.72789],[-72.9945,46.2108],[-72.60253,46.30134],[-71.88052,46.69066],[-71.35399,46.739],[-70.95686,47.02066],[-70.71496,47.11758],[-70.49706,47.42927],[-69.93204,47.77306],[-69.06957,48.75621],[-68.12239,49.27135],[-67.37633,49.33922],[-67.13146,49.83128],[-66.54312,50.21613],[-65.25829,50.32225],[-64.88834,50.27448],[-62.85245,50.29426],[-61.84577,50.21979],[-61.71788,50.10004],[-60.83556,50.25633],[-60.06371,50.25397],[-59.4099,50.66661],[-58.99328,50.79084],[-58.94774,51.04161],[-57.24999,51.50829],[-57.10033,51.41901],[-56.96654,51.42524],[-55.6848,52.11168],[-56.0594,52.76569],[-55.7469,53.14574],[-56.03624,53.58043],[-57.15274,53.73994],[-57.35692,54.13947],[-58.01159,54.23973],[-58.22033,54.06379],[-58.85314,53.94196],[-59.07681,53.687],[-60.04174,53.48017],[-60.10827,53.75768],[-58.97452,53.9715],[-58.18615,54.35859],[-57.39102,54.50194],[-57.84699,54.73871],[-58.68147,54.81855],[-59.00796,55.15367],[-59.86205,55.14086],[-60.2871,55.23338],[-60.35485,55.57514],[-60.78161,55.85969],[-61.34545,55.96931],[-61.83023,56.3769],[-61.88988,57.62499],[-62.66137,58.17585],[-62.5786,58.50422],[-63.44221,59.12055],[-63.72814,59.50914],[-64.14786,59.68285],[-64.22053,60.04658],[-64.53141,60.3039],[-64.84878,60.36571],[-65.13781,59.90021],[-65.54625,59.73127],[-65.40673,59.41743],[-65.64249,59.07331],[-66.10863,58.77912],[-67.0642,58.39293],[-67.64904,58.25178],[-68.78694,58.92247],[-69.45165,58.89521],[-69.76976,59.97106],[-69.7198,60.68403],[-70.11022,61.06013],[-71.39501,61.14952],[-71.8553,61.42377],[-71.65201,61.64985],[-73.67073,62.48212],[-74.41686,62.25251],[-75.82974,62.31334],[-77.49083,62.58832],[-78.1549,62.29731],[-78.08483,61.88805],[-77.70836,61.61628],[-77.81237,61.08808],[-78.16552,60.86835],[-77.28311,60.0266],[-77.46288,59.67662],[-77.88117,59.48493],[-78.4737,58.72016],[-78.03148,58.38813],[-77.07934,57.96149],[-76.58934,57.27131],[-76.50373,56.78376],[-76.65868,56.07298],[-77.1129,55.67536],[-77.78161,55.2735],[-78.39224,55.02753],[-79.67634,54.69379],[-79.46398,54.31017],[-79.12938,54.10749],[-79.0563,53.62035],[-78.78307,52.87153],[-78.52147,52.48094],[-78.5913,52.10615],[-78.84057,51.84227],[-78.88215,51.40327],[-79.52082,51.4667],[-79.74714,51.1955],[-79.52082,50.96548],[-79.52082,50.9429],[-80.10827,51.29609],[-80.4298,51.35716],[-80.59488,51.71137],[-81.39061,52.12779],[-81.56383,52.45624],[-82.30118,52.9676],[-82.11852,53.27729],[-82.12605,53.8122],[-82.4309,54.22822],[-82.20141,54.83393],[-82.45849,55.14118],[-83.92907,55.32652],[-84.61315,55.24518],[-85.12662,55.30256],[-85.68261,55.58658],[-87.6223,56.09557],[-87.97956,56.44286],[-88.947,56.85322],[-89.82702,56.97602],[-90.58552,57.22993],[-91.03112,57.26463],[-92.2235,57.02147],[-93.12849,58.52839],[-93.18952,58.75971],[-94.39948,58.71247],[-94.80744,59.01813],[-94.80313,60.00007],[-93.98497,61.45799],[-93.50206,61.85582],[-92.59341,62.23945],[-92.26089,62.56261],[-92.45393,62.79393],[-91.44197,62.78693],[-90.64363,63.06892],[-90.97452,63.57868],[-90.16837,63.6577],[-89.81273,63.96015],[-88.73461,63.97236],[-88.0443,64.18431],[-86.93822,65.14195],[-87.04695,65.23798],[-89.03987,65.32819],[-89.83747,65.83092],[-88.58458,65.64525],[-88.20547,65.4051],[-87.38077,65.3297],[-86.47468,65.73395],[-85.85666,66.16283],[-86.62059,66.3144],[-86.62047,66.50694],[-85.41607,66.56698],[-85.26781,66.28693],[-83.69079,66.1992],[-82.63345,66.5633],[-81.9549,66.97679],[-81.52741,66.99604],[-81.23795,67.46052],[-82.08825,67.89952],[-82.3697,68.35627],[-81.26651,68.63874],[-81.7025,68.90754],[-81.33723,69.18757],[-82.23729,69.23522],[-82.57551,69.67406],[-83.75406,69.71174],[-84.33983,69.85969],[-85.33316,69.79137],[-85.53405,69.46332],[-85.21996,69.1328],[-85.66812,68.727],[-85.90172,68.05439],[-86.52929,67.6872],[-86.50194,67.37938],[-87.32779,67.17329],[-88.15298,67.68041],[-88.37365,67.97582],[-87.79223,68.33124],[-88.02261,68.80866],[-89.3317,69.2495],[-89.67219,69.0445],[-90.00015,68.37926],[-90.60351,68.44078],[-90.44652,68.8863],[-91.0336,69.21955],[-91.10997,69.51329],[-92.47142,69.69762],[-91.54524,70.14496],[-92.9077,70.90204],[-92.99063,71.35712],[-94.5487,72.00214],[-95.22517,71.94953],[-95.65831,71.29149],[-96.21174,71.38679],[-96.61644,70.82575],[-96.19034,70.62474],[-96.48632,70.09699],[-95.6503,69.78388],[-94.32217,69.45299],[-94.13516,69.1328],[-94.6361,68.75605],[-93.73046,68.6118],[-94.86099,68.03087],[-95.58202,67.89952],[-95.2556,67.26227],[-96.46524,67.54951],[-96.21638,67.78034],[-96.3981,68.17137],[-97.26037,68.4687],[-98.19237,68.30768],[-97.06115,67.68041],[-97.59032,67.60297],[-98.36095,67.81135],[-98.91544,67.71162],[-100.71703,67.84699],[-101.52945,67.68041],[-102.76256,67.81513],[-103.36608,68.0185],[-104.48388,68.03392],[-104.60196,68.23534],[-105.53596,68.4499],[-105.46959,68.72199],[-106.1975,68.9444],[-107.29259,68.7014],[-108.28083,68.62157],[-108.81505,68.27424],[-108.33764,68.1551],[-106.57315,68.42023],[-107.94164,67.85432],[-107.24645,67.08421],[-107.65868,66.70771],[-108.21496,67.02741],[-107.99254,67.28246],[-108.59911,67.62531],[-110.42081,67.94839],[-112.42101,67.68244],[-113.85875,67.69623],[-115.5338,67.93439],[-114.83703,68.26264],[-114.05679,68.30419],[-114.20104,68.57193],[-114.98778,68.86742],[-116.20812,68.8312],[-118.04088,69.0246],[-118.66637,69.22549],[-120.27864,69.40778],[-120.68082,69.55667],[-121.42785,69.76683],[-122.951,69.83857],[-123.54475,69.37702],[-124.07185,69.66584],[-125.0323,69.74726],[-125.93863,69.41401],[-126.70177,69.7674],[-127.13646,70.25288],[-127.92829,70.56708],[-128.31037,69.98941],[-129.1737,69.83234],[-130.32445,70.1402],[-130.94286,70.0788],[-132.13891,69.68793],[-132.88728,69.66108],[-133.63191,69.39916],[-134.41006,69.65693],[-135.83788,69.30907],[-136.44487,68.9099],[-137.19115,68.9479],[-138.63671,69.28368],[-139.14379,69.51366],[-141.00556,69.65095],[-141.00501,68.48471],[-141.00423,66.88114],[-141.00315,64.54867],[-141.00229,62.65359],[-141.00116,60.32107],[-140.01579,60.18739],[-139.10161,60.3466],[-139.06021,60.00006],[-137.61136,59.23933],[-137.42311,58.90772],[-136.46655,59.2878],[-136.2585,59.62158],[-135.48276,59.79248],[-135.09575,59.41885],[-134.22219,58.84271],[-133.46309,58.46222],[-132.55245,57.49908],[-132.03186,57.02841],[-132.10738,56.85875],[-131.10055,56.40767],[-130.07154,56.08412],[-130.01962,55.90795],[-129.95792,55.2735],[-130.45824,54.34862],[-130.10473,53.94709],[-129.33495,53.39692],[-128.54674,53.13597],[-128.24299,52.55878],[-127.80053,52.25629],[-127.87369,51.67341],[-127.6643,51.39814],[-127.77701,51.16722],[-127.0218,50.82193],[-126.17886,50.85322],[-126.24226,50.50104],[-125.39102,50.49726],[-124.60521,50.23286],[-124.73217,49.95429],[-124.17097,49.78099],[-123.96378,49.52114],[-123.5546,49.38996],[-123.09051,48.99251],[-123.03531,48.9925],[-122.75302,48.99251],[-119.35604,48.99251],[-117.03815,48.99251],[-116.04816,48.99251],[-114.06384,48.99251],[-111.44288,48.99262],[-109.99932,48.99262]]],[[[-72.94896,66.73456],[-74.34541,66.22582],[-73.71784,65.7746],[-74.50292,65.34349],[-75.75731,65.21381],[-76.67687,65.41108],[-77.96361,65.05195],[-78.18476,64.58674],[-77.7578,64.34296],[-76.72789,64.29613],[-75.86213,64.37763],[-75.70686,64.57925],[-74.71308,64.38203],[-74.55073,64.63101],[-73.45234,64.5915],[-72.31758,63.67886],[-71.56562,63.69082],[-71.76647,63.28413],[-71.37263,63.04853],[-70.24031,62.7541],[-69.62694,62.791],[-69.44506,62.55353],[-68.55366,62.24974],[-67.40062,62.14981],[-66.27448,61.8581],[-65.93,62.19782],[-67.19799,62.8769],[-68.14692,63.16063],[-68.76032,63.55475],[-68.49621,63.7403],[-66.51924,63.07734],[-65.66588,62.91226],[-65.16963,62.56843],[-64.48436,63.28779],[-64.67614,63.7403],[-65.72606,64.5152],[-65.82405,64.88276],[-66.64936,64.96992],[-67.16881,65.26854],[-67.06025,65.45336],[-67.92699,65.6201],[-67.81001,65.8784],[-67.17011,65.93256],[-67.30317,66.28075],[-66.96129,66.54084],[-65.50312,65.76675],[-64.90209,65.28205],[-63.40522,65.03278],[-63.49751,65.37084],[-63.1601,65.64924],[-62.59419,65.66401],[-61.95421,66.01976],[-62.53852,66.22736],[-61.4923,66.36742],[-61.27046,66.6048],[-62.0041,67.03681],[-62.90502,66.97305],[-63.8885,67.2416],[-64.71955,67.98517],[-66.2141,68.00507],[-67.06395,68.47492],[-67.93122,68.52823],[-68.13317,68.83723],[-67.22761,69.46434],[-68.00512,69.46198],[-68.01305,69.77607],[-67.11547,69.72866],[-68.36225,70.5843],[-70.51643,70.93708],[-71.95311,70.79133],[-71.11705,71.27045],[-71.5819,71.51508],[-72.4726,71.64728],[-73.2539,71.33002],[-75.06318,72.12824],[-75.19835,72.49763],[-77.60102,72.7558],[-79.2834,72.39444],[-80.55846,72.62759],[-80.64277,73.16983],[-81.13353,73.24706],[-81.52839,73.71621],[-82.83113,73.73672],[-84.83666,73.38906],[-85.46357,73.11188],[-85.70246,72.63471],[-86.69856,72.81611],[-86.03034,73.30244],[-84.95198,73.66767],[-85.1057,73.812],[-86.71418,73.8474],[-87.76448,73.71674],[-89.05122,73.2517],[-89.75324,72.61083],[-90.10469,71.91633],[-89.81343,71.32901],[-88.06697,71.21284],[-89.44909,70.90803],[-88.69408,70.46503],[-87.85253,70.23798],[-87.03144,70.46849],[-85.78291,69.99518],[-84.95198,70.06656],[-83.6728,69.94636],[-83.05163,70.01048],[-82.12584,69.81806],[-81.07152,70.09927],[-78.88805,69.89378],[-78.76692,70.19139],[-77.68257,70.18366],[-77.0384,69.60578],[-75.68745,69.28705],[-75.49665,68.93423],[-74.87885,68.82551],[-73.72802,68.31367],[-72.98839,68.17329],[-72.43611,67.53148],[-72.3509,67.11945],[-72.94896,66.73456]]],[[[-61.08548,82.33116],[-63.06546,82.5373],[-63.44709,82.82673],[-65.85159,82.84235],[-69.48339,83.04564],[-79.34048,82.97553],[-81.57616,82.79125],[-82.71158,82.38146],[-85.76187,82.46747],[-86.96475,82.0515],[-88.68073,82.05842],[-91.70853,81.73436],[-89.82616,81.01305],[-88.10106,80.68077],[-84.39704,80.51],[-81.21711,80.62767],[-80.35232,80.47264],[-83.78787,80.25092],[-86.43773,80.32001],[-86.44986,79.75422],[-85.32156,79.67967],[-84.32962,79.19237],[-85.75731,78.83165],[-86.60985,78.80927],[-87.48245,78.45197],[-87.48786,78.12718],[-88.18098,77.80146],[-87.4746,77.1114],[-88.29361,77.13634],[-89.53718,76.85676],[-89.1702,76.42418],[-87.62991,76.33556],[-85.24909,76.31611],[-84.23502,76.44676],[-80.77249,76.41999],[-80.66723,76.16405],[-78.14135,76.52717],[-77.71622,76.82197],[-78.8675,76.92442],[-79.4324,77.23859],[-78.28913,77.37755],[-77.9807,77.81672],[-75.58194,78.11302],[-74.46874,79.22716],[-75.02798,79.37328],[-71.1424,79.7895],[-68.27937,80.75987],[-64.69213,81.39081],[-64.37259,81.72496],[-62.25764,82.02355],[-61.08548,82.33116]]],[[[-116.85584,69.64764],[-115.97484,69.3002],[-113.58397,69.20124],[-113.65551,68.80048],[-113.35049,68.59154],[-112.58332,68.50967],[-111.25105,68.51968],[-108.95165,68.74242],[-108.53946,68.94697],[-107.33483,69.02558],[-106.58389,69.50361],[-105.88585,69.17646],[-103.38317,68.78229],[-101.96451,68.96963],[-102.0548,69.48444],[-100.96434,69.66446],[-100.99572,70.17495],[-101.58226,70.13251],[-102.40929,70.42552],[-103.53771,70.59951],[-104.59118,71.07319],[-104.38028,71.60004],[-105.03889,72.11396],[-105.33251,72.75113],[-105.82934,73.05134],[-106.82339,73.30964],[-108.29833,73.13378],[-107.71776,72.30268],[-110.00369,72.98505],[-110.00369,72.75544],[-110.00369,72.71044],[-110.00369,72.62731],[-110.00369,72.52379],[-110.00371,72.49657],[-110.00369,72.45812],[-112.0773,72.89802],[-113.96198,73.12287],[-114.5843,73.38459],[-117.36925,72.91779],[-118.59341,72.4287],[-118.12784,72.22724],[-119.05431,71.93529],[-119.05089,71.62678],[-117.55134,71.37417],[-118.38646,71.0222],[-117.58544,70.60635],[-115.58092,70.58015],[-113.98839,70.71621],[-112.14395,70.49388],[-112.58625,70.20002],[-114.18472,70.31574],[-116.96508,70.12906],[-117.44205,69.98941],[-116.85584,69.64764]]],[[[-66.84301,47.99681],[-66.51537,48.1081],[-65.78384,48.11559],[-65.28555,48.01264],[-64.32909,48.41962],[-64.22118,48.89435],[-64.61339,49.12303],[-65.56579,49.26647],[-66.62206,49.12263],[-68.20564,48.64191],[-69.05443,48.23237],[-70.5349,47.01057],[-71.15795,46.84081],[-71.30248,46.74518],[-71.71418,46.63219],[-71.84569,46.66828],[-72.73103,46.17662],[-73.1398,46.05834],[-73.55728,45.41429],[-74.71296,44.99925],[-73.35134,45.00463],[-71.50585,45.01373],[-71.08495,45.30429],[-70.72284,45.47092],[-70.26253,45.92304],[-70.31136,46.07187],[-70.00776,46.70408],[-69.26763,47.43984],[-69.06356,47.29081],[-68.90623,47.19022],[-68.19705,47.3414],[-67.80518,47.03563],[-67.77284,45.82806],[-67.44996,45.61081],[-67.47502,45.28235],[-67.17601,45.17866],[-66.74584,45.06452],[-65.90941,45.21027],[-64.27342,45.83567],[-64.64879,45.55907],[-64.38805,45.3673],[-65.78588,44.69636],[-66.21032,44.1057],[-66.12169,43.74356],[-65.46264,43.52757],[-65.03441,43.71231],[-64.56094,44.07998],[-64.35391,44.45612],[-63.94302,44.62051],[-63.71589,44.45612],[-62.5515,44.86758],[-61.07116,45.22394],[-61.47053,45.68309],[-62.47045,45.61449],[-62.7386,45.76252],[-63.18981,45.7364],[-64.04273,45.99198],[-64.51403,46.23941],[-64.90583,46.88687],[-64.95962,47.2943],[-64.82628,47.8155],[-65.62881,47.67064],[-65.81786,47.90742],[-66.38589,48.07514],[-66.84301,47.99681]]],[[[-79.56017,74.99152],[-79.50105,75.39191],[-81.11315,75.77912],[-83.91808,75.81452],[-86.19636,75.41535],[-87.11148,75.59479],[-88.24535,75.47842],[-90.18822,76.06778],[-90.44782,76.41132],[-91.44107,76.69367],[-92.69302,76.59601],[-93.70092,76.92097],[-95.77074,77.07673],[-96.85114,76.92963],[-95.82331,76.39912],[-94.84813,76.26923],[-93.12833,76.37018],[-92.00438,75.60163],[-92.50402,75.218],[-91.62084,74.71162],[-90.89411,74.76089],[-89.94864,74.53278],[-89.14737,74.6079],[-87.64363,74.45832],[-84.25829,74.5065],[-83.49352,74.57783],[-81.78869,74.4584],[-80.54186,74.56354],[-79.56017,74.99152]]],[[[-96.62312,80.04434],[-95.64599,79.39427],[-92.58039,79.38475],[-94.27156,78.96821],[-92.95275,78.43671],[-90.88414,78.1446],[-88.77001,78.18553],[-87.85879,78.69269],[-84.91861,79.29597],[-85.56379,79.57978],[-87.18871,79.62783],[-86.97126,79.88158],[-87.70055,80.41258],[-90.63923,80.56851],[-92.23693,81.25633],[-95.23184,81.01533],[-96.62312,80.04434]]],[[[-115.32364,73.50869],[-116.86701,74.08755],[-118.06599,74.28071],[-120.15656,74.279],[-121.5808,74.55585],[-124.75569,74.34858],[-123.77375,73.76561],[-124.85993,73.09032],[-124.49039,72.92512],[-125.75206,72.14769],[-124.06456,71.70038],[-123.09992,71.08462],[-120.63524,71.49144],[-120.19669,72.21703],[-119.34016,72.34675],[-119.16389,72.62983],[-115.75377,73.35749],[-115.32364,73.50869]]],[[[-52.62881,47.52668],[-53.11376,47.43057],[-53.84679,47.70677],[-53.63948,48.16934],[-53.05846,48.43586],[-53.41417,48.62377],[-53.77448,48.55077],[-53.92394,48.91767],[-53.45368,49.24217],[-54.04109,49.48086],[-55.22289,49.26455],[-55.93863,49.60969],[-55.72265,49.93122],[-56.14879,50.15571],[-56.73876,50.0268],[-55.87312,50.9173],[-55.49185,51.38837],[-56.10619,51.529],[-56.7202,51.31932],[-56.9772,50.8815],[-57.45686,50.48306],[-57.61018,50.16568],[-58.1859,49.44269],[-58.13622,49.09488],[-58.44335,49.05679],[-58.70324,48.55451],[-58.5362,48.45356],[-59.39883,47.88032],[-59.11164,47.56078],[-58.09777,47.69522],[-56.77746,47.53339],[-55.9685,47.75983],[-55.25088,46.91885],[-54.86608,47.37958],[-54.45836,47.49942],[-54.0133,47.8072],[-53.91055,47.37275],[-53.57258,47.16205],[-53.62287,46.65583],[-52.94127,46.79133],[-52.62881,47.52668]]],[[[-110.00369,74.85262],[-107.0052,74.92381],[-106.0089,75.05663],[-105.39049,75.65965],[-105.75992,75.99018],[-107.85757,76.06586],[-109.18444,76.82193],[-110.00369,76.48615],[-110.00369,76.22641],[-110.00369,75.91144],[-110.00369,75.87869],[-110.00369,75.54466],[-111.36144,75.71524],[-112.43248,76.17084],[-113.96304,76.19062],[-114.20592,76.47101],[-115.51232,76.4562],[-117.67488,75.29316],[-115.71544,74.97036],[-112.79784,74.98505],[-114.43981,74.68366],[-113.69302,74.44448],[-112.43741,74.41352],[-110.00369,74.85262]]],[[[-80.18334,63.76756],[-80.88878,64.12263],[-81.62719,64.1236],[-81.77131,64.51203],[-82.36596,64.76801],[-84.09846,65.20954],[-85.20104,65.80927],[-86.02839,65.66503],[-86.15933,64.93944],[-86.40575,64.43854],[-86.19286,64.10342],[-86.8959,63.93024],[-87.22378,63.66014],[-85.61701,63.67487],[-85.63516,63.24311],[-85.27392,63.12336],[-84.59024,63.31513],[-84.40534,63.55475],[-83.63378,63.77098],[-83.68529,64.01406],[-82.53392,63.97305],[-82.07462,63.69184],[-81.01887,63.45026],[-80.18334,63.76756]]],[[[-96.32127,72.46686],[-97.66075,73.03669],[-97.66827,73.48631],[-96.9564,73.73729],[-97.57046,73.8937],[-99.21841,73.73945],[-100.00132,73.95002],[-100.88584,73.8321],[-101.56159,73.46857],[-100.11119,73.03266],[-100.43121,72.74042],[-101.29625,72.71857],[-101.76284,73.01899],[-102.48476,73.04125],[-102.61424,72.66132],[-101.84015,72.32648],[-100.63654,72.18647],[-99.86436,71.85944],[-99.23509,71.3496],[-98.54148,71.29218],[-97.96983,71.66153],[-96.55967,71.83983],[-96.71849,72.29955],[-96.32127,72.46686]]],[[[-123.3212,48.49584],[-123.81338,49.1186],[-124.79475,49.47256],[-125.43619,50.31363],[-127.19856,50.62128],[-128.07698,50.87031],[-128.31981,50.60981],[-127.14192,49.86664],[-126.64973,49.89802],[-126.57266,49.41429],[-126.07649,49.38373],[-125.73583,49.05305],[-124.66539,48.57323],[-123.5546,48.32795],[-123.3212,48.49584]]],[[[-119.31749,76.1999],[-115.89281,76.69843],[-116.40673,77.5624],[-117.23111,77.28571],[-118.82055,77.36103],[-121.20425,76.67821],[-121.55358,76.437],[-122.86172,76.18236],[-121.43684,75.94428],[-119.86295,75.85912],[-119.31749,76.1999]]],[[[-90.29101,73.92329],[-92.11376,73.98432],[-93.27257,74.17796],[-95.24865,74.00991],[-95.61295,73.59638],[-95.59268,72.69945],[-95.13573,72.46345],[-95.14525,71.96589],[-94.08776,72.06354],[-93.46422,72.46345],[-93.40323,72.79434],[-92.38488,72.70991],[-91.85766,72.84797],[-90.29101,73.92329]]],[[[-105.6068,79.10358],[-103.38402,78.7746],[-103.49718,78.50654],[-101.036,78.1992],[-100.61002,77.86396],[-99.01724,77.89378],[-99.80272,78.3085],[-99.55793,78.5987],[-101.64843,79.081],[-102.60717,79.07648],[-103.72159,79.36335],[-105.6068,79.10358]]],[[[-97.42488,75.51972],[-97.66511,76.48615],[-98.50796,76.63695],[-100.26964,76.64956],[-102.03515,76.41279],[-101.58947,75.92451],[-102.77611,75.54499],[-100.22326,75.66669],[-100.67577,75.33649],[-100.33019,75.01406],[-98.03502,75.02627],[-98.11669,75.298],[-97.42488,75.51972]]],[[[-95.21491,68.86221],[-95.84553,68.89061],[-96.2198,69.31395],[-97.92516,69.89594],[-98.41112,69.35253],[-99.30932,69.15876],[-99.41723,68.89045],[-96.29589,68.48013],[-95.21491,68.86221]]],[[[-80.90339,73.60737],[-80.16381,73.23338],[-79.94864,72.84748],[-79.17545,72.75458],[-78.17089,72.89863],[-76.31896,72.81672],[-76.27164,73.10212],[-77.21349,73.51081],[-78.13854,73.66885],[-80.90339,73.60737]]],[[[-96.91031,77.79515],[-95.06066,77.97264],[-94.82787,78.36371],[-97.45104,78.79711],[-98.35973,78.45173],[-96.91031,77.79515]]],[[[-93.43692,74.94432],[-93.49938,75.26801],[-94.39391,75.60423],[-95.79149,75.50104],[-96.60456,75.06485],[-94.72419,74.63178],[-93.60766,74.6542],[-93.43692,74.94432]]],[[[-75.03352,68.17329],[-75.9112,68.34455],[-76.68887,68.26264],[-77.32266,67.70799],[-76.98156,67.24331],[-75.88927,67.258],[-75.06505,67.55244],[-75.03352,68.17329]]],[[[-110.00369,78.09931],[-113.24128,77.90497],[-113.19962,77.52766],[-112.10924,77.32575],[-110.23542,77.50422],[-110.00369,77.9314],[-110.00369,78.09931]]],[[[-60.08088,45.79243],[-59.88219,46.17666],[-60.35098,46.31208],[-60.31078,46.85444],[-60.60326,47.03364],[-61.54113,46.04047],[-61.33487,45.56623],[-60.72688,45.56562],[-60.08088,45.79243]]],[[[-64.3192,49.79125],[-63.92516,49.67487],[-63.58678,49.38996],[-62.2482,49.06794],[-61.88264,49.35448],[-63.37466,49.82941],[-64.1328,49.95014],[-64.3192,49.79125]]],[[[-104.6809,73.62983],[-105.16714,73.75666],[-106.5996,73.71064],[-107.0393,73.48444],[-105.20246,72.94453],[-104.57266,73.33218],[-104.6809,73.62983]]],[[[-82.19131,62.98615],[-83.51985,62.82636],[-83.90697,62.4914],[-83.673,62.14509],[-83.13459,62.17658],[-81.95694,62.69766],[-82.19131,62.98615]]],[[[-62.00402,46.46406],[-63.19473,46.43114],[-63.83365,46.61237],[-64.23131,46.90331],[-64.41682,46.68277],[-63.62776,46.22382],[-62.57641,46.239],[-62.00402,46.46406]]],[[[-110.00369,78.68692],[-110.42691,78.76634],[-113.21422,78.40656],[-111.77847,78.27021],[-110.00369,78.32901],[-110.00369,78.68692]]],[[[-131.1127,52.17194],[-131.6608,52.54243],[-131.90396,53.24071],[-132.50438,53.04043],[-131.38003,52.20295],[-131.1127,52.17194]]],[[[-132.57942,53.20722],[-132.00788,53.25357],[-131.69327,53.99189],[-133.04052,54.16454],[-133.1444,53.89692],[-132.51793,53.41267],[-132.57942,53.20722]]],[[[-93.25202,77.64435],[-95.5065,77.81074],[-95.98762,77.47907],[-93.47842,77.4881],[-93.25202,77.64435]]],[[[-79.28246,62.26992],[-79.8308,62.41079],[-80.21497,62.13766],[-80.1804,61.77426],[-79.75023,61.58592],[-79.28246,62.26992]]],[[[-117.78474,75.89647],[-118.62121,75.92206],[-119.40905,75.60163],[-118.61392,75.50373],[-117.78474,75.89647]]],[[[-130.2528,53.89248],[-129.56753,53.21532],[-129.33654,53.36061],[-129.83096,53.73542],[-130.2528,53.89248]]],[[[-80.75935,52.91918],[-81.12279,53.20222],[-81.8828,53.17988],[-82.06265,53.02277],[-81.02684,52.75263],[-80.75935,52.91918]]],[[[-73.35827,67.83808],[-73.41291,67.96841],[-74.75601,68.06342],[-74.40233,67.77888],[-73.35827,67.83808]]],[[[-128.80378,52.70067],[-128.53873,53.01972],[-129.07811,53.3028],[-129.18981,53.02334],[-128.80378,52.70067]]]]}},{"type":"Feature","properties":{"id":"cd","country_id":"CD","level":"country","countryCode":"cd","countryName":"Democratic Republic of the Congo","nameZh":"Democratic Republic of the Congo","nameEn":"Democratic Republic of the Congo","source":"Natural Earth Admin 1 States/Provinces dissolved to countries + Footprint policy overrides","sourceVersion":"5.1.1","sourceYear":2022,"license":"Public Domain","boundaryPolicy":"de facto","mapCluster":"global-country","sourceSimplification":"2%","sourceMapshaperPackage":"mapshaper@0.7.47","sourceComponentCountryIds":["CD"],"sourceComponentRegionIds":["CD-BC","CD-BN","CD-EQ","CD-KA","CD-KE","CD-KN","CD-KW","CD-MA","CD-NK","CD-OR","CD-SK"]},"geometry":{"type":"Polygon","coordinates":[[[12.21054,-5.76344],[12.4495,-6.05193],[12.82244,-5.82977],[13.18391,-5.85643],[14.75965,-5.88047],[16.10086,-5.85811],[16.59736,-5.9247],[16.72676,-6.18918],[16.73079,-6.56983],[17.09789,-7.37829],[17.53622,-8.0754],[18.1766,-7.9992],[19.35554,-8.00199],[19.52184,-7.00195],[19.96308,-7.00195],[20.61149,-6.91596],[20.52054,-7.28638],[21.78495,-7.28338],[21.82656,-7.6456],[21.7585,-8.01512],[21.91315,-8.333],[21.8541,-9.61781],[22.15992,-9.93149],[22.30857,-10.61252],[22.1655,-10.85236],[22.28177,-11.23673],[22.53757,-11.03715],[23.01434,-11.10247],[23.49482,-10.96429],[23.83372,-11.02847],[23.96746,-10.87231],[24.3818,-11.12056],[24.31007,-11.40664],[25.2788,-11.19994],[25.35197,-11.64611],[25.99405,-11.9048],[26.64352,-11.98552],[26.96733,-11.87039],[27.01027,-11.60983],[27.42073,-11.92196],[27.58982,-12.24297],[28.33975,-12.45051],[29.06539,-13.38868],[29.5744,-13.22539],[29.79764,-13.42424],[29.79958,-12.15904],[29.7994,-12.15582],[29.44655,-12.33506],[29.03035,-12.37619],[28.83501,-12.09218],[28.49715,-11.85736],[28.43959,-11.34825],[28.63492,-10.51946],[28.66846,-9.82162],[28.3723,-9.23509],[28.76541,-8.93403],[28.91527,-8.47287],[29.57584,-8.37273],[30.75211,-8.19412],[30.44163,-7.59633],[30.29446,-7.14943],[29.96911,-6.80304],[29.73863,-6.65241],[29.47611,-6.00211],[29.59352,-5.62033],[29.34279,-4.99995],[29.40418,-4.4498],[29.36722,-4.18905],[29.21712,-3.70927],[29.2239,-3.57109],[29.21194,-3.40683],[29.23612,-3.2707],[29.24154,-3.10419],[29.01537,-2.72071],[28.85884,-2.4182],[29.15055,-2.15041],[29.18664,-1.73962],[29.44507,-1.49729],[29.57792,-1.38839],[29.55152,-0.99031],[29.62938,-0.4424],[29.64386,-0.35799],[29.68126,-0.1379],[29.83263,0.33698],[29.90391,0.43823],[29.98219,0.84902],[30.18348,0.9546],[30.5537,1.33563],[31.07554,1.84065],[31.2801,2.15144],[30.96801,2.40544],[30.77078,2.67585],[30.76342,3.12344],[30.90493,3.38604],[30.83954,3.4902],[30.53889,3.84155],[30.20589,3.95038],[29.7762,4.40562],[29.7883,4.53937],[29.4941,4.66829],[29.30393,4.38715],[28.75543,4.55399],[28.40414,4.27783],[27.77244,4.59582],[27.4413,5.07073],[27.11636,5.2003],[26.46265,5.05964],[25.58126,5.37492],[25.36365,5.31056],[25.30763,5.03228],[24.66436,4.9244],[24.48084,5.10233],[24.1629,4.90779],[23.56655,4.72444],[23.38837,4.58727],[22.89837,4.82358],[22.45153,4.14667],[22.03661,4.22944],[21.53815,4.24465],[20.45671,4.52482],[20.33894,4.77191],[19.85816,5.06031],[19.40898,5.13039],[19.10674,4.93152],[18.72106,4.37736],[18.59579,4.37126],[18.53709,4.30607],[18.61202,3.86661],[18.62639,3.47687],[18.61305,3.12818],[18.07242,2.16002],[18.07138,1.55146],[17.86664,1.01663],[17.93992,0.36127],[17.71637,-0.1958],[17.74954,-0.52343],[17.54586,-0.75649],[17.29768,-1.02107],[16.83973,-1.26251],[16.65597,-1.59029],[16.52497,-1.85853],[16.23129,-2.12902],[16.18398,-2.94045],[16.22746,-3.28988],[15.95785,-3.8151],[15.88802,-3.94052],[15.56683,-4.03805],[15.15068,-4.42515],[15.07611,-4.52008],[14.83117,-4.81505],[14.39646,-4.85588],[14.36856,-4.27845],[13.90544,-4.4901],[13.71103,-4.46448],[13.57986,-4.78303],[13.0737,-4.63532],[12.8332,-4.72266],[12.53069,-5.16268],[12.50898,-5.72626],[12.21054,-5.76344]]]}},{"type":"Feature","properties":{"id":"cf","country_id":"CF","level":"country","countryCode":"cf","countryName":"Central African Republic","nameZh":"Central African Republic","nameEn":"Central African Republic","source":"Natural Earth Admin 1 States/Provinces dissolved to countries + Footprint policy overrides","sourceVersion":"5.1.1","sourceYear":2022,"license":"Public Domain","boundaryPolicy":"de facto","mapCluster":"global-country","sourceSimplification":"2%","sourceMapshaperPackage":"mapshaper@0.7.47","sourceComponentCountryIds":["CF"],"sourceComponentRegionIds":["CF-AC","CF-BB","CF-BGF","CF-BK","CF-HK","CF-HM","CF-HS","CF-KB","CF-KG","CF-LB","CF-MB","CF-MP","CF-NM","CF-OP","CF-SE","CF-UK","CF-VK"]},"geometry":{"type":"Polygon","coordinates":[[[16.81507,7.54954],[16.37081,7.6725],[15.7939,7.458],[15.48105,7.52326],[15.24656,7.26673],[14.92187,6.68641],[14.71903,6.25786],[14.43271,6.07912],[14.63108,5.73805],[14.66013,5.01144],[14.71727,4.62202],[15.00056,4.40319],[15.0849,3.88584],[15.26231,3.66259],[16.09238,2.86329],[16.19666,2.23645],[16.42749,2.72649],[16.5677,3.46439],[17.41449,3.68341],[17.85641,3.5373],[18.51342,3.59224],[18.62639,3.47687],[18.61202,3.86661],[18.53709,4.30607],[18.59579,4.37126],[18.72106,4.37736],[19.10674,4.93152],[19.40898,5.13039],[19.85816,5.06031],[20.33894,4.77191],[20.45671,4.52482],[21.53815,4.24465],[22.03661,4.22944],[22.45153,4.14667],[22.89837,4.82358],[23.38837,4.58727],[23.56655,4.72444],[24.1629,4.90779],[24.48084,5.10233],[24.66436,4.9244],[25.30763,5.03228],[25.36365,5.31056],[25.58126,5.37492],[26.46265,5.05964],[27.11636,5.2003],[27.4413,5.07073],[27.30131,5.20519],[27.17041,5.72035],[26.52797,6.04317],[26.28964,6.38721],[26.37922,6.63136],[26.02609,6.99668],[25.36003,7.33557],[25.27942,7.65948],[24.83211,8.16573],[24.26319,8.26851],[24.17033,8.68933],[23.48232,8.78339],[23.46282,9.15372],[23.63218,9.27757],[23.62401,9.90777],[23.29122,10.43973],[23.00555,10.68682],[22.86106,10.91915],[22.36469,10.95421],[21.72263,10.63672],[21.65628,10.23367],[21.25692,9.97575],[20.81388,9.41885],[20.35941,9.11642],[19.93209,9.06333],[19.10057,9.01526],[19.07226,8.63187],[18.58928,8.04788],[18.17543,8.02195],[17.67978,7.9852],[17.23379,7.8108],[16.81507,7.54954]]]}},{"type":"Feature","properties":{"id":"cg","country_id":"CG","level":"country","countryCode":"cg","countryName":"Republic of the Congo","nameZh":"Republic of the Congo","nameEn":"Republic of the Congo","source":"Natural Earth Admin 1 States/Provinces dissolved to countries + Footprint policy overrides","sourceVersion":"5.1.1","sourceYear":2022,"license":"Public Domain","boundaryPolicy":"de facto","mapCluster":"global-country","sourceSimplification":"2%","sourceMapshaperPackage":"mapshaper@0.7.47","sourceComponentCountryIds":["CG"],"sourceComponentRegionIds":["CG-11","CG-12","CG-13","CG-14","CG-15","CG-16","CG-2","CG-5","CG-7","CG-8","CG-9","CG-BZV"]},"geometry":{"type":"Polygon","coordinates":[[[13.90544,-4.4901],[14.36856,-4.27845],[14.39646,-4.85588],[14.83117,-4.81505],[15.07611,-4.52008],[15.15068,-4.42515],[15.56683,-4.03805],[15.88802,-3.94052],[15.95785,-3.8151],[16.22746,-3.28988],[16.18398,-2.94045],[16.23129,-2.12902],[16.52497,-1.85853],[16.65597,-1.59029],[16.83973,-1.26251],[17.29768,-1.02107],[17.54586,-0.75649],[17.74954,-0.52343],[17.71637,-0.1958],[17.93992,0.36127],[17.86664,1.01663],[18.07138,1.55146],[18.07242,2.16002],[18.61305,3.12818],[18.62639,3.47687],[18.51342,3.59224],[17.85641,3.5373],[17.41449,3.68341],[16.5677,3.46439],[16.42749,2.72649],[16.19666,2.23645],[15.88991,1.79328],[15.76465,1.90872],[15.09162,1.98443],[14.56214,2.20881],[14.41869,2.13527],[13.66227,2.15776],[13.29457,2.16106],[13.12962,1.59246],[13.18489,1.22262],[13.79474,1.43444],[14.21994,1.35502],[14.46809,0.91323],[14.23182,0.54255],[13.87123,0.19642],[13.88805,-0.09209],[14.49899,-0.63092],[14.43943,-1.18573],[14.36857,-1.92212],[14.10055,-2.47806],[13.88497,-2.48848],[13.77066,-2.11909],[13.44536,-2.42709],[12.99401,-2.36012],[12.74101,-1.89067],[12.45001,-1.8993],[12.45927,-2.32993],[12.06229,-2.41499],[11.55824,-2.34936],[11.53557,-2.805],[11.94437,-3.30321],[11.84081,-3.70999],[11.56982,-3.54495],[11.21252,-3.69729],[11.11402,-3.93686],[11.80641,-4.57712],[11.84167,-4.74154],[11.88624,-4.85524],[12.00961,-5.01963],[12.37762,-4.61941],[12.78266,-4.40007],[13.0737,-4.63532],[13.57986,-4.78303],[13.71103,-4.46448],[13.90544,-4.4901]]]}},{"type":"Feature","properties":{"id":"ch","country_id":"CH","level":"country","countryCode":"ch","countryName":"Switzerland","nameZh":"Switzerland","nameEn":"Switzerland","source":"Natural Earth Admin 1 States/Provinces dissolved to countries + Footprint policy overrides","sourceVersion":"5.1.1","sourceYear":2022,"license":"Public Domain","boundaryPolicy":"de facto","mapCluster":"global-country","sourceSimplification":"2%","sourceMapshaperPackage":"mapshaper@0.7.47","sourceComponentCountryIds":["CH"],"sourceComponentRegionIds":["CH-AG","CH-AI","CH-AR","CH-BE","CH-BL","CH-BS","CH-FR","CH-GE","CH-GL","CH-GR","CH-JU","CH-LU","CH-NE","CH-NW","CH-OW","CH-SG","CH-SH","CH-SO","CH-SZ","CH-TG","CH-TI","CH-UR","CH-VD","CH-VS","CH-ZG","CH-ZH"]},"geometry":{"type":"Polygon","coordinates":[[[7.72732,47.55042],[7.6469,47.55145],[7.58603,47.58462],[7.52087,47.56342],[7.48578,47.49877],[7.446,47.48688],[7.42056,47.45086],[7.38822,47.43329],[7.33693,47.43185],[7.14217,47.48765],[6.93917,47.42684],[6.83808,47.16813],[6.44312,46.85146],[6.13798,46.55759],[6.05901,46.41739],[6.11861,46.33177],[5.95884,46.13047],[6.21659,46.3095],[6.78811,46.40501],[7.02208,45.92526],[7.84962,45.93971],[8.38591,46.45021],[8.72897,46.10824],[8.90888,45.82829],[9.16379,46.17299],[9.22483,46.23119],[9.67432,46.2918],[10.45183,46.5467],[10.45381,46.86443],[10.12519,46.84675],[9.5812,47.05687],[9.53313,47.05553],[9.47702,47.0639],[9.50286,47.0947],[9.51185,47.12937],[9.49553,47.15595],[9.48643,47.19692],[9.49704,47.22893],[9.52115,47.2628],[9.64952,47.40972],[9.55306,47.51689],[9.54748,47.53455],[8.85194,47.67128],[8.59359,47.65817],[8.57631,47.59502],[8.55172,47.59686],[8.4211,47.58111],[7.72732,47.55042]]]}},{"type":"Feature","properties":{"id":"ci","country_id":"CI","level":"country","countryCode":"ci","countryName":"Ivory Coast","nameZh":"Ivory Coast","nameEn":"Ivory Coast","source":"Natural Earth Admin 1 States/Provinces dissolved to countries + Footprint policy overrides","sourceVersion":"5.1.1","sourceYear":2022,"license":"Public Domain","boundaryPolicy":"de facto","mapCluster":"global-country","sourceSimplification":"2%","sourceMapshaperPackage":"mapshaper@0.7.47","sourceComponentCountryIds":["CI"],"sourceComponentRegionIds":["CI-01","CI-02","CI-03","CI-04","CI-05","CI-06","CI-07","CI-08","CI-09","CI-10","CI-11","CI-12","CI-13","CI-14","CI-15","CI-16","CI-17","CI-18","CI-19"]},"geometry":{"type":"Polygon","coordinates":[[[-3.53875,5.15729],[-2.8437,5.14912],[-2.73267,5.35572],[-2.9695,5.62144],[-3.17172,6.24958],[-3.26251,6.61714],[-3.09727,7.05405],[-3.09659,7.05448],[-2.9817,7.19553],[-2.84,7.82025],[-2.50633,8.20927],[-2.60312,8.78515],[-2.68921,9.48872],[-3.20256,9.90823],[-3.89162,9.8939],[-4.32248,9.60898],[-4.96607,9.90102],[-5.11988,10.29398],[-5.52258,10.42549],[-5.80628,10.41347],[-6.18088,10.21584],[-6.20781,10.63754],[-6.52138,10.56421],[-6.66827,10.36584],[-6.95939,10.1855],[-7.70865,10.40247],[-7.98966,10.16199],[-8.15239,9.94999],[-8.07043,9.39754],[-7.7482,9.0754],[-7.95892,8.782],[-7.69159,8.60614],[-7.77102,8.38652],[-8.2003,8.49183],[-8.26598,8.24598],[-7.96564,8.02693],[-8.06723,8.02075],[-8.22898,7.5443],[-8.48545,7.55799],[-8.28411,7.01787],[-8.44165,6.65531],[-8.61872,6.49283],[-8.17058,6.27401],[-7.93489,6.27143],[-7.79965,5.97447],[-7.41796,5.62776],[-7.40985,5.51342],[-7.606,4.81736],[-7.54067,4.35284],[-6.91417,4.65571],[-5.85868,5.02769],[-5.42832,5.09888],[-5.32448,5.19083],[-5.23405,5.22307],[-4.96911,5.1374],[-4.47769,5.29133],[-4.12548,5.30744],[-3.53875,5.15729]]]}},{"type":"Feature","properties":{"id":"ck","country_id":"CK","level":"country","countryCode":"ck","countryName":"Cook Islands","nameZh":"Cook Islands","nameEn":"Cook Islands","source":"Natural Earth Admin 1 States/Provinces dissolved to countries + Footprint policy overrides","sourceVersion":"5.1.1","sourceYear":2022,"license":"Public Domain","boundaryPolicy":"de facto","mapCluster":"global-country","sourceSimplification":"2%","sourceMapshaperPackage":"mapshaper@0.7.47","sourceComponentCountryIds":["CK"],"sourceComponentRegionIds":["CK-X01~","CK-X02~","CK-X03~","CK-X04~","CK-X05~","CK-X06~","CK-X07~","CK-X08~","CK-X09~","CK-X10~","CK-X11~"]},"geometry":{"type":"MultiPolygon","coordinates":[[[[-159.79784,-21.18613],[-159.83308,-21.24456],[-159.74323,-21.25433],[-159.74275,-21.20159],[-159.79784,-21.18613]]],[[[-157.93456,-21.87754],[-157.95287,-21.93231],[-157.88988,-21.9153],[-157.93456,-21.87754]]],[[[-157.708,-19.76719],[-157.73961,-19.81845],[-157.70824,-19.84124],[-157.708,-19.76719]]],[[[-157.94074,-8.98073],[-157.94074,-8.97454],[-158.00288,-8.94671],[-157.97863,-8.97601],[-157.94074,-8.98073]]],[[[-160.98624,-10.38209],[-160.9381,-10.42278],[-160.97993,-10.38095],[-160.98624,-10.38209]]],[[[-158.07832,-19.99424],[-158.12031,-19.97283],[-158.1151,-20.01572],[-158.07832,-19.99424]]],[[[-159.7851,-18.83082],[-159.80232,-18.86582],[-159.77648,-18.87819],[-159.7851,-18.83082]]],[[[-157.31281,-20.15521],[-157.34899,-20.14332],[-157.34032,-20.17571],[-157.31281,-20.15521]]],[[[-158.92516,-19.26922],[-158.93798,-19.25709],[-158.94567,-19.24212],[-158.95556,-19.24529],[-158.95018,-19.25449],[-158.93745,-19.26426],[-158.92516,-19.26922]]],[[[-161.088,-10.03509],[-161.08727,-10.04461],[-161.07555,-10.03639],[-161.088,-10.03509]]],[[[-165.82453,-10.88177],[-165.81404,-10.88909],[-165.81176,-10.88014],[-165.82453,-10.88177]]]]}},{"type":"Feature","properties":{"id":"cl","country_id":"CL","level":"country","countryCode":"cl","countryName":"Chile","nameZh":"Chile","nameEn":"Chile","source":"Natural Earth Admin 1 States/Provinces dissolved to countries + Footprint policy overrides","sourceVersion":"5.1.1","sourceYear":2022,"license":"Public Domain","boundaryPolicy":"de facto","mapCluster":"global-country","sourceSimplification":"2%","sourceMapshaperPackage":"mapshaper@0.7.47","sourceComponentCountryIds":["CL"],"sourceComponentRegionIds":["CL-AI","CL-AN","CL-AP","CL-AR","CL-AT","CL-BI","CL-CO","CL-LI","CL-LL","CL-LR","CL-MA","CL-ML","CL-NB","CL-RM","CL-TA","CL-VS"]},"geometry":{"type":"MultiPolygon","coordinates":[[[[-71.74526,-44.045],[-71.93734,-43.45688],[-71.74298,-43.19013],[-72.14854,-42.99872],[-72.12471,-42.26331],[-71.76926,-41.99961],[-71.92597,-41.62294],[-71.8674,-41.01024],[-71.8606,-40.55944],[-71.82375,-40.2101],[-71.62485,-39.93105],[-71.6411,-39.6],[-71.46165,-39.43382],[-71.41577,-38.93535],[-70.87383,-38.69144],[-71.01614,-38.1437],[-71.18503,-37.70607],[-71.08912,-37.10342],[-71.19516,-36.83915],[-71.02782,-36.48117],[-70.71865,-36.41457],[-70.43075,-36.1294],[-70.40823,-35.5062],[-70.5429,-35.20927],[-70.37245,-35.02739],[-70.04818,-34.28346],[-69.83276,-34.24323],[-69.89537,-33.66229],[-69.78767,-33.37941],[-70.1061,-33.05259],[-70.25612,-32.31428],[-70.33082,-32.20959],[-70.59137,-31.5496],[-70.33978,-31.04172],[-70.2171,-30.51514],[-69.90281,-30.31267],[-69.92935,-29.71788],[-70.04262,-29.36306],[-69.80393,-29.09869],[-69.65405,-28.40099],[-69.13406,-27.77234],[-68.80109,-27.11276],[-68.33048,-27.04496],[-68.57015,-26.55063],[-68.41988,-26.17928],[-68.60596,-25.437],[-68.55423,-25.29119],[-68.49647,-25.16],[-68.57237,-24.76986],[-68.24449,-24.38538],[-67.36237,-24.03037],[-67.25133,-23.73309],[-67.01397,-23.00071],[-67.1939,-22.82222],[-67.87634,-22.83359],[-67.85872,-22.56684],[-68.09623,-21.95396],[-68.20754,-21.28433],[-68.53155,-20.92769],[-68.77554,-20.08968],[-68.58834,-20.05557],[-68.57674,-19.56461],[-68.4932,-19.37696],[-68.98961,-18.94649],[-69.15544,-18.14024],[-69.08228,-18.03908],[-69.30241,-17.97621],[-69.51009,-17.50659],[-69.85756,-17.73417],[-69.7831,-17.9816],[-69.97034,-18.25063],[-70.3947,-18.33775],[-70.27033,-19.17148],[-70.12328,-20.0722],[-70.20564,-20.73935],[-70.06135,-21.44834],[-70.15197,-21.66481],[-70.29703,-22.91774],[-70.56225,-23.05983],[-70.49852,-23.7846],[-70.58283,-24.52483],[-70.44481,-25.3449],[-70.65144,-25.54079],[-70.63464,-26.02863],[-70.78864,-26.99627],[-70.95995,-27.16139],[-70.91242,-27.62184],[-71.13809,-27.94598],[-71.17394,-28.36061],[-71.52196,-28.94012],[-71.48712,-29.21134],[-71.30724,-29.42116],[-71.28661,-29.91025],[-71.63923,-30.25221],[-71.71345,-30.61492],[-71.66784,-31.15049],[-71.51496,-31.77549],[-71.54384,-32.19303],[-71.41246,-32.36956],[-71.56823,-33.00189],[-71.72033,-33.16758],[-71.64078,-33.50058],[-71.87125,-33.9328],[-72.02684,-34.16269],[-72.10302,-34.76092],[-72.23058,-35.11614],[-72.6466,-35.56658],[-72.59797,-35.81015],[-72.79914,-36.0531],[-72.89586,-36.43808],[-73.15966,-36.73496],[-73.28258,-37.21404],[-73.67178,-37.36256],[-73.66808,-37.71941],[-73.4628,-38.09173],[-73.52514,-38.47568],[-73.24669,-39.38585],[-73.40193,-39.80413],[-73.68322,-39.94248],[-73.74865,-40.27304],[-73.7285,-40.54418],[-73.9469,-40.97284],[-73.65998,-41.7575],[-73.20141,-41.78476],[-72.95726,-41.48358],[-72.64513,-41.72283],[-72.8636,-41.90594],[-72.84219,-42.83807],[-72.76106,-43.00905],[-73.11132,-43.46103],[-73.04233,-43.72959],[-73.27774,-44.11004],[-72.68676,-44.48846],[-72.72765,-44.75856],[-73.46068,-45.26629],[-73.55484,-45.87762],[-73.76985,-46.23455],[-74.18936,-45.79363],[-74.71337,-45.98447],[-75.7047,-46.63926],[-75.08336,-46.64088],[-74.26684,-46.78167],[-73.95763,-47.06032],[-74.3247,-47.21893],[-74.73624,-47.70452],[-73.70971,-47.77606],[-73.8911,-48.02223],[-74.41539,-47.98366],[-74.06673,-48.74196],[-74.3719,-48.71917],[-74.42414,-49.37119],[-74.25072,-50.08099],[-74.57372,-50.0993],[-74.12609,-50.76247],[-74.25642,-50.93939],[-73.54003,-52.05527],[-73.53091,-52.45696],[-72.9536,-53.02361],[-72.65612,-52.52166],[-72.16087,-52.65212],[-73.19909,-53.24082],[-72.52253,-53.54437],[-72.46695,-53.28314],[-71.5308,-52.86666],[-71.25414,-53.01678],[-72.45328,-53.40732],[-72.05346,-53.70696],[-71.22875,-53.87469],[-70.97362,-53.75604],[-70.99275,-53.38299],[-70.81212,-52.82138],[-69.23471,-52.20314],[-68.44861,-52.34662],[-69.95275,-52.00742],[-71.9177,-51.99006],[-72.28114,-51.70149],[-72.38222,-51.1606],[-72.30284,-50.6489],[-72.77842,-50.61965],[-73.09608,-50.77065],[-73.32294,-50.26835],[-73.53057,-50.14081],[-73.4651,-49.75996],[-73.45786,-49.30769],[-73.09825,-49.27275],[-73.17045,-49.25087],[-73.00972,-48.99039],[-72.59233,-48.79113],[-72.57678,-48.45213],[-72.32563,-48.28553],[-72.54391,-47.9148],[-72.00984,-47.19815],[-71.93413,-46.79952],[-71.68717,-46.69007],[-71.77016,-46.11264],[-71.64916,-45.99941],[-71.79853,-45.73995],[-71.31153,-45.29946],[-71.58873,-44.97813],[-71.12266,-44.5303],[-71.82205,-44.40318],[-71.74526,-44.045]]],[[[-68.62762,-52.63957],[-69.14025,-52.68377],[-69.58389,-52.50986],[-70.47354,-53.30926],[-70.2567,-53.46103],[-69.67547,-53.35836],[-69.36084,-53.52167],[-70.13695,-53.7387],[-70.07299,-54.24879],[-70.86034,-54.3178],[-71.28966,-54.67645],[-70.23974,-54.85784],[-69.79491,-54.78769],[-69.06701,-54.94883],[-68.65414,-54.88624],[-68.642,-54.79917],[-68.64188,-54.78297],[-68.62762,-52.63957]]],[[[-75.19831,-49.77117],[-74.86775,-50.01621],[-74.48546,-49.95306],[-74.42052,-49.68963],[-74.5255,-48.72283],[-75.0515,-48.85703],[-74.80451,-49.10394],[-74.93017,-49.31422],[-75.46727,-49.3327],[-75.19831,-49.77117]]],[[[-74.33462,-43.28167],[-73.877,-43.42196],[-73.51667,-42.78924],[-73.80915,-42.60866],[-73.48908,-42.1456],[-73.53702,-41.84002],[-74.05529,-41.945],[-74.18962,-42.43191],[-74.12751,-42.67113],[-74.33462,-43.28167]]],[[[-67.99926,-55.62754],[-68.44115,-54.93971],[-69.88598,-55.06357],[-69.60766,-55.36549],[-67.99926,-55.62754]]],[[[-72.52965,-54.07537],[-72.187,-53.77654],[-72.65587,-53.5368],[-73.58471,-53.58278],[-72.52965,-54.07537]]],[[[-73.38248,-44.58782],[-73.14745,-44.91188],[-72.72118,-44.52801],[-73.00202,-44.36126],[-73.38248,-44.58782]]],[[[-67.88317,-55.24383],[-67.42325,-55.21649],[-67.30183,-54.92889],[-67.9418,-54.90545],[-67.88317,-55.24383]]]]}},{"type":"Feature","properties":{"id":"clp","country_id":"CLP","level":"country","countryCode":"clp","countryName":"Clipperton Island","nameZh":"克利珀顿岛","nameEn":"Clipperton Island","source":"Natural Earth Admin 0 Countries","sourceVersion":"5.1.1","sourceYear":2022,"license":"Public Domain","boundaryPolicy":"de facto","mapCluster":"global-country","sourceSimplification":"2%","sourceMapshaperPackage":"mapshaper@0.7.47","sourceComponentCountryIds":["CLP"],"sourceComponentRegionIds":[]},"geometry":{"type":"Polygon","coordinates":[[[-109.21203,10.30268],[-109.23424,10.30793],[-109.21858,10.28156],[-109.21203,10.30268]]]}},{"type":"Feature","properties":{"id":"cm","country_id":"CM","level":"country","countryCode":"cm","countryName":"Cameroon","nameZh":"Cameroon","nameEn":"Cameroon","source":"Natural Earth Admin 1 States/Provinces dissolved to countries + Footprint policy overrides","sourceVersion":"5.1.1","sourceYear":2022,"license":"Public Domain","boundaryPolicy":"de facto","mapCluster":"global-country","sourceSimplification":"2%","sourceMapshaperPackage":"mapshaper@0.7.47","sourceComponentCountryIds":["CM"],"sourceComponentRegionIds":["CM-AD","CM-CE","CM-EN","CM-ES","CM-LT","CM-NO","CM-NW","CM-OU","CM-SU","CM-SW"]},"geometry":{"type":"Polygon","coordinates":[[[14.92187,6.68641],[15.24656,7.26673],[15.48105,7.52326],[15.44074,7.83942],[15.21071,8.42182],[15.03126,8.65875],[14.34954,9.16836],[13.9476,9.63776],[14.19634,9.97915],[14.73246,9.92381],[15.53614,10.08052],[15.30142,10.31175],[15.06588,10.79311],[15.02883,11.08022],[15.04056,12.05565],[15.01183,12.10862],[14.90486,12.24866],[14.83075,12.61825],[14.48104,13.00051],[14.06491,13.07799],[14.17984,12.3856],[14.66994,12.16742],[14.54653,11.71861],[14.59377,11.49643],[14.16547,11.23833],[13.98233,11.27626],[13.74984,10.94244],[13.56628,10.67901],[13.39267,10.11696],[13.24796,10.07941],[13.19545,9.54221],[12.86204,9.38289],[12.80571,8.8315],[12.377,8.59511],[12.23371,8.18845],[11.90355,7.45356],[11.88132,7.10205],[11.62325,6.93229],[11.50977,6.61231],[11.20228,6.43674],[10.83188,6.94521],[10.49598,6.87467],[10.11946,6.99441],[9.76982,6.77372],[9.69398,6.5343],[9.64481,6.52123],[9.48859,6.41821],[8.85587,5.8475],[8.79893,5.15963],[8.59417,4.81529],[8.87192,4.60248],[8.9712,4.10078],[9.33158,3.92186],[9.45289,4.07698],[9.50279,4.10232],[9.6399,4.00878],[9.6421,3.53905],[9.92945,3.26902],[9.79957,2.34174],[10.18998,2.16562],[10.40969,2.16565],[11.32208,2.16576],[11.35164,2.30058],[12.7499,2.23671],[13.29457,2.16106],[13.66227,2.15776],[14.41869,2.13527],[14.56214,2.20881],[15.09162,1.98443],[15.76465,1.90872],[15.88991,1.79328],[16.19666,2.23645],[16.09238,2.86329],[15.26231,3.66259],[15.0849,3.88584],[15.00056,4.40319],[14.71727,4.62202],[14.66013,5.01144],[14.63108,5.73805],[14.43271,6.07912],[14.71903,6.25786],[14.92187,6.68641]]]}},{"type":"Feature","properties":{"id":"cn","country_id":"CN","level":"country","countryCode":"cn","countryName":"China","nameZh":"China","nameEn":"China","source":"Natural Earth Admin 1 States/Provinces dissolved to countries + Footprint policy overrides","sourceVersion":"5.1.1","sourceYear":2022,"license":"Public Domain","boundaryPolicy":"china-policy-override","mapCluster":"global-country","sourceSimplification":"2%","sourceMapshaperPackage":"mapshaper@0.7.47","sourceComponentCountryIds":["CN"],"sourceComponentRegionIds":["CN-AH","CN-BJ","CN-CQ","CN-FJ","CN-GD","CN-GS","CN-GX","CN-GZ","CN-HA","CN-HB","CN-HE","CN-HI","CN-HL","CN-HN","CN-JL","CN-JS","CN-JX","CN-LN","CN-NM","CN-NX","CN-QH","CN-SC","CN-SD","CN-SH","CN-SN","CN-SX","CN-TJ","CN-TW","CN-X01~","CN-XJ","CN-XZ","CN-YN","CN-ZJ"]},"geometry":{"type":"MultiPolygon","coordinates":[[[[120.4192,27.20637],[120.67685,27.49461],[120.8353,27.95596],[121.23683,28.3061],[121.65634,28.3393],[121.51013,28.65706],[121.84059,29.16112],[121.98304,29.82318],[121.37738,30.32506],[120.7344,30.23221],[120.97776,30.54332],[121.27481,30.69124],[121.97738,30.91492],[121.72516,31.28157],[121.34091,31.49095],[121.28642,31.89059],[121.67555,31.72357],[121.82195,31.95249],[121.44337,32.11433],[121.35414,32.41482],[120.9112,32.63012],[120.89576,33.01358],[120.40707,33.85977],[120.25709,34.31184],[119.64096,34.55052],[119.34669,34.78083],[119.28028,35.07661],[119.64796,35.58393],[120.24277,35.97358],[120.69679,36.14399],[120.75058,36.45917],[122.03964,36.98461],[122.5254,36.94448],[122.54908,37.31086],[122.12989,37.48347],[121.4769,37.468],[120.73805,37.83397],[120.46339,37.74775],[119.44117,37.12055],[118.97242,37.28067],[118.97665,37.61091],[119.24308,37.76948],[118.8401,38.15257],[118.54298,38.06835],[117.83716,38.27091],[117.54355,38.62132],[117.71827,39.093],[118.00956,39.21855],[118.34427,39.03071],[118.9402,39.13886],[119.30508,39.43298],[119.33961,39.71556],[119.85019,39.98631],[120.43605,40.19448],[120.99098,40.83128],[121.36134,40.93964],[122.04908,40.74608],[122.30185,40.50235],[121.77442,39.92084],[121.5359,39.86176],[121.43605,39.50861],[121.67408,39.08804],[123.62257,39.87173],[123.98569,39.81025],[124.36997,40.09829],[124.89551,40.48363],[125.41516,40.65268],[125.70409,40.85919],[126.00784,40.89931],[126.61788,41.66593],[126.99962,41.75203],[127.26906,41.50496],[128.18569,41.40445],[128.303,41.58341],[128.03459,41.99374],[128.88317,42.03041],[129.2431,42.37871],[129.70333,42.44237],[129.87975,42.99603],[130.23901,42.90224],[130.45215,42.54956],[130.53077,42.53048],[130.40716,42.73538],[130.99245,42.84873],[131.25285,43.46917],[131.26447,44.05421],[131.06583,44.68203],[131.81803,45.33279],[131.96965,45.23383],[132.95336,45.02438],[133.20213,45.51128],[133.41349,45.57334],[133.68737,46.14184],[133.90245,46.25899],[133.9985,46.6377],[134.15412,47.25789],[134.77258,47.71073],[134.38635,48.38134],[133.09196,48.10678],[132.52465,47.70753],[131.02335,47.68228],[130.66337,48.11644],[130.81944,48.28189],[130.53325,48.63579],[130.62529,48.87436],[130.24934,48.86451],[129.71118,49.27415],[129.05055,49.37668],[128.66618,49.60948],[128.09247,49.54158],[127.50811,49.82233],[127.57839,50.22055],[127.33066,50.3282],[127.28735,50.75101],[126.93177,51.06378],[126.95461,51.32958],[126.44606,51.98254],[126.53117,52.15266],[125.62136,53.06214],[125.12743,53.20655],[124.72017,53.14882],[123.63956,53.55125],[122.02505,53.42982],[121.41327,53.31733],[120.87425,53.28016],[120.28018,52.86592],[120.77917,52.1176],[120.6476,51.91102],[120.1082,51.66519],[119.74828,51.08339],[119.29358,50.59924],[119.31621,50.09265],[118.64436,49.95457],[117.75884,49.51274],[116.68428,49.82326],[115.51453,48.1221],[115.8527,47.70556],[116.24389,47.86289],[116.85326,47.87212],[117.31711,47.65407],[117.74168,47.97759],[118.54225,47.96625],[118.76741,47.75616],[119.69996,47.15953],[119.90289,46.84241],[119.68012,46.59163],[118.81624,46.75818],[118.23829,46.71539],[117.30171,46.35014],[116.58196,46.29801],[116.01197,45.67856],[115.63783,45.44436],[114.53371,45.3855],[114.05529,44.94057],[113.63506,44.74626],[112.61424,44.90884],[111.98464,45.08715],[111.73853,44.9663],[111.40636,44.41646],[111.93335,43.69664],[110.93372,43.28777],[110.40673,42.76861],[109.48513,42.4493],[108.79685,42.39837],[108.04968,42.43912],[106.76783,42.28662],[105.86861,41.99348],[105.01481,41.59614],[104.49799,41.66578],[104.50078,41.8706],[103.72099,41.75557],[103.07348,42.00452],[102.03416,42.18461],[101.6376,42.51544],[100.01697,42.67652],[99.6219,42.59744],[99.47448,42.5642],[97.84999,42.72304],[97.19068,42.78706],[96.36634,42.72292],[95.90849,43.21455],[95.37943,44.28712],[94.69823,44.3435],[93.97507,44.65996],[93.52528,44.95126],[93.07594,45.00519],[91.66296,45.05952],[90.90549,45.18598],[90.65114,45.49314],[91.00243,46.02184],[90.89619,46.30203],[91.01429,46.68984],[90.46872,47.30892],[90.44123,47.49305],[89.5418,48.03102],[89.04555,47.99299],[88.56512,48.34299],[87.94283,48.59949],[87.81632,49.16584],[87.3238,49.08527],[86.88734,49.10682],[86.56508,48.52732],[85.78368,48.40759],[85.51538,47.92028],[85.67036,47.38434],[85.49864,47.05183],[84.91604,46.85055],[84.66354,46.98385],[83.90535,46.97396],[83.15036,47.21154],[82.83895,46.73245],[82.29714,45.55454],[82.61571,45.43542],[82.58522,45.17683],[81.95012,45.14448],[81.73928,45.33806],[80.85386,45.1265],[80.06171,45.01896],[80.37631,44.67128],[80.3451,44.1031],[80.71273,43.45887],[80.77339,43.11293],[80.36815,43.02846],[80.14005,42.62296],[80.21033,42.18952],[80.18191,42.02098],[79.30413,41.78755],[78.3599,41.37753],[78.23134,41.17286],[78.07495,41.03951],[76.86097,41.01321],[76.44911,40.41552],[75.68182,40.2917],[75.55986,40.63287],[75.19389,40.44125],[74.83231,40.50812],[74.36986,40.10582],[74.00399,40.06081],[73.63264,39.44834],[73.81599,38.99377],[73.79739,38.60284],[74.3342,38.66699],[74.77634,38.51067],[74.79071,38.08145],[75.16412,37.40064],[74.89231,37.23111],[74.54235,37.02167],[75.3513,36.91578],[75.97658,36.46263],[75.89431,36.09738],[76.16603,35.80624],[76.56528,35.86546],[76.77735,35.64611],[77.41277,35.46941],[77.80035,35.49541],[78.00116,35.26891],[78.27319,34.65887],[78.95694,34.33996],[78.73011,34.07926],[78.82426,33.46106],[79.4561,33.2504],[79.41409,32.97205],[79.62067,32.72873],[79.4435,32.53477],[78.94343,32.34637],[78.63017,32.57801],[78.38098,32.52804],[78.45798,32.22966],[78.74458,31.9642],[78.89261,31.28177],[79.07021,31.46138],[79.39498,31.03671],[79.8335,30.96152],[80.25281,30.56501],[80.99602,30.19697],[81.08445,30.02788],[81.2679,30.07205],[81.59159,30.41427],[82.08877,30.33009],[82.14453,30.06943],[82.54181,29.92324],[82.83658,29.65979],[83.16209,29.62517],[83.65499,29.16041],[84.09913,29.247],[84.22529,28.91412],[85.08187,28.3317],[85.67506,28.30639],[86.0546,27.88801],[86.51676,27.97143],[86.98209,27.95067],[87.1558,27.8258],[87.67853,27.81335],[88.11822,27.86088],[88.61049,28.10583],[88.85388,27.84368],[88.74102,27.54571],[88.89233,27.31554],[89.12465,27.61485],[89.20584,27.74744],[89.41736,27.98865],[89.86292,28.29579],[90.2618,28.33535],[90.47523,28.07234],[90.75528,28.05517],[91.43648,27.98938],[91.62834,27.85269],[91.72709,27.45994],[92.00579,27.17611],[92.08037,26.92157],[92.81483,27.0508],[93.0203,26.95301],[93.69467,27.00595],[93.98251,27.32771],[94.47457,27.59387],[95.31318,27.89579],[95.9641,27.9933],[95.77589,27.71733],[95.90374,27.27609],[95.17644,27.03318],[95.24693,26.6489],[95.39266,26.69176],[96.14259,27.25751],[96.75888,27.34174],[97.05883,27.09208],[96.87019,27.61909],[97.22293,27.89972],[97.3235,28.21748],[97.52772,28.52953],[98.115,28.14389],[98.40002,27.67573],[98.67928,27.57734],[98.74925,26.77144],[98.6924,25.87899],[97.73753,25.09051],[97.53609,24.74503],[97.70766,24.1253],[97.64734,23.86852],[98.18153,24.11866],[98.50327,24.12127],[98.85736,23.60435],[98.91069,23.2976],[99.21661,23.05738],[99.35779,22.49548],[99.16638,22.20464],[99.94241,22.04553],[99.95026,21.72116],[100.62174,21.46908],[101.06869,21.76203],[101.15902,21.55269],[101.20899,21.24553],[101.76845,21.16045],[101.82149,21.22107],[101.75155,21.80637],[101.51823,22.22821],[101.65455,22.44612],[102.11866,22.39755],[102.32465,22.56512],[102.44272,22.76517],[102.98909,22.4376],[103.30964,22.78794],[103.54992,22.64866],[103.86682,22.57542],[104.21326,22.82502],[104.36191,22.69254],[104.72821,22.8391],[104.79792,23.08557],[105.33226,23.31796],[105.52133,23.16315],[105.53519,23.099],[105.85388,22.90465],[106.66747,22.86752],[106.53303,22.40344],[106.72235,22.00698],[107.33358,21.61251],[107.74482,21.65754],[107.99122,21.48566],[108.44809,21.65811],[109.13575,21.60297],[109.21461,21.41743],[109.74806,21.57494],[109.66122,20.92756],[109.74586,20.62979],[110.12753,20.24799],[110.53419,20.47826],[110.15675,20.98603],[111.20631,21.53205],[111.63046,21.52985],[111.99195,21.76382],[112.608,21.77509],[112.82602,21.96613],[113.23056,22.04316],[113.58765,22.23788],[113.59917,22.57518],[113.36793,22.88068],[113.61207,22.9947],[113.89034,22.45271],[114.08237,22.52936],[114.22983,22.55581],[114.71673,22.7908],[115.37351,22.69418],[116.49469,22.93935],[116.91757,23.63793],[117.17462,23.61635],[117.29233,23.76215],[117.89365,24.02802],[118.13095,24.62006],[118.57114,24.569],[119.10963,25.40681],[119.55844,25.56379],[119.67506,26.6188],[120.07968,26.64606],[120.12574,26.92731],[120.4192,27.20637]]],[[[120.97169,24.95177],[120.91464,24.85342],[120.87271,24.74776],[120.62133,24.45598],[120.47539,24.20709],[120.24393,23.83845],[120.12426,23.52002],[120.11653,23.3179],[120.16749,22.93187],[120.41186,22.48289],[120.87599,22.2377],[121.02101,22.64789],[121.40008,23.14549],[121.4795,23.4352],[121.76335,24.3258],[121.8235,24.85493],[121.97233,24.98707],[121.76127,25.1426],[121.68926,25.16947],[121.59791,25.27143],[121.28741,25.12368],[120.97169,24.95177]]],[[[111.01051,19.68378],[110.93458,19.99506],[110.64015,20.10834],[110.08961,19.97809],[109.30372,19.9217],[109.1565,19.64964],[108.63168,19.28628],[108.695,18.50483],[109.43995,18.28897],[110.42677,18.68089],[110.69825,19.41694],[111.01051,19.68378]]],[[[118.39422,24.52269],[118.37286,24.4332],[118.44879,24.41551],[118.44959,24.50553],[118.39422,24.52269]]],[[[119.64796,23.60346],[119.56723,23.58853],[119.58717,23.54881],[119.64796,23.60346]]],[[[111.19654,15.77538],[111.20753,15.78217],[111.19939,15.78921],[111.19654,15.77538]]]]}},{"type":"Feature","properties":{"id":"cnm","country_id":"CNM","level":"country","countryCode":"cnm","countryName":"Cyprus No Mans Area","nameZh":"塞浦路斯联合国缓冲区","nameEn":"United Nations Buffer Zone in Cyprus","source":"Natural Earth Admin 0 Countries","sourceVersion":"5.1.1","sourceYear":2022,"license":"Public Domain","boundaryPolicy":"de facto","mapCluster":"global-country","sourceSimplification":"2%","sourceMapshaperPackage":"mapshaper@0.7.47","sourceComponentCountryIds":["CNM"],"sourceComponentRegionIds":[]},"geometry":{"type":"MultiPolygon","coordinates":[[[[33.67943,35.0339],[33.40032,35.19775],[32.71139,35.18163],[32.69155,35.18371],[32.92195,35.07228],[33.41592,35.16034],[33.70293,34.98794],[33.67943,35.0339]]],[[[33.90651,35.0691],[33.89812,35.06127],[34.02196,35.05701],[34.01229,35.0638],[33.90651,35.0691]]],[[[32.64069,35.18708],[32.6019,35.17862],[32.58481,35.17251],[32.65981,35.18708],[32.64069,35.18708]]]]}},{"type":"Feature","properties":{"id":"co","country_id":"CO","level":"country","countryCode":"co","countryName":"Colombia","nameZh":"Colombia","nameEn":"Colombia","source":"Natural Earth Admin 1 States/Provinces dissolved to countries + Footprint policy overrides","sourceVersion":"5.1.1","sourceYear":2022,"license":"Public Domain","boundaryPolicy":"de facto","mapCluster":"global-country","sourceSimplification":"2%","sourceMapshaperPackage":"mapshaper@0.7.47","sourceComponentCountryIds":["CO"],"sourceComponentRegionIds":["CO-AMA","CO-ANT","CO-ARA","CO-ATL","CO-BOL","CO-BOY","CO-CAL","CO-CAQ","CO-CAS","CO-CAU","CO-CES","CO-CHO","CO-COR","CO-CUN","CO-GUA","CO-GUV","CO-HUI","CO-LAG","CO-MAG","CO-MET","CO-NAR","CO-NSA","CO-PUT","CO-QUI","CO-RIS","CO-SAN","CO-SAP","CO-SUC","CO-TOL","CO-VAC","CO-VAU","CO-VID"]},"geometry":{"type":"MultiPolygon","coordinates":[[[[-69.42107,-1.23931],[-69.62838,-0.73344],[-69.63208,-0.50689],[-70.07381,-0.1249],[-70.05425,0.58813],[-69.13745,0.65014],[-69.37085,1.06299],[-69.85219,1.05942],[-69.84118,1.70758],[-68.1633,1.72129],[-67.79046,1.81258],[-67.59295,2.05481],[-67.34061,2.09011],[-67.11716,1.70979],[-67.0982,1.25336],[-66.87506,1.22251],[-67.06683,1.89412],[-67.32542,2.47463],[-67.62659,2.81342],[-67.83862,2.88613],[-67.30465,3.42571],[-67.63176,3.76186],[-67.71693,4.03988],[-67.85371,4.57582],[-67.84368,5.29725],[-67.647,5.48336],[-67.4563,6.19322],[-67.45097,6.19804],[-67.92414,6.23456],[-68.63531,6.13588],[-69.06113,6.21784],[-69.43202,6.12224],[-70.09662,6.94444],[-70.7033,7.09993],[-71.18405,6.96257],[-71.6543,7.05337],[-71.96402,7.00592],[-71.99382,7.01285],[-72.20621,7.38188],[-72.39581,7.40749],[-72.48779,7.94918],[-72.41561,8.38269],[-72.67543,8.65151],[-72.78307,9.05994],[-73.00972,9.29538],[-73.36364,9.16503],[-72.97763,9.83806],[-72.91523,10.42817],[-72.48149,11.13253],[-72.25659,11.16779],[-71.97108,11.66192],[-71.32751,11.85],[-71.11388,12.09439],[-71.2423,12.3277],[-71.65616,12.46532],[-72.13866,12.10456],[-72.26305,11.88597],[-72.75967,11.69709],[-73.29239,11.29401],[-73.56558,11.27709],[-74.18749,11.31696],[-74.50284,10.97431],[-74.8475,11.08767],[-75.22874,10.81087],[-75.22968,10.76342],[-75.25634,10.70934],[-75.50984,10.58584],[-75.58158,10.092],[-75.69827,9.4169],[-76.16812,9.24698],[-76.44483,8.86987],[-76.89371,8.62035],[-76.98546,8.25618],[-77.37352,8.66474],[-77.46937,8.53781],[-77.26943,8.1677],[-77.33974,7.70723],[-77.82018,7.47655],[-77.89584,7.2351],[-77.34301,6.54377],[-77.41511,6.23908],[-77.24645,5.78734],[-77.49083,5.59479],[-77.3592,5.29731],[-77.25444,4.24219],[-77.28523,4.21128],[-77.43516,4.15285],[-77.15148,3.80044],[-77.46486,3.30163],[-77.64338,2.89814],[-77.90429,2.57998],[-78.0739,2.64682],[-78.43222,2.58703],[-78.84605,1.82159],[-78.82868,1.43431],[-78.47812,1.18712],[-78.12001,0.92124],[-77.72789,0.84331],[-77.51414,0.66053],[-77.42439,0.4083],[-77.10386,0.35414],[-76.89683,0.24531],[-76.40802,0.25451],[-76.05347,0.36354],[-75.78971,0.08439],[-75.28349,-0.10702],[-74.82465,-0.17048],[-74.41472,-0.56376],[-74.28913,-0.94304],[-73.63656,-1.25517],[-73.53099,-1.67375],[-73.18625,-1.79963],[-73.19529,-2.1872],[-72.94327,-2.41902],[-72.64432,-2.33407],[-72.39658,-2.44652],[-71.96627,-2.32849],[-71.76794,-2.14225],[-71.21986,-2.34151],[-70.8742,-2.22958],[-70.05063,-2.71513],[-70.73413,-3.78204],[-70.3111,-3.82927],[-69.96495,-4.23648],[-69.77116,-3.23417],[-69.42107,-1.23931]]],[[[-81.7115,12.52294],[-81.68639,12.58006],[-81.70637,12.58031],[-81.7198,12.54316],[-81.7115,12.52294]]]]}},{"type":"Feature","properties":{"id":"cr","country_id":"CR","level":"country","countryCode":"cr","countryName":"Costa Rica","nameZh":"Costa Rica","nameEn":"Costa Rica","source":"Natural Earth Admin 1 States/Provinces dissolved to countries + Footprint policy overrides","sourceVersion":"5.1.1","sourceYear":2022,"license":"Public Domain","boundaryPolicy":"de facto","mapCluster":"global-country","sourceSimplification":"2%","sourceMapshaperPackage":"mapshaper@0.7.47","sourceComponentCountryIds":["CR"],"sourceComponentRegionIds":["CR-A","CR-C","CR-G","CR-H","CR-L","CR-P","CR-SJ"]},"geometry":{"type":"Polygon","coordinates":[[[-85.23648,11.0531],[-85.70174,11.08088],[-85.63174,10.62116],[-85.8616,10.34699],[-85.63858,9.90546],[-85.2293,9.72482],[-85.1674,10.0194],[-85.06857,10.15582],[-84.63455,9.78339],[-84.5216,9.51931],[-83.91808,9.29475],[-83.62987,9.03535],[-83.7399,8.62381],[-83.57559,8.44497],[-83.15087,8.36929],[-82.89763,8.03475],[-82.94367,8.24857],[-82.72016,8.92024],[-82.93952,9.07064],[-82.94429,9.43715],[-82.5736,9.5762],[-82.77233,9.66104],[-83.20372,10.12934],[-83.6965,10.93659],[-83.76382,10.77368],[-84.15773,10.78842],[-84.67645,11.07041],[-84.88497,10.94768],[-85.23648,11.0531]]]}},{"type":"Feature","properties":{"id":"csi","country_id":"CSI","level":"country","countryCode":"csi","countryName":"Coral Sea Islands","nameZh":"珊瑚海群岛","nameEn":"Coral Sea Islands","source":"Natural Earth Admin 0 Countries","sourceVersion":"5.1.1","sourceYear":2022,"license":"Public Domain","boundaryPolicy":"de facto","mapCluster":"global-country","sourceSimplification":"2%","sourceMapshaperPackage":"mapshaper@0.7.47","sourceComponentCountryIds":["CSI"],"sourceComponentRegionIds":[]},"geometry":{"type":"Polygon","coordinates":[[[154.39129,-21.03004],[154.39129,-21.02874],[154.38852,-21.02907],[154.39129,-21.03004]]]}},{"type":"Feature","properties":{"id":"cu","country_id":"CU","level":"country","countryCode":"cu","countryName":"Cuba","nameZh":"Cuba","nameEn":"Cuba","source":"Natural Earth Admin 1 States/Provinces dissolved to countries + Footprint policy overrides","sourceVersion":"5.1.1","sourceYear":2022,"license":"Public Domain","boundaryPolicy":"de facto","mapCluster":"global-country","sourceSimplification":"2%","sourceMapshaperPackage":"mapshaper@0.7.47","sourceComponentCountryIds":["CU"],"sourceComponentRegionIds":["CU-01","CU-03","CU-04","CU-05","CU-06","CU-07","CU-08","CU-09","CU-10","CU-11","CU-12","CU-13","CU-14","CU-15","CU-16","CU-99"]},"geometry":{"type":"MultiPolygon","coordinates":[[[[-82.8246,22.61058],[-82.39158,22.68842],[-81.8775,22.67973],[-81.65071,22.57507],[-82.11874,22.43183],[-81.82445,22.18891],[-81.19758,22.21247],[-80.9921,22.05427],[-80.59337,22.05423],[-80.10103,21.82477],[-79.45031,21.59553],[-78.95995,21.59955],[-78.64163,21.53388],[-78.49474,21.04792],[-78.06554,20.71166],[-77.83113,20.72556],[-77.33668,20.71634],[-77.11343,20.51244],[-77.73721,19.8557],[-77.03464,19.88777],[-76.24816,19.99063],[-75.38208,19.88254],[-75.23286,19.90005],[-75.16019,19.97065],[-75.13704,19.97155],[-75.09501,19.89723],[-74.81298,20.03726],[-74.2674,20.0683],[-74.71517,20.55606],[-74.99836,20.70075],[-75.78392,20.74641],[-75.57848,21.01337],[-76.11677,21.0915],[-76.31355,21.2519],[-76.94481,21.45775],[-77.50756,21.86245],[-77.89501,21.87694],[-78.08182,22.08279],[-78.92719,22.39875],[-79.41674,22.47248],[-80.02457,22.94668],[-80.5931,23.06803],[-81.18489,23.05207],[-81.68391,23.15693],[-82.10009,23.18765],[-82.53874,23.07356],[-82.94442,22.98508],[-84.02111,22.67866],[-84.39102,22.35277],[-84.30517,21.88451],[-83.99303,21.95136],[-83.92545,22.17154],[-83.41547,22.18609],[-82.8246,22.61058]]],[[[-82.56802,21.63654],[-82.69017,21.88182],[-83.07348,21.76057],[-82.83556,21.44473],[-82.56802,21.63654]]]]}},{"type":"Feature","properties":{"id":"cv","country_id":"CV","level":"country","countryCode":"cv","countryName":"Cape Verde","nameZh":"Cape Verde","nameEn":"Cape Verde","source":"Natural Earth Admin 1 States/Provinces dissolved to countries + Footprint policy overrides","sourceVersion":"5.1.1","sourceYear":2022,"license":"Public Domain","boundaryPolicy":"de facto","mapCluster":"global-country","sourceSimplification":"2%","sourceMapshaperPackage":"mapshaper@0.7.47","sourceComponentCountryIds":["CV"],"sourceComponentRegionIds":["CV-BR","CV-BV","CV-CA","CV-CF","CV-CR","CV-MA","CV-MO","CV-PA","CV-PN","CV-PR","CV-RB","CV-RG","CV-RS","CV-SD","CV-SF","CV-SL","CV-SM","CV-SO","CV-SS","CV-SV","CV-TA","CV-TS"]},"geometry":{"type":"MultiPolygon","coordinates":[[[[-23.71508,14.96845],[-23.5393,14.90762],[-23.47147,14.97372],[-23.48466,15.06404],[-23.5916,15.17021],[-23.65608,15.22972],[-23.77013,15.18399],[-23.71508,14.96845]]],[[[-22.68212,16.11359],[-22.92443,16.21296],[-22.94555,16.01968],[-22.68212,16.11359]]],[[[-24.30148,14.95485],[-24.42969,15.02502],[-24.44909,14.83808],[-24.29821,14.89545],[-24.30148,14.95485]]],[[[-24.37562,16.67712],[-24.3247,16.48265],[-24.23331,16.60212],[-24.37562,16.67712]]],[[[-24.91975,16.89509],[-24.97126,16.923],[-25.08975,16.84748],[-24.99523,16.78612],[-24.91975,16.89509]]],[[[-22.92919,16.59341],[-22.89509,16.82929],[-22.99079,16.81566],[-22.92919,16.59341]]],[[[-23.1278,15.31167],[-23.24572,15.27106],[-23.25817,15.17451],[-23.11046,15.19941],[-23.1278,15.31167]]],[[[-25.02587,17.14492],[-25.24535,17.1367],[-24.98668,17.07886],[-25.02587,17.14492]]],[[[-24.70434,14.90082],[-24.74942,14.88548],[-24.74462,14.82661],[-24.68688,14.82665],[-24.70434,14.90082]]]]}},{"type":"Feature","properties":{"id":"cw","country_id":"CW","level":"country","countryCode":"cw","countryName":"Curaçao","nameZh":"Curaçao","nameEn":"Curaçao","source":"Natural Earth Admin 1 States/Provinces dissolved to countries + Footprint policy overrides","sourceVersion":"5.1.1","sourceYear":2022,"license":"Public Domain","boundaryPolicy":"de facto","mapCluster":"global-country","sourceSimplification":"2%","sourceMapshaperPackage":"mapshaper@0.7.47","sourceComponentCountryIds":["CW"],"sourceComponentRegionIds":["CW-X01~"]},"geometry":{"type":"Polygon","coordinates":[[[-68.78075,12.09781],[-68.83528,12.17105],[-69.04076,12.25605],[-69.07152,12.34138],[-69.1643,12.30695],[-69.0786,12.20425],[-68.94473,12.10562],[-68.78075,12.09781]]]}},{"type":"Feature","properties":{"id":"cy","country_id":"CY","level":"country","countryCode":"cy","countryName":"Cyprus","nameZh":"Cyprus","nameEn":"Cyprus","source":"Natural Earth Admin 1 States/Provinces dissolved to countries + Footprint policy overrides","sourceVersion":"5.1.1","sourceYear":2022,"license":"Public Domain","boundaryPolicy":"de facto","mapCluster":"global-country","sourceSimplification":"2%","sourceMapshaperPackage":"mapshaper@0.7.47","sourceComponentCountryIds":["CY"],"sourceComponentRegionIds":["CY-01","CY-02","CY-03","CY-04","CY-05"]},"geometry":{"type":"MultiPolygon","coordinates":[[[[32.5665,35.17272],[32.41334,34.75349],[32.64171,34.66089],[32.76067,34.65323],[33.01563,34.63442],[33.27255,34.70734],[33.70151,34.97289],[33.67943,35.0339],[33.49089,35.04962],[33.40032,35.19775],[32.85492,35.07915],[32.71139,35.18163],[32.64069,35.18708],[32.6019,35.17862],[32.5665,35.17272]]],[[[33.89627,34.96199],[34.01229,35.0638],[33.90651,35.0691],[33.82939,35.00117],[33.89184,34.95814],[33.89627,34.96199]]]]}},{"type":"Feature","properties":{"id":"cyn","country_id":"CYN","level":"country","countryCode":"cyn","countryName":"Northern Cyprus","nameZh":"北塞浦路斯土耳其共和国","nameEn":"Turkish Republic of Northern Cyprus","source":"Natural Earth Admin 0 Countries","sourceVersion":"5.1.1","sourceYear":2022,"license":"Public Domain","boundaryPolicy":"de facto","mapCluster":"global-country","sourceSimplification":"2%","sourceMapshaperPackage":"mapshaper@0.7.47","sourceComponentCountryIds":["CYN"],"sourceComponentRegionIds":[]},"geometry":{"type":"Polygon","coordinates":[[[34.01229,35.0638],[34.03562,35.47138],[33.4275,35.32892],[32.92042,35.39777],[32.71139,35.18163],[33.40032,35.19775],[33.67943,35.0339],[33.90651,35.0691],[34.01229,35.0638]]]}},{"type":"Feature","properties":{"id":"cz","country_id":"CZ","level":"country","countryCode":"cz","countryName":"Czech Republic","nameZh":"Czech Republic","nameEn":"Czech Republic","source":"Natural Earth Admin 1 States/Provinces dissolved to countries + Footprint policy overrides","sourceVersion":"5.1.1","sourceYear":2022,"license":"Public Domain","boundaryPolicy":"de facto","mapCluster":"global-country","sourceSimplification":"2%","sourceMapshaperPackage":"mapshaper@0.7.47","sourceComponentCountryIds":["CZ"],"sourceComponentRegionIds":["CZ-JC","CZ-JM","CZ-KA","CZ-KR","CZ-LI","CZ-MO","CZ-OL","CZ-PA","CZ-PL","CZ-PR","CZ-ST","CZ-US","CZ-VY","CZ-ZL"]},"geometry":{"type":"Polygon","coordinates":[[[15.54419,48.90261],[16.03233,48.75806],[16.43572,48.79454],[16.94504,48.60417],[17.41122,48.83022],[17.64603,48.84182],[18.36159,49.33019],[18.38701,49.37762],[18.8332,49.51026],[18.4818,49.89665],[18.01907,50.04409],[17.38801,50.27264],[16.944,50.42027],[16.86976,50.18973],[16.58424,50.12743],[16.33164,50.64404],[15.52213,50.78236],[15.22711,50.97741],[14.81039,50.85845],[14.60834,50.85307],[13.23235,50.58203],[12.96063,50.40923],[12.10134,50.31398],[12.52407,49.90497],[12.38362,49.74286],[12.79775,49.32784],[13.5224,48.96934],[13.81572,48.76643],[14.07483,48.59171],[14.69114,48.58653],[14.98206,49.00791],[15.54419,48.90261]]]}},{"type":"Feature","properties":{"id":"de","country_id":"DE","level":"country","countryCode":"de","countryName":"Germany","nameZh":"Germany","nameEn":"Germany","source":"Natural Earth Admin 1 States/Provinces dissolved to countries + Footprint policy overrides","sourceVersion":"5.1.1","sourceYear":2022,"license":"Public Domain","boundaryPolicy":"de facto","mapCluster":"global-country","sourceSimplification":"2%","sourceMapshaperPackage":"mapshaper@0.7.47","sourceComponentCountryIds":["DE"],"sourceComponentRegionIds":["DE-BB","DE-BE","DE-BW","DE-BY","DE-HB","DE-HE","DE-HH","DE-MV","DE-NI","DE-NW","DE-RP","DE-SH","DE-SL","DE-SN","DE-ST","DE-TH"]},"geometry":{"type":"Polygon","coordinates":[[[14.39126,53.33402],[14.2639,53.69998],[13.47926,54.12519],[12.50196,54.47358],[12.1089,54.18301],[11.65789,54.14224],[11.45899,53.91669],[10.90602,53.96121],[11.06658,54.18391],[10.02003,54.54584],[9.97047,54.76264],[9.4375,54.81041],[8.66078,54.89631],[9.01157,54.50633],[8.62916,54.38768],[9.74081,53.57257],[9.76397,53.54768],[9.27467,53.86514],[8.57325,53.85765],[8.51304,53.6171],[8.5572,53.51994],[7.95143,53.72191],[7.22608,53.66649],[7.19459,53.24502],[7.07215,52.84132],[6.71908,52.62676],[7.0266,52.23862],[6.77158,52.10879],[6.71667,51.89926],[5.94606,51.74629],[6.19335,51.50934],[5.98292,51.07469],[5.99491,50.74993],[6.3734,50.32308],[6.11749,50.12046],[6.29557,49.84862],[6.34881,49.52529],[6.34531,49.45535],[6.84349,49.21105],[7.37163,49.16617],[7.64493,49.0363],[8.19989,48.95825],[7.81025,48.61502],[7.58198,48.12135],[7.58603,47.58462],[7.6469,47.55145],[7.72732,47.55042],[8.4211,47.58111],[8.55172,47.59686],[8.57631,47.59502],[8.59359,47.65817],[8.85194,47.67128],[9.54748,47.53455],[9.55414,47.53274],[9.94873,47.52423],[10.17495,47.27238],[10.60791,47.56227],[11.08375,47.38951],[11.62046,47.58965],[12.56337,47.64176],[13.07484,47.64665],[12.84825,47.98239],[12.74504,48.12063],[13.71434,48.52322],[13.81572,48.76643],[13.5224,48.96934],[12.79775,49.32784],[12.38362,49.74286],[12.52407,49.90497],[12.10134,50.31398],[12.96063,50.40923],[13.23235,50.58203],[14.60834,50.85307],[14.81039,50.85845],[14.95065,51.39654],[14.70677,51.54083],[14.58581,51.80389],[14.7614,52.07667],[14.60796,52.59646],[14.21601,52.81799],[14.39126,53.33402]]]}},{"type":"Feature","properties":{"id":"dj","country_id":"DJ","level":"country","countryCode":"dj","countryName":"Djibouti","nameZh":"Djibouti","nameEn":"Djibouti","source":"Natural Earth Admin 1 States/Provinces dissolved to countries + Footprint policy overrides","sourceVersion":"5.1.1","sourceYear":2022,"license":"Public Domain","boundaryPolicy":"de facto","mapCluster":"global-country","sourceSimplification":"2%","sourceMapshaperPackage":"mapshaper@0.7.47","sourceComponentCountryIds":["DJ"],"sourceComponentRegionIds":["DJ-AR","DJ-AS","DJ-DI","DJ-DJ","DJ-OB","DJ-TA"]},"geometry":{"type":"Polygon","coordinates":[[[42.53248,11.54747],[43.086,11.83884],[43.37713,12.00483],[43.41139,12.24177],[43.11769,12.70791],[42.69619,12.38013],[42.37946,12.46591],[41.97468,11.88091],[41.74911,11.53795],[41.76652,10.98947],[41.95416,10.94127],[42.60815,11.08909],[42.92372,10.99879],[43.18881,11.40776],[43.24073,11.48786],[43.17311,11.54165],[42.90071,11.58405],[42.53248,11.54747]]]}},{"type":"Feature","properties":{"id":"dk","country_id":"DK","level":"country","countryCode":"dk","countryName":"Denmark","nameZh":"Denmark","nameEn":"Denmark","source":"Natural Earth Admin 1 States/Provinces dissolved to countries + Footprint policy overrides","sourceVersion":"5.1.1","sourceYear":2022,"license":"Public Domain","boundaryPolicy":"de facto","mapCluster":"global-country","sourceSimplification":"2%","sourceMapshaperPackage":"mapshaper@0.7.47","sourceComponentCountryIds":["DK"],"sourceComponentRegionIds":["DK-81","DK-82","DK-83","DK-84","DK-85"]},"geometry":{"type":"MultiPolygon","coordinates":[[[[9.32602,56.66942],[8.87664,56.76431],[8.60108,56.50113],[8.12241,56.55166],[8.17561,55.80148],[8.61769,55.43793],[8.66078,54.89631],[9.4375,54.81041],[9.67552,55.7086],[9.9817,55.70942],[10.37696,56.20331],[10.96412,56.44843],[10.19321,56.69359],[10.53907,57.23672],[10.43043,57.57054],[9.96697,57.59138],[9.1128,57.03864],[9.32602,56.66942]]],[[[12.07609,55.77892],[11.97267,55.72142],[11.8544,55.73215],[11.64088,55.94343],[11.07106,55.67695],[11.24537,55.21479],[12.04664,55.14008],[12.39243,55.25532],[12.35921,55.60459],[12.60222,55.70856],[12.24513,56.12873],[12.07609,55.77892]]],[[[10.66627,55.06428],[10.82838,55.30659],[10.30763,55.61823],[9.88819,55.50869],[9.88396,55.25349],[10.66627,55.06428]]]]}},{"type":"Feature","properties":{"id":"dm","country_id":"DM","level":"country","countryCode":"dm","countryName":"Dominica","nameZh":"Dominica","nameEn":"Dominica","source":"Natural Earth Admin 1 States/Provinces dissolved to countries + Footprint policy overrides","sourceVersion":"5.1.1","sourceYear":2022,"license":"Public Domain","boundaryPolicy":"de facto","mapCluster":"global-country","sourceSimplification":"2%","sourceMapshaperPackage":"mapshaper@0.7.47","sourceComponentCountryIds":["DM"],"sourceComponentRegionIds":["DM-02","DM-03","DM-04","DM-05","DM-06","DM-07","DM-08","DM-09","DM-10","DM-11"]},"geometry":{"type":"Polygon","coordinates":[[[-61.44921,15.6331],[-61.484,15.52958],[-61.45533,15.46633],[-61.41601,15.39014],[-61.3936,15.31356],[-61.37318,15.26035],[-61.37279,15.23721],[-61.34638,15.2117],[-61.25406,15.33267],[-61.26863,15.50991],[-61.44921,15.6331]]]}},{"type":"Feature","properties":{"id":"do","country_id":"DO","level":"country","countryCode":"do","countryName":"Dominican Republic","nameZh":"Dominican Republic","nameEn":"Dominican Republic","source":"Natural Earth Admin 1 States/Provinces dissolved to countries + Footprint policy overrides","sourceVersion":"5.1.1","sourceYear":2022,"license":"Public Domain","boundaryPolicy":"de facto","mapCluster":"global-country","sourceSimplification":"2%","sourceMapshaperPackage":"mapshaper@0.7.47","sourceComponentCountryIds":["DO"],"sourceComponentRegionIds":["DO-01","DO-02","DO-03","DO-04","DO-05","DO-06","DO-07","DO-08","DO-09","DO-10","DO-11","DO-12","DO-13","DO-14","DO-15","DO-16","DO-17","DO-18","DO-19","DO-20","DO-21","DO-22","DO-23","DO-24","DO-25","DO-26","DO-27","DO-28","DO-29","DO-30","DO-31","DO-32"]},"geometry":{"type":"Polygon","coordinates":[[[-69.87938,18.47122],[-69.52811,18.41031],[-69.08544,18.3959],[-68.90115,18.40366],[-68.74299,18.20454],[-68.44433,18.4195],[-68.35619,18.65656],[-68.78515,18.97989],[-69.21174,19.02098],[-69.62089,19.10196],[-69.77148,19.30325],[-69.89794,19.63597],[-70.09404,19.63672],[-70.37272,19.71418],[-71.00088,19.93769],[-71.22177,19.83457],[-71.64859,19.89671],[-71.75744,19.71011],[-71.74604,19.64902],[-71.74952,19.27971],[-71.65173,19.21792],[-71.7849,18.68473],[-71.79178,18.68068],[-71.72111,18.29397],[-71.72171,18.293],[-71.77623,18.03925],[-71.41723,17.6048],[-71.28102,17.85313],[-70.96562,18.26208],[-70.57938,18.27177],[-70.18039,18.23413],[-70.00402,18.41747],[-69.98092,18.42646],[-69.87938,18.47122]]]}},{"type":"Feature","properties":{"id":"dz","country_id":"DZ","level":"country","countryCode":"dz","countryName":"Algeria","nameZh":"Algeria","nameEn":"Algeria","source":"Natural Earth Admin 1 States/Provinces dissolved to countries + Footprint policy overrides","sourceVersion":"5.1.1","sourceYear":2022,"license":"Public Domain","boundaryPolicy":"de facto","mapCluster":"global-country","sourceSimplification":"2%","sourceMapshaperPackage":"mapshaper@0.7.47","sourceComponentCountryIds":["DZ"],"sourceComponentRegionIds":["DZ-01","DZ-02","DZ-03","DZ-04","DZ-05","DZ-06","DZ-07","DZ-08","DZ-09","DZ-10","DZ-11","DZ-12","DZ-13","DZ-14","DZ-15","DZ-16","DZ-17","DZ-18","DZ-19","DZ-20","DZ-21","DZ-22","DZ-23","DZ-24","DZ-25","DZ-26","DZ-27","DZ-28","DZ-29","DZ-30","DZ-31","DZ-32","DZ-33","DZ-34","DZ-35","DZ-36","DZ-37","DZ-38","DZ-39","DZ-40","DZ-41","DZ-42","DZ-43","DZ-44","DZ-45","DZ-46","DZ-47","DZ-48"]},"geometry":{"type":"Polygon","coordinates":[[[0.00373,21.8489],[1.14652,21.10171],[1.14528,20.79589],[1.64396,20.52268],[1.77811,20.30429],[2.18243,20.2785],[2.4004,20.05655],[2.946,19.94165],[3.21679,19.79406],[3.25823,19.41039],[3.10268,19.15356],[3.35869,18.97685],[3.79029,19.06077],[4.22861,19.14224],[5.83761,19.47863],[7.48273,20.87258],[9.72331,22.19343],[11.96886,23.51735],[11.71014,24.00014],[11.46724,24.32634],[10.72067,24.5523],[10.45019,24.47693],[10.03203,24.85634],[9.9695,25.3954],[9.40116,26.11339],[9.4826,26.35255],[9.83576,26.50422],[9.91059,26.84312],[9.72135,27.29188],[9.93127,27.81864],[9.77695,28.26758],[9.82728,28.61865],[9.82615,29.12853],[9.66771,29.60832],[9.36949,30.02279],[9.51971,30.22891],[9.0633,32.00019],[8.33263,32.52636],[8.08682,33.09429],[7.70829,33.4107],[7.47983,33.8939],[7.53923,34.11376],[8.10248,34.53635],[8.25871,34.7413],[8.32723,35.62141],[8.26842,35.96986],[8.35542,36.35612],[8.16789,36.49199],[8.60251,36.93951],[7.77377,36.88976],[7.26268,37.076],[6.90943,36.89305],[6.46241,37.09394],[6.24783,36.93531],[5.42804,36.66388],[4.59148,36.89525],[4.03946,36.89692],[3.17327,36.74262],[2.98487,36.81497],[2.63299,36.60513],[1.70094,36.54719],[1.04477,36.48688],[0.74041,36.33775],[0.12729,36.05077],[-0.11368,35.7888],[-0.34854,35.90705],[-1.10635,35.62324],[-1.36198,35.3199],[-1.76114,35.12962],[-2.22256,35.0893],[-1.78772,34.75669],[-1.87112,34.59665],[-1.67209,34.09202],[-1.67423,33.23797],[-1.42335,32.7424],[-1.0475,32.51701],[-1.27342,32.22944],[-1.24956,32.08166],[-2.51615,32.1322],[-2.93873,32.04864],[-3.16172,31.73255],[-3.65951,31.64782],[-3.81498,31.22052],[-3.55467,30.95593],[-3.64553,30.71132],[-4.37237,30.50864],[-4.77073,30.22909],[-5.17608,29.97749],[-5.5395,29.52322],[-6.00077,29.57913],[-6.34391,29.57207],[-6.78351,29.44634],[-7.14693,29.50924],[-7.61945,29.38942],[-8.68239,28.6659],[-8.68239,27.66144],[-8.68239,27.28542],[-7.29704,26.47074],[-5.66152,25.50888],[-4.82161,24.99506],[-2.52323,23.501],[-0.96358,22.48126],[0.00373,21.8489]]]}},{"type":"Feature","properties":{"id":"ec","country_id":"EC","level":"country","countryCode":"ec","countryName":"Ecuador","nameZh":"Ecuador","nameEn":"Ecuador","source":"Natural Earth Admin 1 States/Provinces dissolved to countries + Footprint policy overrides","sourceVersion":"5.1.1","sourceYear":2022,"license":"Public Domain","boundaryPolicy":"de facto","mapCluster":"global-country","sourceSimplification":"2%","sourceMapshaperPackage":"mapshaper@0.7.47","sourceComponentCountryIds":["EC"],"sourceComponentRegionIds":["EC-A","EC-B","EC-C","EC-D","EC-E","EC-F","EC-G","EC-H","EC-I","EC-L","EC-M","EC-N","EC-O","EC-P","EC-R","EC-S","EC-SD","EC-SE","EC-T","EC-U","EC-W","EC-X","EC-Y","EC-Z"]},"geometry":{"type":"MultiPolygon","coordinates":[[[[-78.47812,1.18712],[-78.82868,1.43431],[-78.95775,1.1634],[-79.45653,1.07246],[-80.07584,0.81615],[-79.99952,0.3451],[-80.06646,0.05221],[-80.49646,-0.38137],[-80.42199,-0.5996],[-80.61632,-0.94141],[-80.91618,-1.06552],[-80.74426,-1.34377],[-80.81816,-1.67698],[-80.74498,-2.10291],[-80.91364,-2.31878],[-80.54275,-2.52976],[-79.72509,-2.56976],[-79.89589,-3.04544],[-80.34073,-3.3935],[-80.16507,-3.8807],[-80.51229,-4.06503],[-80.4085,-4.4775],[-80.07966,-4.30904],[-79.50721,-4.53156],[-79.46082,-4.77046],[-79.23369,-4.96565],[-79.00928,-4.96011],[-78.70893,-4.58511],[-78.68243,-4.32692],[-78.37587,-3.52935],[-77.81037,-2.96715],[-76.66966,-2.56459],[-76.09124,-2.12891],[-75.58074,-1.54664],[-75.26664,-0.6427],[-75.43423,-0.40302],[-75.28349,-0.10702],[-75.78971,0.08439],[-76.05347,0.36354],[-76.40802,0.25451],[-76.89683,0.24531],[-77.10386,0.35414],[-77.42439,0.4083],[-77.51414,0.66053],[-77.72789,0.84331],[-78.12001,0.92124],[-78.47812,1.18712]]],[[[-90.81143,-0.73065],[-91.09423,-0.56943],[-91.43586,-0.77842],[-91.39973,-1.01849],[-90.9287,-0.97031],[-90.81143,-0.73065]]]]}},{"type":"Feature","properties":{"id":"ee","country_id":"EE","level":"country","countryCode":"ee","countryName":"Estonia","nameZh":"Estonia","nameEn":"Estonia","source":"Natural Earth Admin 1 States/Provinces dissolved to countries + Footprint policy overrides","sourceVersion":"5.1.1","sourceYear":2022,"license":"Public Domain","boundaryPolicy":"de facto","mapCluster":"global-country","sourceSimplification":"2%","sourceMapshaperPackage":"mapshaper@0.7.47","sourceComponentCountryIds":["EE"],"sourceComponentRegionIds":["EE-37","EE-39","EE-44","EE-49","EE-51","EE-57","EE-59","EE-65","EE-67","EE-70","EE-74","EE-78","EE-82","EE-84","EE-86"]},"geometry":{"type":"MultiPolygon","coordinates":[[[[23.71849,59.23144],[23.42237,58.90868],[23.5858,58.54417],[24.11166,58.24103],[24.30616,57.86819],[24.58245,57.94601],[24.82742,57.98188],[25.03486,58.04857],[25.09421,58.06731],[25.41973,58.00825],[25.55182,57.94986],[25.7038,57.92133],[26.35133,57.5802],[26.43068,57.56176],[26.79576,57.57132],[27.35293,57.5276],[27.55634,57.81309],[27.51959,58.19451],[27.42885,58.7094],[27.44627,58.81887],[27.69589,58.97718],[28.01905,59.48176],[26.78085,59.50255],[25.83687,59.57648],[24.39967,59.47883],[23.71849,59.23144]]],[[[23.23064,58.50483],[22.32195,58.58478],[21.86785,58.26459],[22.75668,58.24225],[23.23064,58.50483]]],[[[22.29176,58.89521],[22.55567,58.687],[22.93409,58.98404],[22.59767,59.0895],[22.29176,58.89521]]]]}},{"type":"Feature","properties":{"id":"eg","country_id":"EG","level":"country","countryCode":"eg","countryName":"Egypt","nameZh":"Egypt","nameEn":"Egypt","source":"Natural Earth Admin 1 States/Provinces dissolved to countries + Footprint policy overrides","sourceVersion":"5.1.1","sourceYear":2022,"license":"Public Domain","boundaryPolicy":"de facto","mapCluster":"global-country","sourceSimplification":"2%","sourceMapshaperPackage":"mapshaper@0.7.47","sourceComponentCountryIds":["EG"],"sourceComponentRegionIds":["EG-ALX","EG-ASN","EG-AST","EG-BA","EG-BH","EG-BNS","EG-C","EG-DK","EG-DT","EG-FYM","EG-GH","EG-GZ","EG-IS","EG-JS","EG-KB","EG-KFS","EG-KN","EG-LX","EG-MN","EG-MNF","EG-MT","EG-PTS","EG-SHG","EG-SHR","EG-SIN","EG-SUZ","EG-WAD"]},"geometry":{"type":"Polygon","coordinates":[[[29.59807,31.00951],[29.02809,30.82705],[28.40496,31.08649],[27.89715,31.11441],[27.32065,31.38101],[25.82407,31.61494],[25.40187,31.50316],[25.15089,31.65648],[24.86125,31.38036],[24.99489,30.7851],[24.68834,30.14416],[24.98124,29.18137],[24.98124,28.0967],[24.98124,27.6665],[24.98124,27.04924],[24.98124,26.08084],[24.98124,23.74628],[24.98124,21.99535],[26.3438,21.99509],[28.29035,21.99478],[29.45823,21.99463],[31.24841,21.99437],[31.31439,22.10227],[31.49472,21.99539],[32.52452,21.9954],[33.15976,21.9954],[35.48644,21.99556],[36.88364,21.99571],[36.19776,22.65168],[35.69531,22.93213],[35.48943,23.49702],[35.51393,23.97712],[35.23545,24.40013],[34.54656,25.72504],[34.01401,26.61164],[33.82537,27.25971],[33.55787,27.53677],[33.51254,27.95905],[32.86891,28.57892],[32.65617,29.12065],[32.33766,29.59992],[32.65177,29.79002],[32.74155,29.45596],[33.14503,29.03172],[33.22869,28.5694],[33.76336,28.02399],[34.07846,27.80069],[34.42742,27.98306],[34.40691,28.30801],[34.63347,28.7707],[34.73658,29.30512],[34.88551,29.4895],[34.88673,29.49006],[34.82436,29.7417],[34.24835,31.21145],[34.20027,31.31427],[33.64796,31.11725],[32.59968,31.06152],[32.2566,31.2888],[32.25646,31.27622],[32.28736,31.17015],[32.14184,31.08736],[32.14258,31.08027],[32.05234,31.12877],[31.79493,31.2777],[32.08292,31.35901],[32.09376,31.36567],[31.94483,31.52094],[31.57161,31.44375],[31.34991,31.52966],[30.90943,31.42381],[30.39825,31.44358],[30.09848,31.28465],[29.59807,31.00951]]]}},{"type":"Feature","properties":{"id":"eh","country_id":"EH","level":"country","countryCode":"eh","countryName":"Western Sahara","nameZh":"Western Sahara","nameEn":"Western Sahara","source":"Natural Earth Admin 1 States/Provinces dissolved to countries + Footprint policy overrides","sourceVersion":"5.1.1","sourceYear":2022,"license":"Public Domain","boundaryPolicy":"de facto","mapCluster":"global-country","sourceSimplification":"2%","sourceMapshaperPackage":"mapshaper@0.7.47","sourceComponentCountryIds":["EH"],"sourceComponentRegionIds":["EH-X01~"]},"geometry":{"type":"Polygon","coordinates":[[[-8.68239,27.66144],[-8.75287,27.19049],[-9.41206,27.08796],[-9.73436,26.86043],[-10.25045,26.86043],[-10.92184,27.00983],[-11.39157,26.88291],[-11.3369,26.6329],[-11.71724,26.10358],[-12.05623,25.99529],[-12.43014,24.83017],[-12.94688,24.49675],[-13.31001,23.98055],[-13.76998,23.79013],[-14.01999,23.41025],[-14.22019,22.30965],[-14.62985,21.86042],[-14.83981,21.45027],[-15.74996,21.49032],[-17.01374,21.41997],[-17.05687,20.76691],[-16.95883,21.33286],[-14.2956,21.33323],[-13.01525,21.33343],[-13.03209,21.58194],[-13.09333,22.49548],[-13.1655,22.7527],[-13.01525,23.018],[-12.61943,23.27083],[-12.01531,23.49518],[-12.01531,25.9949],[-9.69865,25.99495],[-8.68081,26.01314],[-8.68239,27.28542],[-8.68239,27.66144]]]}},{"type":"Feature","properties":{"id":"er","country_id":"ER","level":"country","countryCode":"er","countryName":"Eritrea","nameZh":"Eritrea","nameEn":"Eritrea","source":"Natural Earth Admin 1 States/Provinces dissolved to countries + Footprint policy overrides","sourceVersion":"5.1.1","sourceYear":2022,"license":"Public Domain","boundaryPolicy":"de facto","mapCluster":"global-country","sourceSimplification":"2%","sourceMapshaperPackage":"mapshaper@0.7.47","sourceComponentCountryIds":["ER"],"sourceComponentRegionIds":["ER-AN","ER-DK","ER-DU","ER-GB","ER-MA","ER-SK"]},"geometry":{"type":"Polygon","coordinates":[[[43.11769,12.70791],[42.77394,12.86213],[42.28842,13.57461],[41.98097,13.8378],[41.67652,13.94025],[41.1561,14.64159],[40.80812,14.70283],[40.57233,14.95121],[40.15943,14.98225],[39.87525,15.5041],[39.71827,15.2639],[39.23561,16.10871],[39.16334,16.62816],[38.92905,17.39712],[38.60157,18.00483],[38.34374,17.65593],[38.01442,17.53934],[37.50679,17.31848],[37.40343,17.02992],[36.97337,17.06208],[36.92731,16.43539],[36.88594,16.18485],[36.42365,15.11151],[36.4622,14.79377],[36.52638,14.26352],[37.0727,14.2853],[37.29377,14.45744],[37.56497,14.11668],[37.89146,14.87953],[38.24584,14.65247],[38.42683,14.41718],[38.86608,14.49366],[39.20818,14.44018],[39.72298,14.50172],[39.99984,14.45524],[40.35369,14.33524],[40.8332,14.10596],[41.19204,13.61586],[41.7118,13.24793],[41.94662,12.87617],[42.37946,12.46591],[42.69619,12.38013],[43.11769,12.70791]]]}},{"type":"Feature","properties":{"id":"es","country_id":"ES","level":"country","countryCode":"es","countryName":"Spain","nameZh":"Spain","nameEn":"Spain","source":"Natural Earth Admin 1 States/Provinces dissolved to countries + Footprint policy overrides","sourceVersion":"5.1.1","sourceYear":2022,"license":"Public Domain","boundaryPolicy":"de facto","mapCluster":"global-country","sourceSimplification":"2%","sourceMapshaperPackage":"mapshaper@0.7.47","sourceComponentCountryIds":["ES"],"sourceComponentRegionIds":["ES-A","ES-AB","ES-AL","ES-AV","ES-B","ES-BA","ES-BI","ES-BU","ES-C","ES-CA","ES-CC","ES-CE","ES-CO","ES-CR","ES-CS","ES-CU","ES-GC","ES-GI","ES-GR","ES-GU","ES-H","ES-HU","ES-J","ES-L","ES-LE","ES-LO","ES-LU","ES-M","ES-MA","ES-ML","ES-MU","ES-NA","ES-O","ES-OR","ES-P","ES-PM","ES-PO","ES-S","ES-SA","ES-SE","ES-SG","ES-SO","ES-SS","ES-T","ES-TE","ES-TF","ES-TO","ES-V","ES-VA","ES-VI","ES-Z","ES-ZA"]},"geometry":{"type":"MultiPolygon","coordinates":[[[[-0.031,38.88276],[-0.32335,39.51622],[-0.19449,39.71544],[0.52376,40.52616],[0.99041,41.0397],[1.62436,41.19217],[2.06031,41.2746],[2.7785,41.64558],[3.15017,41.84535],[3.18097,42.43148],[2.05169,42.35235],[1.71217,42.49371],[1.70701,42.50278],[1.65698,42.49764],[1.57266,42.45307],[1.44997,42.50407],[1.4293,42.59539],[0.8561,42.81276],[0.66343,42.69621],[0.46693,42.69044],[-0.03893,42.68515],[-0.30514,42.83081],[-0.74503,42.91873],[-1.27488,43.04683],[-1.74973,43.29479],[-1.79407,43.38602],[-2.40678,43.32931],[-2.75585,43.45026],[-3.1506,43.36015],[-3.55435,43.51691],[-4.51383,43.40283],[-5.42422,43.56114],[-6.22277,43.59589],[-7.04692,43.48368],[-7.69616,43.73151],[-7.95295,43.73013],[-8.50597,43.33153],[-9.2176,43.15534],[-9.07087,42.59614],[-8.73095,42.68842],[-8.89859,42.10175],[-8.7508,41.96898],[-8.22236,42.15363],[-8.17927,41.81261],[-8.05045,41.81599],[-7.20932,41.88916],[-6.98346,41.963],[-6.52422,41.86742],[-6.20595,41.57028],[-6.48213,41.30299],[-6.92745,41.0481],[-6.81428,40.64718],[-6.87451,40.27919],[-6.9421,40.25498],[-7.03577,39.68926],[-7.55587,39.67721],[-7.25084,39.27063],[-6.97329,39.01395],[-7.22588,38.76613],[-7.35921,38.44636],[-7.11707,38.18363],[-6.95058,38.19839],[-7.26862,37.94924],[-7.51461,37.52833],[-7.41442,37.19282],[-7.02937,37.20551],[-6.33907,36.9047],[-6.23161,36.90283],[-6.23489,36.57575],[-6.03677,36.18952],[-5.61177,36.00646],[-5.35839,36.14111],[-5.33877,36.14112],[-5.25365,36.29711],[-4.72277,36.49299],[-4.43326,36.71068],[-3.77724,36.7358],[-3.12822,36.74638],[-2.07116,36.77534],[-1.64162,37.38104],[-1.32374,37.56199],[-0.92516,37.55589],[-0.76057,37.8459],[-0.32942,38.47004],[0.23406,38.75788],[-0.031,38.88276]]],[[[3.3545,39.78437],[2.93328,39.9145],[2.35768,39.61188],[3.0608,39.26907],[3.3545,39.78437]]],[[[-16.4277,28.14967],[-16.50714,28.42413],[-16.91606,28.35497],[-16.67634,27.9971],[-16.4277,28.14967]]],[[[-13.97265,28.73591],[-14.14639,28.42333],[-13.84777,28.39741],[-13.97265,28.73591]]],[[[-5.34073,35.84736],[-5.29186,35.89053],[-5.39886,35.9245],[-5.34073,35.84736]]],[[[-2.94782,35.32978],[-2.96692,35.31387],[-2.94305,35.26787],[-2.91291,35.27692],[-2.94782,35.32978]]]]}},{"type":"Feature","properties":{"id":"esb","country_id":"ESB","level":"country","countryCode":"esb","countryName":"Dhekelia Sovereign Base Area","nameZh":"泽凯利亚军营","nameEn":"Dhekelia Cantonment","source":"Natural Earth Admin 0 Countries","sourceVersion":"5.1.1","sourceYear":2022,"license":"Public Domain","boundaryPolicy":"de facto","mapCluster":"global-country","sourceSimplification":"2%","sourceMapshaperPackage":"mapshaper@0.7.47","sourceComponentCountryIds":["ESB"],"sourceComponentRegionIds":[]},"geometry":{"type":"Polygon","coordinates":[[[33.78094,34.97635],[33.78183,34.97622],[33.89184,34.95814],[33.89812,35.06127],[33.90651,35.0691],[33.67943,35.0339],[33.70293,34.98794],[33.70151,34.97289],[33.78094,34.97635]]]}},{"type":"Feature","properties":{"id":"et","country_id":"ET","level":"country","countryCode":"et","countryName":"Ethiopia","nameZh":"Ethiopia","nameEn":"Ethiopia","source":"Natural Earth Admin 1 States/Provinces dissolved to countries + Footprint policy overrides","sourceVersion":"5.1.1","sourceYear":2022,"license":"Public Domain","boundaryPolicy":"de facto","mapCluster":"global-country","sourceSimplification":"2%","sourceMapshaperPackage":"mapshaper@0.7.47","sourceComponentCountryIds":["ET"],"sourceComponentRegionIds":["ET-AA","ET-AF","ET-AM","ET-BE","ET-DD","ET-GA","ET-HA","ET-OR","ET-SN","ET-SO","ET-TI"]},"geometry":{"type":"Polygon","coordinates":[[[41.97468,11.88091],[42.37946,12.46591],[41.94662,12.87617],[41.7118,13.24793],[41.19204,13.61586],[40.8332,14.10596],[40.35369,14.33524],[39.99984,14.45524],[39.72298,14.50172],[39.20818,14.44018],[38.86608,14.49366],[38.42683,14.41718],[38.24584,14.65247],[37.89146,14.87953],[37.56497,14.11668],[37.29377,14.45744],[37.0727,14.2853],[36.52638,14.26352],[36.43994,13.77618],[36.23358,13.36164],[36.12361,12.72145],[35.70137,12.66542],[35.24838,11.95786],[35.14856,11.87123],[34.94715,11.27487],[34.93382,10.84531],[34.58707,10.87929],[34.27949,10.56551],[34.32486,10.26865],[34.0707,9.45459],[34.0831,9.20512],[34.10725,8.60153],[33.97077,8.44538],[33.17408,8.40448],[33.00757,7.94406],[33.05129,7.80113],[33.71606,7.65716],[34.19577,7.09774],[34.73352,6.63761],[34.96796,6.00813],[35.09866,5.62247],[35.80415,5.31802],[35.78451,4.76418],[35.92084,4.61933],[36.04532,4.44372],[36.64886,4.43118],[36.84409,4.43224],[38.10189,3.61265],[38.49691,3.62394],[39.09044,3.51833],[39.29634,3.49199],[39.53633,3.40501],[39.84845,3.86728],[40.76374,4.28493],[41.11452,3.96234],[41.88502,3.97723],[42.13534,4.20008],[42.87019,4.32817],[43.11926,4.6477],[43.96897,4.95396],[44.59681,4.91764],[44.94153,4.91148],[45.51848,5.54056],[46.46696,6.53829],[47.53239,7.56586],[47.97917,7.99657],[46.97923,7.99657],[45.51441,8.49654],[44.02386,8.98553],[43.41903,9.41302],[42.83628,10.20809],[42.69965,10.65855],[42.92372,10.99879],[42.60815,11.08909],[41.95416,10.94127],[41.76652,10.98947],[41.74911,11.53795],[41.97468,11.88091]]]}},{"type":"Feature","properties":{"id":"fi","country_id":"FI","level":"country","countryCode":"fi","countryName":"Finland","nameZh":"Finland","nameEn":"Finland","source":"Natural Earth Admin 1 States/Provinces dissolved to countries + Footprint policy overrides","sourceVersion":"5.1.1","sourceYear":2022,"license":"Public Domain","boundaryPolicy":"de facto","mapCluster":"global-country","sourceSimplification":"2%","sourceMapshaperPackage":"mapshaper@0.7.47","sourceComponentCountryIds":["FI"],"sourceComponentRegionIds":["FI-02","FI-03","FI-04","FI-05","FI-06","FI-07","FI-08","FI-09","FI-10","FI-11","FI-12","FI-13","FI-14","FI-15","FI-16","FI-17","FI-18","FI-19"]},"geometry":{"type":"Polygon","coordinates":[[[30.14565,61.85047],[31.22216,62.49172],[31.56952,62.90593],[31.22567,63.19604],[29.99843,63.7471],[30.50933,63.99139],[29.58815,64.99143],[29.73153,65.49692],[30.11173,65.71201],[29.54619,66.43197],[29.3625,66.62655],[29.10011,66.99124],[30.00941,67.68584],[29.29866,68.08179],[28.66376,68.204],[28.44744,68.51489],[28.95408,69.02726],[29.34454,69.46439],[27.86691,70.07531],[26.50069,69.91832],[26.03198,69.69668],[25.65164,68.8835],[25.11757,68.63767],[23.92901,68.81621],[23.19758,68.61803],[22.59648,68.72464],[21.9461,69.0657],[21.31356,69.29143],[20.62316,69.03636],[22.07217,68.47701],[23.05216,68.29821],[23.76519,67.42007],[23.58133,67.15314],[24.00125,66.81243],[23.64231,66.43626],[24.1631,65.8227],[25.09319,65.59192],[25.35182,65.48412],[25.44353,64.96678],[24.77312,64.86579],[23.70647,64.16808],[22.99073,63.78762],[22.49724,63.62299],[22.37371,63.32136],[21.61541,63.20392],[21.11354,62.7812],[21.33904,62.35554],[21.31669,61.93919],[21.62338,61.54588],[21.40811,61.04815],[21.46998,60.6083],[22.62761,60.37539],[23.02125,60.1068],[23.23715,59.89802],[25.73552,60.24726],[26.5533,60.59177],[27.4568,60.46369],[27.80787,60.55305],[28.00378,60.66423],[29.27706,61.3046],[30.14565,61.85047]]]}},{"type":"Feature","properties":{"id":"fj","country_id":"FJ","level":"country","countryCode":"fj","countryName":"Fiji","nameZh":"Fiji","nameEn":"Fiji","source":"Natural Earth Admin 1 States/Provinces dissolved to countries + Footprint policy overrides","sourceVersion":"5.1.1","sourceYear":2022,"license":"Public Domain","boundaryPolicy":"de facto","mapCluster":"global-country","sourceSimplification":"2%","sourceMapshaperPackage":"mapshaper@0.7.47","sourceComponentCountryIds":["FJ"],"sourceComponentRegionIds":["FJ-C","FJ-E","FJ-N","FJ-R","FJ-W"]},"geometry":{"type":"MultiPolygon","coordinates":[[[[178.44826,-17.55026],[178.26271,-17.33563],[177.83326,-17.36647],[177.38893,-17.64056],[177.33595,-18.10556],[177.78338,-18.22316],[178.1683,-18.24847],[178.68458,-18.07041],[178.60231,-17.65],[178.44826,-17.55026]]],[[[180,-16.16895],[180,-16.14911],[179.76441,-16.18141],[178.917,-16.47064],[178.60231,-16.77972],[178.70533,-16.99879],[179.29689,-16.80682],[179.90382,-16.71771],[179.73845,-16.45924],[180,-16.16895]]],[[[178.43035,-18.95525],[178.34498,-18.9249],[178.34148,-19.04778],[178.49659,-19.01328],[178.43035,-18.95525]]],[[[177.12477,-12.4861],[177.05974,-12.47527],[177.04363,-12.50848],[177.11362,-12.51141],[177.12477,-12.4861]]]]}},{"type":"Feature","properties":{"id":"fk","country_id":"FK","level":"country","countryCode":"fk","countryName":"Falkland Islands","nameZh":"Falkland Islands","nameEn":"Falkland Islands","source":"Natural Earth Admin 1 States/Provinces dissolved to countries + Footprint policy overrides","sourceVersion":"5.1.1","sourceYear":2022,"license":"Public Domain","boundaryPolicy":"de facto","mapCluster":"global-country","sourceSimplification":"2%","sourceMapshaperPackage":"mapshaper@0.7.47","sourceComponentCountryIds":["FK"],"sourceComponentRegionIds":["FK-X01~"]},"geometry":{"type":"MultiPolygon","coordinates":[[[[-57.81623,-51.69354],[-57.9064,-51.37664],[-58.48143,-51.30096],[-59.0843,-51.40602],[-59.1007,-51.62176],[-59.58129,-51.91131],[-59.38598,-52.11191],[-58.60448,-52.00205],[-57.81623,-51.69354]]],[[[-59.63239,-51.74131],[-59.25597,-51.38738],[-60.02961,-51.39251],[-60.61018,-51.74277],[-60.25988,-51.98545],[-59.63239,-51.74131]]]]}},{"type":"Feature","properties":{"id":"fm","country_id":"FM","level":"country","countryCode":"fm","countryName":"Federated States of Micronesia","nameZh":"Federated States of Micronesia","nameEn":"Federated States of Micronesia","source":"Natural Earth Admin 1 States/Provinces dissolved to countries + Footprint policy overrides","sourceVersion":"5.1.1","sourceYear":2022,"license":"Public Domain","boundaryPolicy":"de facto","mapCluster":"global-country","sourceSimplification":"2%","sourceMapshaperPackage":"mapshaper@0.7.47","sourceComponentCountryIds":["FM"],"sourceComponentRegionIds":["FM-KSA","FM-PNI","FM-TRK","FM-YAP"]},"geometry":{"type":"MultiPolygon","coordinates":[[[[158.29078,6.93797],[158.12582,6.90742],[158.19353,6.79344],[158.29078,6.93797]]],[[[163.02605,5.34089],[163.01059,5.37971],[162.92408,5.32103],[163.01922,5.27269],[163.02605,5.34089]]],[[[138.19239,9.57587],[138.12623,9.56599],[138.13445,9.51187],[138.18873,9.50682],[138.19239,9.57587]]],[[[151.58863,7.38361],[151.64454,7.33609],[151.65016,7.36937],[151.62241,7.39175],[151.58863,7.38361]]]]}},{"type":"Feature","properties":{"id":"fo","country_id":"FO","level":"country","countryCode":"fo","countryName":"Faroe Islands","nameZh":"Faroe Islands","nameEn":"Faroe Islands","source":"Natural Earth Admin 1 States/Provinces dissolved to countries + Footprint policy overrides","sourceVersion":"5.1.1","sourceYear":2022,"license":"Public Domain","boundaryPolicy":"de facto","mapCluster":"global-country","sourceSimplification":"2%","sourceMapshaperPackage":"mapshaper@0.7.47","sourceComponentCountryIds":["FO"],"sourceComponentRegionIds":["FO-X00~"]},"geometry":{"type":"Polygon","coordinates":[[[-7.22265,62.1706],[-7.03087,62.1166],[-6.85692,61.99478],[-6.71557,62.034],[-6.85607,62.14789],[-7.22265,62.1706]]]}},{"type":"Feature","properties":{"id":"fr","country_id":"FR","level":"country","countryCode":"fr","countryName":"France","nameZh":"France","nameEn":"France","source":"Natural Earth Admin 1 States/Provinces dissolved to countries + Footprint policy overrides","sourceVersion":"5.1.1","sourceYear":2022,"license":"Public Domain","boundaryPolicy":"de facto","mapCluster":"global-country","sourceSimplification":"2%","sourceMapshaperPackage":"mapshaper@0.7.47","sourceComponentCountryIds":["FR"],"sourceComponentRegionIds":["FR-01","FR-02","FR-03","FR-04","FR-05","FR-06","FR-07","FR-08","FR-09","FR-10","FR-11","FR-12","FR-13","FR-14","FR-15","FR-16","FR-17","FR-18","FR-19","FR-21","FR-22","FR-23","FR-24","FR-25","FR-26","FR-27","FR-28","FR-29","FR-2A","FR-2B","FR-30","FR-31","FR-32","FR-33","FR-34","FR-35","FR-36","FR-37","FR-38","FR-39","FR-40","FR-41","FR-42","FR-43","FR-44","FR-45","FR-46","FR-47","FR-48","FR-49","FR-50","FR-51","FR-52","FR-53","FR-54","FR-55","FR-56","FR-57","FR-58","FR-59","FR-60","FR-61","FR-62","FR-63","FR-64","FR-65","FR-66","FR-67","FR-68","FR-69","FR-70","FR-71","FR-72","FR-73","FR-74","FR-75","FR-76","FR-77","FR-78","FR-79","FR-80","FR-81","FR-82","FR-83","FR-84","FR-85","FR-86","FR-87","FR-88","FR-89","FR-90","FR-91","FR-92","FR-93","FR-94","FR-95","FR-GF","FR-GP","FR-MQ","FR-RE","FR-YT"]},"geometry":{"type":"MultiPolygon","coordinates":[[[[6.11861,46.33177],[6.05901,46.41739],[6.13798,46.55759],[6.44312,46.85146],[6.83808,47.16813],[6.93917,47.42684],[7.14217,47.48765],[7.33693,47.43185],[7.38822,47.43329],[7.42056,47.45086],[7.446,47.48688],[7.48578,47.49877],[7.52087,47.56342],[7.58603,47.58462],[7.58198,48.12135],[7.81025,48.61502],[8.19989,48.95825],[7.64493,49.0363],[7.37163,49.16617],[6.84349,49.21105],[6.34531,49.45535],[6.25112,49.48946],[5.92814,49.48231],[5.79068,49.53775],[5.47772,49.49522],[5.39117,49.60882],[4.96837,49.79698],[4.42765,49.93357],[4.21594,49.95441],[4.13166,49.97499],[4.02273,50.33812],[3.27105,50.52694],[3.16281,50.74994],[3.02382,50.76826],[2.86673,50.70009],[2.5218,51.08754],[2.06332,51.01432],[1.58058,50.8688],[1.59498,50.37267],[1.37307,50.06572],[0.23585,49.72932],[0.49317,49.4936],[0.29426,49.43472],[-0.21947,49.2801],[-1.11876,49.3462],[-1.39127,49.71271],[-1.88467,49.53091],[-1.61042,49.21589],[-1.58967,48.64181],[-1.94854,48.5383],[-2.31249,48.68696],[-2.63634,48.5388],[-3.07706,48.82827],[-3.63854,48.68781],[-4.56363,48.62962],[-4.43464,47.97565],[-3.5393,47.77375],[-2.4611,47.45264],[-1.99072,47.03539],[-2.11876,46.81997],[-1.8048,46.50361],[-1.11919,46.31101],[-1.1942,45.71019],[-0.7066,45.32216],[-1.13996,45.49006],[-1.2513,44.46822],[-1.51399,43.53864],[-1.79407,43.38602],[-1.74973,43.29479],[-1.27488,43.04683],[-0.74503,42.91873],[-0.30514,42.83081],[-0.03893,42.68515],[0.46693,42.69044],[0.66343,42.69621],[0.8561,42.81276],[1.4293,42.59539],[1.45141,42.60205],[1.59735,42.62192],[1.76111,42.56765],[1.71709,42.53989],[1.70701,42.50278],[1.71217,42.49371],[2.05169,42.35235],[3.18097,42.43148],[3.04628,42.83708],[3.24431,43.21943],[4.10532,43.55187],[4.2059,43.45991],[5.33888,43.33429],[5.67219,43.18042],[6.02701,43.0782],[6.6798,43.20155],[6.93318,43.48035],[7.36575,43.72273],[7.40697,43.76351],[7.43745,43.74336],[7.50229,43.79222],[7.68793,44.0908],[6.87843,44.35462],[6.9383,44.65797],[7.03882,44.71212],[6.62939,45.12355],[7.06218,45.21853],[7.07537,45.46629],[6.78387,45.76499],[7.02208,45.92526],[6.78811,46.40501],[6.21659,46.3095],[5.95884,46.13047],[6.11861,46.33177]]],[[[-51.68322,4.03937],[-51.8015,4.6127],[-51.93126,4.5904],[-52.99458,5.45762],[-53.94435,5.74464],[-54.17097,5.34837],[-54.32065,5.21245],[-54.48212,4.9128],[-54.35515,4.06652],[-53.98882,3.611],[-54.19046,3.1781],[-54.21253,2.77642],[-54.61529,2.32627],[-54.13491,2.11067],[-53.86681,2.30493],[-53.3441,2.34963],[-52.95968,2.17522],[-52.70771,2.35893],[-51.98842,3.70456],[-51.68322,4.03937]]],[[[9.39583,41.86044],[9.55274,42.11302],[9.52809,42.56354],[9.34254,42.74909],[8.81284,42.5996],[8.57049,42.38178],[8.80543,41.90693],[8.69557,41.72944],[9.2107,41.44086],[9.39583,41.86044]]],[[[55.78785,-21.10345],[55.57838,-20.87477],[55.30299,-20.90521],[55.3545,-21.27459],[55.82081,-21.32497],[55.78785,-21.10345]]],[[[-60.81041,14.46198],[-61.00227,14.81143],[-61.15958,14.66694],[-60.81041,14.46198]]],[[[-61.54418,16.28539],[-61.50341,16.21328],[-61.18838,16.26382],[-61.53429,16.44929],[-61.54418,16.28539]]],[[[45.20069,-12.72291],[45.08717,-12.7597],[45.13185,-12.98919],[45.21315,-12.85182],[45.20069,-12.72291]]]]}},{"type":"Feature","properties":{"id":"fra","country_id":"FRA","level":"country","countryCode":"fra","countryName":"France","nameZh":"法国","nameEn":"France","source":"Natural Earth Admin 0 Countries","sourceVersion":"5.1.1","sourceYear":2022,"license":"Public Domain","boundaryPolicy":"de facto","mapCluster":"global-country","sourceSimplification":"2%","sourceMapshaperPackage":"mapshaper@0.7.47","sourceComponentCountryIds":["FRA"],"sourceComponentRegionIds":[]},"geometry":{"type":"MultiPolygon","coordinates":[[[[2.5218,51.08754],[1.58058,50.8688],[1.52101,50.21467],[1.17262,49.961],[0.23585,49.72932],[0.25685,49.46406],[-0.21947,49.2801],[-1.07226,49.3968],[-1.39127,49.71271],[-1.88467,49.53091],[-1.61042,49.21589],[-1.5797,48.64326],[-2.31249,48.68696],[-2.63634,48.5388],[-3.07706,48.82827],[-3.51529,48.84195],[-4.56363,48.62962],[-4.43464,47.97565],[-2.5017,47.52668],[-1.99258,47.05231],[-2.11876,46.81997],[-1.8048,46.50361],[-1.1796,46.22948],[-1.0487,46.0388],[-1.2473,44.50454],[-1.47688,43.58006],[-1.79407,43.38602],[-1.27488,43.04683],[-0.30742,42.83183],[-0.03893,42.68515],[1.4293,42.59539],[1.70701,42.50278],[2.05169,42.35235],[3.18097,42.43148],[3.03899,42.94278],[3.38543,43.28392],[3.9393,43.53254],[4.56629,43.37109],[5.33888,43.33429],[6.02701,43.0782],[6.6798,43.20155],[6.73115,43.40785],[7.36575,43.72273],[7.40697,43.76351],[7.43745,43.74336],[7.50229,43.79222],[7.69191,44.08465],[7.03345,44.24293],[6.83884,44.50292],[7.01898,44.73887],[6.60273,45.10345],[7.06218,45.21853],[6.8008,45.82645],[7.02208,45.92526],[6.76267,46.42926],[6.06416,46.47112],[7.0443,47.3405],[7.58603,47.58462],[7.57264,48.09497],[7.81025,48.61502],[8.18873,48.96575],[6.84349,49.21105],[6.34531,49.45535],[5.79068,49.53775],[5.40208,49.60245],[4.78827,49.97426],[4.43511,49.93225],[4.02273,50.33812],[2.78673,50.72336],[2.5218,51.08754]]],[[[-54.61529,2.32627],[-54.13491,2.11067],[-53.86681,2.30493],[-53.3441,2.34963],[-52.95968,2.17522],[-52.70771,2.35893],[-51.98842,3.70456],[-51.68322,4.03937],[-51.93126,4.5904],[-52.99458,5.45762],[-53.94435,5.74464],[-54.17097,5.34837],[-54.48212,4.9128],[-54.35515,4.06652],[-53.98882,3.611],[-54.19046,3.1781],[-54.21253,2.77642],[-54.61529,2.32627]]],[[[8.56577,42.20856],[8.69557,41.72944],[9.2107,41.44086],[9.55274,42.11302],[9.52809,42.56354],[9.10711,42.7259],[8.66749,42.50971],[8.56577,42.20856]]],[[[55.78785,-21.10345],[55.57838,-20.87477],[55.30299,-20.90521],[55.3545,-21.27459],[55.78785,-21.10345]]]]}},{"type":"Feature","properties":{"id":"ga","country_id":"GA","level":"country","countryCode":"ga","countryName":"Gabon","nameZh":"Gabon","nameEn":"Gabon","source":"Natural Earth Admin 1 States/Provinces dissolved to countries + Footprint policy overrides","sourceVersion":"5.1.1","sourceYear":2022,"license":"Public Domain","boundaryPolicy":"de facto","mapCluster":"global-country","sourceSimplification":"2%","sourceMapshaperPackage":"mapshaper@0.7.47","sourceComponentCountryIds":["GA"],"sourceComponentRegionIds":["GA-1","GA-2","GA-3","GA-4","GA-5","GA-6","GA-7","GA-8","GA-9"]},"geometry":{"type":"Polygon","coordinates":[[[9.30611,-0.27165],[9.10084,-0.5997],[8.8003,-0.73366],[9.03004,-1.29909],[9.28533,-1.41579],[9.24431,-1.78582],[9.59702,-2.35223],[10.13746,-2.52744],[9.96172,-2.74541],[10.63543,-3.31365],[11.11402,-3.93686],[11.21252,-3.69729],[11.56982,-3.54495],[11.84081,-3.70999],[11.94437,-3.30321],[11.53557,-2.805],[11.55824,-2.34936],[12.06229,-2.41499],[12.45927,-2.32993],[12.45001,-1.8993],[12.74101,-1.89067],[12.99401,-2.36012],[13.44536,-2.42709],[13.77066,-2.11909],[13.88497,-2.48848],[14.10055,-2.47806],[14.36857,-1.92212],[14.43943,-1.18573],[14.49899,-0.63092],[13.88805,-0.09209],[13.87123,0.19642],[14.23182,0.54255],[14.46809,0.91323],[14.21994,1.35502],[13.79474,1.43444],[13.18489,1.22262],[13.12962,1.59246],[13.29457,2.16106],[12.7499,2.23671],[11.35164,2.30058],[11.32208,2.16576],[11.332,1.73261],[11.33634,0.99916],[10.96383,1.00043],[10.41505,1.00223],[10.00038,0.99974],[9.80437,0.99835],[9.30885,0.614],[9.49806,0.29096],[9.30611,-0.27165]]]}},{"type":"Feature","properties":{"id":"gb","country_id":"GB","level":"country","countryCode":"gb","countryName":"United Kingdom","nameZh":"United Kingdom","nameEn":"United Kingdom","source":"Natural Earth Admin 1 States/Provinces dissolved to countries + Footprint policy overrides","sourceVersion":"5.1.1","sourceYear":2022,"license":"Public Domain","boundaryPolicy":"de facto","mapCluster":"global-country","sourceSimplification":"2%","sourceMapshaperPackage":"mapshaper@0.7.47","sourceComponentCountryIds":["GB"],"sourceComponentRegionIds":["GB-ABD","GB-ABE","GB-AGB","GB-AGY","GB-ANS","GB-ANT","GB-ARD","GB-ARM","GB-BAS","GB-BBD","GB-BDF","GB-BDG","GB-BEN","GB-BEX","GB-BFS","GB-BGE","GB-BGW","GB-BIR","GB-BKM","GB-BLA","GB-BLY","GB-BMH","GB-BNB","GB-BNE","GB-BNH","GB-BNS","GB-BOL","GB-BPL","GB-BRC","GB-BRD","GB-BRY","GB-BST","GB-BUR","GB-CAM","GB-CAY","GB-CBF","GB-CGN","GB-CGV","GB-CHE","GB-CHW","GB-CKF","GB-CKT","GB-CLD","GB-CLK","GB-CLR","GB-CMA","GB-CMD","GB-CMN","GB-CON","GB-COV","GB-CRF","GB-CRY","GB-CSR","GB-CWY","GB-DAL","GB-DBY","GB-DEN","GB-DER","GB-DEV","GB-DGN","GB-DGY","GB-DNC","GB-DND","GB-DOR","GB-DOW","GB-DRY","GB-DUD","GB-DUR","GB-EAL","GB-EAY","GB-EDH","GB-EDU","GB-ELN","GB-ELS","GB-ENF","GB-ERW","GB-ERY","GB-ESS","GB-ESX","GB-FAL","GB-FER","GB-FIF","GB-FLN","GB-GAT","GB-GLG","GB-GLS","GB-GRE","GB-GWN","GB-HAL","GB-HAM","GB-HAV","GB-HCK","GB-HEF","GB-HIL","GB-HLD","GB-HMF","GB-HNS","GB-HPL","GB-HRT","GB-HRW","GB-HRY","GB-IOS","GB-IOW","GB-ISL","GB-IVC","GB-KEC","GB-KEN","GB-KHL","GB-KIR","GB-KTT","GB-KWL","GB-LAN","GB-LBH","GB-LCE","GB-LDS","GB-LEC","GB-LEW","GB-LIN","GB-LIV","GB-LMV","GB-LND","GB-LRN","GB-LSB","GB-LUT","GB-MAN","GB-MDB","GB-MDW","GB-MFT","GB-MIK","GB-MLN","GB-MON","GB-MRT","GB-MRY","GB-MTY","GB-MYL","GB-NAY","GB-NBL","GB-NDN","GB-NEL","GB-NET","GB-NFK","GB-NGM","GB-NLK","GB-NLN","GB-NSM","GB-NTA","GB-NTH","GB-NTL","GB-NTT","GB-NTY","GB-NWM","GB-NWP","GB-NYK","GB-NYM","GB-OLD","GB-OMH","GB-ORK","GB-OXF","GB-PEM","GB-PKN","GB-PLY","GB-POL","GB-POR","GB-POW","GB-PTE","GB-RCC","GB-RCH","GB-RCT","GB-RDB","GB-RDG","GB-RFW","GB-RIC","GB-ROT","GB-RUT","GB-SAW","GB-SAY","GB-SCB","GB-SFK","GB-SFT","GB-SGC","GB-SHF","GB-SHN","GB-SHR","GB-SKP","GB-SLF","GB-SLG","GB-SLK","GB-SND","GB-SOL","GB-SOM","GB-SOS","GB-SRY","GB-STB","GB-STE","GB-STG","GB-STH","GB-STN","GB-STS","GB-STT","GB-STY","GB-SWA","GB-SWD","GB-SWK","GB-TAM","GB-TFW","GB-THR","GB-TOB","GB-TOF","GB-TRF","GB-TWH","GB-VGL","GB-WAR","GB-WBK","GB-WDU","GB-WFT","GB-WGN","GB-WIL","GB-WKF","GB-WLL","GB-WLN","GB-WLV","GB-WND","GB-WNM","GB-WOK","GB-WOR","GB-WRL","GB-WRT","GB-WRX","GB-WSM","GB-WSX","GB-YOR","GB-ZET"]},"geometry":{"type":"MultiPolygon","coordinates":[[[[-2.82119,57.70283],[-3.75461,57.62633],[-4.03014,57.95319],[-3.22053,58.30557],[-3.20409,58.66112],[-4.38239,58.52464],[-4.98819,58.62832],[-5.31078,58.24339],[-5.29263,57.98062],[-5.80736,57.84394],[-5.80777,57.35493],[-5.59944,57.27924],[-6.00341,56.61872],[-5.30452,56.64016],[-5.59805,56.25861],[-5.31363,56.01236],[-4.59062,55.94152],[-4.48863,55.92566],[-4.62683,55.92975],[-4.88882,55.8653],[-4.66625,55.5622],[-5.0325,54.99372],[-4.85912,54.86628],[-3.96418,54.77192],[-3.58361,54.96809],[-3.05029,54.98151],[-3.38793,54.88337],[-3.63419,54.51288],[-3.24096,54.11213],[-2.83643,54.1676],[-3.01757,53.93195],[-3.02147,53.74579],[-2.94848,53.70945],[-3.04823,53.48102],[-2.8759,53.33118],[-2.81033,53.32172],[-2.7755,53.29987],[-2.92641,53.30481],[-3.05826,53.43476],[-3.18521,53.37726],[-3.09594,53.28714],[-3.08454,53.25857],[-3.36046,53.35115],[-3.51346,53.30893],[-4.00043,53.24873],[-4.12987,52.88923],[-3.94734,52.55088],[-4.19713,52.27928],[-4.69376,52.10727],[-5.12588,51.85602],[-4.63926,51.73316],[-4.07055,51.67597],[-3.88679,51.62141],[-3.75191,51.53308],[-3.57531,51.42044],[-3.17272,51.45311],[-3.07651,51.50775],[-2.7981,51.5635],[-2.66535,51.61725],[-2.53549,51.67295],[-2.67875,51.5313],[-2.72939,51.49622],[-2.99218,51.32193],[-3.71224,51.23833],[-4.15233,51.21162],[-4.54813,50.92299],[-4.79247,50.5952],[-5.43798,50.19432],[-5.21036,49.96674],[-4.75211,50.33031],[-4.20369,50.45139],[-4.18699,50.42597],[-4.11598,50.34787],[-3.51873,50.37621],[-3.50537,50.50816],[-2.94557,50.72581],[-2.02622,50.7251],[-1.8969,50.71604],[-1.79746,50.72317],[-1.67292,50.74006],[-1.4493,50.91206],[-1.31859,50.85692],[-1.08812,50.84976],[-1.05622,50.78303],[-0.99486,50.84707],[-0.9298,50.83999],[-0.20892,50.8301],[0.01755,50.78486],[0.86977,50.92512],[1.35719,51.13101],[1.42384,51.39208],[0.67189,51.39106],[0.51163,51.48768],[0.3845,51.45309],[0.54717,51.51773],[0.64666,51.53535],[0.82828,51.54185],[1.0785,51.95069],[1.58229,52.08149],[1.74757,52.53278],[1.27467,52.92919],[0.56959,52.96931],[0.27879,52.80496],[0.21949,53.4195],[0.02179,53.52471],[-0.19847,53.62956],[-0.69925,53.69126],[-0.4497,53.7143],[-0.29564,53.7388],[-0.19989,54.15245],[-0.77884,54.55741],[-1.1926,54.61998],[-1.24535,54.7254],[-1.34082,54.87268],[-1.36034,54.91706],[-1.41291,55.00031],[-1.45558,55.06971],[-1.63085,55.58511],[-2.02286,55.80549],[-2.3604,55.95268],[-3.06119,55.94784],[-3.07824,55.94684],[-3.44976,55.99677],[-3.50533,56.0056],[-3.7391,56.0507],[-3.83747,56.10738],[-3.74649,56.07278],[-3.17837,56.05809],[-3.26241,56.35283],[-3.05565,56.45213],[-2.81934,56.4713],[-2.43594,56.74038],[-2.06526,57.10053],[-2.04467,57.22651],[-1.75935,57.47358],[-2.10814,57.70498],[-2.82119,57.70283]]],[[[-5.56497,54.6723],[-5.87047,54.6228],[-5.91434,54.64684],[-5.87791,54.68231],[-5.6921,54.77045],[-5.98098,55.05565],[-6.54612,55.22519],[-6.83842,55.17542],[-7.14989,55.04866],[-7.2471,55.06932],[-7.41576,54.94437],[-7.70795,54.60476],[-8.16847,54.46348],[-7.94207,54.29887],[-7.31649,54.11428],[-7.18947,54.33569],[-6.87001,54.326],[-6.64845,54.17366],[-6.60522,54.04448],[-6.26989,54.09789],[-5.86604,54.18415],[-5.6385,54.46357],[-5.56497,54.6723]]],[[[-6.95515,57.74384],[-6.35245,58.03864],[-6.34561,58.4632],[-7.12645,58.12397],[-6.95515,57.74384]]],[[[-1.09704,60.41649],[-1.66975,60.23957],[-1.2626,60.11506],[-1.09704,60.41649]]],[[[-2.72765,58.97089],[-3.01195,59.0174],[-3.08454,59.128],[-3.36669,59.0161],[-3.20279,58.91592],[-2.72765,58.97089]]],[[[-4.09813,53.30964],[-4.27672,53.40103],[-4.57103,53.27546],[-4.34386,53.13207],[-4.09813,53.30964]]],[[[-1.08275,50.71332],[-1.29577,50.77318],[-1.50593,50.70771],[-1.31554,50.58918],[-1.08275,50.71332]]],[[[-6.29882,49.93549],[-6.30915,49.91364],[-6.28417,49.92276],[-6.29882,49.93549]]]]}},{"type":"Feature","properties":{"id":"gd","country_id":"GD","level":"country","countryCode":"gd","countryName":"Grenada","nameZh":"Grenada","nameEn":"Grenada","source":"Natural Earth Admin 1 States/Provinces dissolved to countries + Footprint policy overrides","sourceVersion":"5.1.1","sourceYear":2022,"license":"Public Domain","boundaryPolicy":"de facto","mapCluster":"global-country","sourceSimplification":"2%","sourceMapshaperPackage":"mapshaper@0.7.47","sourceComponentCountryIds":["GD"],"sourceComponentRegionIds":["GD-01","GD-02","GD-03","GD-04","GD-05","GD-06","GD-10"]},"geometry":{"type":"MultiPolygon","coordinates":[[[[-61.60322,12.17669],[-61.68213,12.22333],[-61.71515,12.18395],[-61.75105,12.11009],[-61.68297,12.02538],[-61.6245,12.06904],[-61.60322,12.17669]]],[[[-61.42805,12.45466],[-61.42162,12.51337],[-61.44347,12.51655],[-61.46727,12.47557],[-61.42805,12.45466]]]]}},{"type":"Feature","properties":{"id":"ge","country_id":"GE","level":"country","countryCode":"ge","countryName":"Georgia","nameZh":"Georgia","nameEn":"Georgia","source":"Natural Earth Admin 1 States/Provinces dissolved to countries + Footprint policy overrides","sourceVersion":"5.1.1","sourceYear":2022,"license":"Public Domain","boundaryPolicy":"de facto","mapCluster":"global-country","sourceSimplification":"2%","sourceMapshaperPackage":"mapshaper@0.7.47","sourceComponentCountryIds":["GE"],"sourceComponentRegionIds":["GE-AB","GE-AJ","GE-GU","GE-IM","GE-KA","GE-KK","GE-MM","GE-RL","GE-SJ","GE-SK","GE-SZ","GE-TB"]},"geometry":{"type":"Polygon","coordinates":[[[39.98598,43.38899],[40.33513,43.14086],[40.85597,43.06306],[41.38347,42.75727],[41.55119,42.40646],[41.71525,42.05934],[41.77394,41.90261],[41.52076,41.51423],[42.45103,41.43137],[42.58665,41.57911],[43.44043,41.10659],[43.97776,41.16454],[43.97819,41.16462],[44.85382,41.22351],[45.0024,41.29045],[45.09783,41.34992],[45.3331,41.44435],[45.77034,41.2321],[46.08761,41.18366],[46.61554,41.10867],[46.62984,41.34614],[46.27987,41.57117],[46.43089,41.89044],[45.62138,42.22448],[45.73951,42.47065],[45.30157,42.55984],[45.07602,42.69141],[44.63876,42.74015],[44.1858,42.62651],[43.90815,42.56621],[43.38618,42.88688],[43.17523,42.93447],[43.00009,43.09866],[42.36256,43.23519],[42.15433,43.2175],[41.55057,43.22628],[40.68997,43.52313],[40.23313,43.57577],[39.98598,43.38899]]]}},{"type":"Feature","properties":{"id":"gg","country_id":"GG","level":"country","countryCode":"gg","countryName":"Guernsey","nameZh":"Guernsey","nameEn":"Guernsey","source":"Natural Earth Admin 1 States/Provinces dissolved to countries + Footprint policy overrides","sourceVersion":"5.1.1","sourceYear":2022,"license":"Public Domain","boundaryPolicy":"de facto","mapCluster":"global-country","sourceSimplification":"2%","sourceMapshaperPackage":"mapshaper@0.7.47","sourceComponentCountryIds":["GG"],"sourceComponentRegionIds":["GG-X01~"]},"geometry":{"type":"Polygon","coordinates":[[[-2.58023,49.4936],[-2.66934,49.43089],[-2.53409,49.43622],[-2.58023,49.4936]]]}},{"type":"Feature","properties":{"id":"gh","country_id":"GH","level":"country","countryCode":"gh","countryName":"Ghana","nameZh":"Ghana","nameEn":"Ghana","source":"Natural Earth Admin 1 States/Provinces dissolved to countries + Footprint policy overrides","sourceVersion":"5.1.1","sourceYear":2022,"license":"Public Domain","boundaryPolicy":"de facto","mapCluster":"global-country","sourceSimplification":"2%","sourceMapshaperPackage":"mapshaper@0.7.47","sourceComponentCountryIds":["GH"],"sourceComponentRegionIds":["GH-AA","GH-AH","GH-BA","GH-CP","GH-EP","GH-NP","GH-TV","GH-UE","GH-UW","GH-WP"]},"geometry":{"type":"Polygon","coordinates":[[[0.67357,5.75906],[0.9144,5.77709],[1.18539,6.10049],[0.71308,6.53394],[0.51928,6.83225],[0.64568,7.32359],[0.50057,7.45505],[0.60269,7.89313],[0.61632,8.48876],[0.36808,8.76148],[0.48363,8.83497],[0.53757,9.37765],[0.35461,9.5711],[0.39457,10.03556],[0.3666,10.30449],[-0.09156,10.70025],[0.01621,11.06258],[-0.16611,11.13498],[-0.70302,10.99416],[-1.41355,11.01405],[-1.42358,11.01791],[-2.7288,10.98606],[-2.91996,10.71109],[-2.78848,10.09236],[-2.7434,9.65333],[-2.68921,9.48872],[-2.60312,8.78515],[-2.50633,8.20927],[-2.84,7.82025],[-2.9817,7.19553],[-3.09659,7.05448],[-3.09727,7.05405],[-3.26251,6.61714],[-3.17172,6.24958],[-2.9695,5.62144],[-2.73267,5.35572],[-2.8437,5.14912],[-3.11531,5.10781],[-3.11962,5.09134],[-2.3566,4.91962],[-2.09057,4.73713],[-1.5688,5.01927],[-0.79955,5.21483],[-0.35931,5.49867],[0.32195,5.7792],[0.67357,5.75906]]]}},{"type":"Feature","properties":{"id":"gi","country_id":"GI","level":"country","countryCode":"gi","countryName":"Gibraltar","nameZh":"Gibraltar","nameEn":"Gibraltar","source":"Natural Earth Admin 1 States/Provinces dissolved to countries + Footprint policy overrides","sourceVersion":"5.1.1","sourceYear":2022,"license":"Public Domain","boundaryPolicy":"de facto","mapCluster":"global-country","sourceSimplification":"2%","sourceMapshaperPackage":"mapshaper@0.7.47","sourceComponentCountryIds":["GI"],"sourceComponentRegionIds":["GI-X01~"]},"geometry":{"type":"Polygon","coordinates":[[[-5.35839,36.14111],[-5.35025,36.11929],[-5.33906,36.12385],[-5.33877,36.14112],[-5.35839,36.14111]]]}},{"type":"Feature","properties":{"id":"gl","country_id":"GL","level":"country","countryCode":"gl","countryName":"Greenland","nameZh":"Greenland","nameEn":"Greenland","source":"Natural Earth Admin 1 States/Provinces dissolved to countries + Footprint policy overrides","sourceVersion":"5.1.1","sourceYear":2022,"license":"Public Domain","boundaryPolicy":"de facto","mapCluster":"global-country","sourceSimplification":"2%","sourceMapshaperPackage":"mapshaper@0.7.47","sourceComponentCountryIds":["GL"],"sourceComponentRegionIds":["GL-KU","GL-QA","GL-QE","GL-SM","GL-UO"]},"geometry":{"type":"MultiPolygon","coordinates":[[[[-43.15123,62.75959],[-41.75011,62.84394],[-41.47289,63.22578],[-40.61413,63.80756],[-40.56094,64.10688],[-41.38728,64.17853],[-40.56111,64.51496],[-41.07763,65.06769],[-40.18432,65.0419],[-39.8745,65.50593],[-38.22057,65.64643],[-37.79792,66.04873],[-37.21011,65.7753],[-36.0738,65.93549],[-34.6433,66.38044],[-33.75088,66.98835],[-33.18668,67.55768],[-32.1254,68.05069],[-30.00817,68.12604],[-29.00666,68.3476],[-26.41674,68.65892],[-24.6151,69.2801],[-23.70303,69.71809],[-22.37165,70.11506],[-23.5598,70.11286],[-25.30529,70.41323],[-26.32616,70.19831],[-26.74332,70.48412],[-28.2329,70.37202],[-27.74242,70.94697],[-27.91294,71.11633],[-27.76574,71.13894],[-27.50617,70.94212],[-26.42561,70.97455],[-25.60192,71.16958],[-25.41006,71.35366],[-26.17662,71.49371],[-25.39199,71.44665],[-24.26488,71.08137],[-23.9298,70.61319],[-23.34545,70.44058],[-21.73005,70.57905],[-21.66796,71.40143],[-22.5314,71.46454],[-22.51609,71.90927],[-24.34203,72.33173],[-24.98428,73.02578],[-25.72061,73.13813],[-25.70495,73.2722],[-25.29223,73.47354],[-24.3754,73.55956],[-22.31408,73.25043],[-20.54328,73.44904],[-20.68859,73.88646],[-22.2294,74.1013],[-21.77164,74.43871],[-18.97476,74.48436],[-20.75817,74.83128],[-20.66784,75.29316],[-19.42724,75.22553],[-19.67243,76.12726],[-21.56725,76.38471],[-21.93545,76.62271],[-20.51342,76.94571],[-18.50219,76.74872],[-18.32445,77.20848],[-20.23013,77.3725],[-20.02038,77.69253],[-21.62999,77.99811],[-20.97899,78.76683],[-18.95519,79.14899],[-19.56591,79.38593],[-19.20775,79.70848],[-20.42309,79.83959],[-19.47435,80.2602],[-16.44734,80.21931],[-15.4204,80.64838],[-11.63858,81.38841],[-12.02766,81.63727],[-13.92048,81.8122],[-16.48522,81.74946],[-17.14684,81.4134],[-21.02562,81.77163],[-21.38842,82.08344],[-24.61986,81.98749],[-29.85228,82.13935],[-22.43733,82.33999],[-21.31851,82.60554],[-23.66222,82.83828],[-25.64965,83.29755],[-32.49071,83.6341],[-38.6903,83.42548],[-37.62833,83.15355],[-39.43761,82.96182],[-41.74071,83.19465],[-45.1538,83.16234],[-46.55753,82.89289],[-43.7272,82.40689],[-44.39879,82.10521],[-46.00817,82.0362],[-51.10725,82.50991],[-50.8907,81.87812],[-53.02375,82.00804],[-54.44074,82.37271],[-58.61091,82.10521],[-61.28108,81.81513],[-60.78685,81.50886],[-61.85064,81.12853],[-62.9768,81.22834],[-67.45543,80.34252],[-67.05012,80.06118],[-64.92601,80.07266],[-64.85985,79.50776],[-66.1171,79.10277],[-69.03392,78.98005],[-69.43863,78.80878],[-72.5902,78.52123],[-72.78429,78.10761],[-69.06188,77.25727],[-70.90331,77.19135],[-70.66015,76.80199],[-67.98649,76.60075],[-69.0795,76.50031],[-68.43253,76.07941],[-66.48713,75.94741],[-65.35448,76.0268],[-63.47692,76.3769],[-60.87255,76.15815],[-59.27221,75.88011],[-58.16674,75.50043],[-58.1315,75.10822],[-56.84602,74.81122],[-56.60338,74.24482],[-55.26911,73.38662],[-55.46569,73.07294],[-54.65026,72.84496],[-54.88345,72.25117],[-55.84752,71.72199],[-55.51448,71.44916],[-53.95177,71.43781],[-53.67894,71.7425],[-52.70092,71.52595],[-51.91487,71.02143],[-51.18977,70.88691],[-51.54943,70.43159],[-52.45035,70.70258],[-53.97964,70.82966],[-54.58812,70.68256],[-54.01871,70.41323],[-53.23184,70.35309],[-52.3295,70.05362],[-50.33288,69.88996],[-50.84716,69.62629],[-51.10188,68.8662],[-51.56884,68.52387],[-52.61644,68.52595],[-53.68765,67.81184],[-51.44481,67.74706],[-50.10382,67.50558],[-52.40909,67.76923],[-53.80573,67.41861],[-53.96491,67.10444],[-53.09577,66.93195],[-53.6953,66.35883],[-53.45539,65.96076],[-52.27286,65.44652],[-52.27855,65.0788],[-51.87926,64.83706],[-52.02368,64.59391],[-51.25255,64.7602],[-50.83216,64.98679],[-50.72316,65.18413],[-50.48034,64.71288],[-51.43993,64.08226],[-51.53921,63.68504],[-51.12731,63.49555],[-51.0563,63.18476],[-50.17846,62.76642],[-50.30773,62.49128],[-49.31041,61.99616],[-49.24108,61.60757],[-48.61913,61.21214],[-47.88459,61.0093],[-47.93212,60.84174],[-46.86229,60.80012],[-46.37572,61.08466],[-44.92638,60.32709],[-44.97484,60.03974],[-43.99059,60.19086],[-43.13817,60.08076],[-43.31542,60.43749],[-42.82628,60.61127],[-42.70751,61.29182],[-42.11718,62.00674],[-42.3837,62.57152],[-43.15123,62.75959]]],[[[-52.9029,69.34512],[-52.14159,69.47728],[-51.99816,69.80508],[-52.7281,69.92866],[-53.26598,70.2023],[-54.45303,70.3133],[-54.82917,70.20083],[-54.99275,69.70197],[-53.88109,69.5611],[-53.58739,69.23908],[-52.9029,69.34512]]],[[[-21.94909,72.4287],[-23.1468,72.8402],[-24.48526,72.82656],[-24.3518,72.59129],[-22.25036,72.121],[-21.94909,72.4287]]],[[[-25.31725,70.74698],[-25.70377,71.08584],[-26.66251,70.89647],[-27.06749,70.89354],[-28.0677,70.43073],[-26.5751,70.52383],[-25.31725,70.74698]]],[[[-24.52428,73.04792],[-23.23021,73.25113],[-24.46007,73.42503],[-25.24352,73.41112],[-25.70726,73.18472],[-24.52428,73.04792]]]]}},{"type":"Feature","properties":{"id":"gm","country_id":"GM","level":"country","countryCode":"gm","countryName":"Gambia","nameZh":"Gambia","nameEn":"Gambia","source":"Natural Earth Admin 1 States/Provinces dissolved to countries + Footprint policy overrides","sourceVersion":"5.1.1","sourceYear":2022,"license":"Public Domain","boundaryPolicy":"de facto","mapCluster":"global-country","sourceSimplification":"2%","sourceMapshaperPackage":"mapshaper@0.7.47","sourceComponentCountryIds":["GM"],"sourceComponentRegionIds":["GM-B","GM-L","GM-M","GM-N","GM-U","GM-W"]},"geometry":{"type":"Polygon","coordinates":[[[-16.76293,13.40497],[-16.75365,13.06501],[-16.67353,13.16431],[-15.89744,13.1574],[-15.82437,13.24851],[-15.34239,13.36257],[-15.18133,13.55984],[-14.55211,13.32309],[-14.20169,13.22956],[-13.8825,13.50378],[-14.46213,13.51666],[-14.86031,13.7656],[-15.39407,13.77151],[-15.49803,13.64152],[-16.08538,13.58517],[-16.5614,13.58691],[-16.52184,13.35904],[-16.14159,13.45458],[-15.55614,13.52831],[-15.30191,13.49616],[-15.29996,13.49616],[-16.1612,13.4287],[-16.15128,13.28388],[-16.41967,13.25556],[-16.59553,13.38508],[-16.67882,13.49616],[-16.76293,13.40497]]]}},{"type":"Feature","properties":{"id":"gn","country_id":"GN","level":"country","countryCode":"gn","countryName":"Guinea","nameZh":"Guinea","nameEn":"Guinea","source":"Natural Earth Admin 1 States/Provinces dissolved to countries + Footprint policy overrides","sourceVersion":"5.1.1","sourceYear":2022,"license":"Public Domain","boundaryPolicy":"de facto","mapCluster":"global-country","sourceSimplification":"2%","sourceMapshaperPackage":"mapshaper@0.7.47","sourceComponentCountryIds":["GN"],"sourceComponentRegionIds":["GN-BE","GN-BF","GN-BK","GN-C","GN-CO","GN-DB","GN-DI","GN-DL","GN-DU","GN-FA","GN-FO","GN-FR","GN-GA","GN-GU","GN-K","GN-KB","GN-KD","GN-KE","GN-KN","GN-KO","GN-KS","GN-LA","GN-LE","GN-LO","GN-MC","GN-MD","GN-ML","GN-MM","GN-NZ","GN-PI","GN-SI","GN-TE","GN-TO","GN-YO"]},"geometry":{"type":"Polygon","coordinates":[[[-7.96564,8.02693],[-8.26598,8.24598],[-8.2003,8.49183],[-7.77102,8.38652],[-7.69159,8.60614],[-7.95892,8.782],[-7.7482,9.0754],[-8.07043,9.39754],[-8.15239,9.94999],[-7.98966,10.16199],[-8.29554,10.53745],[-8.31114,11.0008],[-8.50576,11.05279],[-8.53942,11.45631],[-8.72652,11.64947],[-9.02777,12.40475],[-9.88877,12.06056],[-10.26694,12.21781],[-10.71136,11.89039],[-10.90979,12.20013],[-11.18462,12.02107],[-11.35132,12.0404],[-11.47079,12.13461],[-11.38842,12.4039],[-12.57813,12.36153],[-13.07646,12.63592],[-13.3598,12.64974],[-13.72828,12.67339],[-13.69532,12.29249],[-13.72993,11.70983],[-14.01513,11.63712],[-14.43227,11.56058],[-14.68677,11.51072],[-15.02099,10.96747],[-14.53559,10.50747],[-14.15319,10.05565],[-13.69036,9.95076],[-13.67333,9.5738],[-13.7058,9.52806],[-13.67797,9.52269],[-13.64327,9.54254],[-13.51561,9.52448],[-13.48668,9.56908],[-13.3011,9.04149],[-13.02886,9.09598],[-12.60155,9.65171],[-12.50833,9.86038],[-12.10981,9.88168],[-11.58752,9.99428],[-11.44917,9.99504],[-11.1996,9.98216],[-10.5931,9.04762],[-10.59218,9.04166],[-10.48186,8.67247],[-10.28224,8.48463],[-9.8728,8.50036],[-9.57918,8.38729],[-9.36775,7.75755],[-9.4871,7.3732],[-9.10609,7.20298],[-8.85783,7.27305],[-8.72758,7.62202],[-8.56741,7.68821],[-8.48545,7.55799],[-8.22898,7.5443],[-8.06723,8.02075],[-7.96564,8.02693]]]}},{"type":"Feature","properties":{"id":"gq","country_id":"GQ","level":"country","countryCode":"gq","countryName":"Equatorial Guinea","nameZh":"Equatorial Guinea","nameEn":"Equatorial Guinea","source":"Natural Earth Admin 1 States/Provinces dissolved to countries + Footprint policy overrides","sourceVersion":"5.1.1","sourceYear":2022,"license":"Public Domain","boundaryPolicy":"de facto","mapCluster":"global-country","sourceSimplification":"2%","sourceMapshaperPackage":"mapshaper@0.7.47","sourceComponentCountryIds":["GQ"],"sourceComponentRegionIds":["GQ-AN","GQ-BN","GQ-BS","GQ-CS","GQ-KN","GQ-LI","GQ-WN"]},"geometry":{"type":"MultiPolygon","coordinates":[[[[10.18998,2.16562],[9.79957,2.34174],[9.79908,1.90111],[9.40756,1.28384],[9.80437,0.99835],[10.00038,0.99974],[10.41505,1.00223],[10.96383,1.00043],[11.33634,0.99916],[11.332,1.73261],[11.32208,2.16576],[10.40969,2.16565],[10.18998,2.16562]]],[[[8.62681,3.63311],[8.45021,3.27294],[8.69549,3.20856],[8.86354,3.51512],[8.9227,3.75072],[8.7024,3.76093],[8.62681,3.63311]]],[[[5.62623,-1.45623],[5.64625,-1.43841],[5.63307,-1.41579],[5.61866,-1.43304],[5.62623,-1.45623]]]]}},{"type":"Feature","properties":{"id":"gr","country_id":"GR","level":"country","countryCode":"gr","countryName":"Greece","nameZh":"Greece","nameEn":"Greece","source":"Natural Earth Admin 1 States/Provinces dissolved to countries + Footprint policy overrides","sourceVersion":"5.1.1","sourceYear":2022,"license":"Public Domain","boundaryPolicy":"de facto","mapCluster":"global-country","sourceSimplification":"2%","sourceMapshaperPackage":"mapshaper@0.7.47","sourceComponentCountryIds":["GR"],"sourceComponentRegionIds":["GR-69","GR-A","GR-A1","GR-B","GR-C","GR-D","GR-E","GR-F","GR-G","GR-H","GR-J","GR-K","GR-L","GR-M"]},"geometry":{"type":"MultiPolygon","coordinates":[[[[24.00393,40.38735],[23.85434,40.78115],[24.11012,40.72785],[24.41554,40.94554],[24.80201,40.85346],[25.29965,40.95185],[26.04396,40.73847],[26.35909,40.96468],[26.3317,41.25412],[26.6366,41.37846],[26.33336,41.71304],[26.05949,41.64378],[25.88202,41.30404],[25.15385,41.30754],[24.1977,41.54771],[23.62485,41.37709],[22.91698,41.33577],[22.79682,41.33704],[22.76229,41.3225],[22.742,41.28703],[22.65719,41.17699],[22.58663,41.12408],[22.21364,41.16068],[21.92555,41.10675],[21.89633,41.0647],[21.75709,40.92251],[21.50573,40.9009],[21.24582,40.86323],[20.96526,40.84939],[21.03668,40.63974],[20.73955,40.30917],[20.61536,40.08102],[20.29958,39.80506],[19.99985,39.69351],[20.29282,39.33344],[20.68653,39.07246],[21.06031,39.03905],[20.7645,38.89179],[21.15561,38.3039],[21.85123,38.38801],[22.69142,38.32217],[23.21337,38.16027],[23.07632,38.05974],[22.8672,37.93952],[22.35726,38.16295],[21.9559,38.33674],[21.12208,37.83739],[21.68198,37.37897],[21.56756,37.15632],[21.70737,36.81802],[22.15317,37.02119],[22.37062,36.67357],[23.09555,36.80703],[22.72316,37.54165],[23.4418,37.41441],[23.18695,37.60833],[23.15943,37.94054],[23.44996,38.02143],[24.07211,37.68952],[23.98902,38.12263],[23.76684,38.3416],[23.20493,38.68268],[22.99666,38.9634],[22.82618,39.22126],[23.10182,39.49738],[22.70981,39.93505],[22.5525,40.16657],[22.71095,40.51162],[23.02914,40.32575],[23.77858,40.2027],[24.00167,40.31977],[24.16896,40.2753],[24.29998,40.12808],[24.38331,40.17914],[24.18686,40.34663],[24.00393,40.38735]]],[[[26.32114,35.31525],[25.83033,35.12238],[25.48194,35.29743],[24.72096,35.42723],[24.3401,35.34833],[24.04469,35.52766],[23.5735,35.43476],[23.58717,35.23949],[24.40211,35.19111],[24.73854,34.93163],[26.24098,35.03905],[26.32114,35.31525]]],[[[26.61232,39.04926],[26.34303,39.383],[25.88893,39.14472],[26.42416,38.96735],[26.61232,39.04926]]],[[[28.23976,36.43252],[27.70069,36.1634],[27.78045,35.89004],[28.13054,36.18545],[28.23976,36.43252]]],[[[20.09205,39.43354],[19.93247,39.47871],[19.85865,39.65884],[19.94801,39.79035],[19.67693,39.79515],[19.68971,39.67414],[19.99928,39.39936],[20.09205,39.43354]]]]}},{"type":"Feature","properties":{"id":"gs","country_id":"GS","level":"country","countryCode":"gs","countryName":"South Georgia and the Islands","nameZh":"South Georgia and the Islands","nameEn":"South Georgia and the Islands","source":"Natural Earth Admin 1 States/Provinces dissolved to countries + Footprint policy overrides","sourceVersion":"5.1.1","sourceYear":2022,"license":"Public Domain","boundaryPolicy":"de facto","mapCluster":"global-country","sourceSimplification":"2%","sourceMapshaperPackage":"mapshaper@0.7.47","sourceComponentCountryIds":["GS"],"sourceComponentRegionIds":["GS-X01~"]},"geometry":{"type":"Polygon","coordinates":[[[-35.9088,-54.68727],[-36.04198,-54.46396],[-36.62157,-54.11981],[-37.38809,-54.14772],[-35.9088,-54.68727]]]}},{"type":"Feature","properties":{"id":"gt","country_id":"GT","level":"country","countryCode":"gt","countryName":"Guatemala","nameZh":"Guatemala","nameEn":"Guatemala","source":"Natural Earth Admin 1 States/Provinces dissolved to countries + Footprint policy overrides","sourceVersion":"5.1.1","sourceYear":2022,"license":"Public Domain","boundaryPolicy":"de facto","mapCluster":"global-country","sourceSimplification":"2%","sourceMapshaperPackage":"mapshaper@0.7.47","sourceComponentCountryIds":["GT"],"sourceComponentRegionIds":["GT-AV","GT-BV","GT-CM","GT-CQ","GT-ES","GT-GU","GT-HU","GT-IZ","GT-JA","GT-JU","GT-PE","GT-PR","GT-QC","GT-QZ","GT-RE","GT-SA","GT-SM","GT-SO","GT-SR","GT-SU","GT-TO","GT-ZA"]},"geometry":{"type":"Polygon","coordinates":[[[-90.4482,16.07926],[-90.9948,16.06987],[-91.72378,16.06879],[-92.10593,15.45447],[-92.20336,15.23716],[-92.16173,14.70233],[-92.24626,14.54628],[-92.16239,14.48733],[-91.6585,14.11735],[-91.55187,14.05728],[-91.31646,13.95568],[-90.62733,13.92067],[-90.24056,13.78872],[-90.09831,13.7314],[-89.74801,14.04489],[-89.49615,14.4229],[-89.36162,14.41548],[-89.14621,14.71086],[-89.18921,14.91306],[-89.14694,15.07128],[-88.7609,15.29996],[-88.46743,15.52074],[-88.22094,15.72565],[-88.62597,15.75389],[-88.91397,15.89395],[-89.23602,15.90649],[-89.19314,16.39263],[-89.15073,17.32103],[-89.1605,17.81431],[-90.9909,17.80196],[-90.99199,17.25192],[-91.43327,17.25454],[-91.06687,16.91819],[-90.73531,16.74658],[-90.39879,16.34758],[-90.44784,16.07969],[-90.4482,16.07926]]]}},{"type":"Feature","properties":{"id":"gu","country_id":"GU","level":"country","countryCode":"gu","countryName":"Guam","nameZh":"Guam","nameEn":"Guam","source":"Natural Earth Admin 1 States/Provinces dissolved to countries + Footprint policy overrides","sourceVersion":"5.1.1","sourceYear":2022,"license":"Public Domain","boundaryPolicy":"de facto","mapCluster":"global-country","sourceSimplification":"2%","sourceMapshaperPackage":"mapshaper@0.7.47","sourceComponentCountryIds":["GU"],"sourceComponentRegionIds":["GU-X01~"]},"geometry":{"type":"Polygon","coordinates":[[[144.8864,13.6402],[144.65447,13.43915],[144.80828,13.44579],[144.90699,13.51667],[144.8864,13.6402]]]}},{"type":"Feature","properties":{"id":"gw","country_id":"GW","level":"country","countryCode":"gw","countryName":"Guinea Bissau","nameZh":"Guinea Bissau","nameEn":"Guinea Bissau","source":"Natural Earth Admin 1 States/Provinces dissolved to countries + Footprint policy overrides","sourceVersion":"5.1.1","sourceYear":2022,"license":"Public Domain","boundaryPolicy":"de facto","mapCluster":"global-country","sourceSimplification":"2%","sourceMapshaperPackage":"mapshaper@0.7.47","sourceComponentCountryIds":["GW"],"sourceComponentRegionIds":["GW-BA","GW-BL","GW-BM","GW-BS","GW-CA","GW-GA","GW-OI","GW-QU","GW-TO"]},"geometry":{"type":"MultiPolygon","coordinates":[[[[-14.87216,12.67811],[-15.14623,12.67923],[-15.42173,12.55712],[-15.88396,12.44218],[-16.23288,12.45288],[-16.72844,12.33253],[-16.13427,11.88886],[-15.70629,12.00829],[-15.67679,11.80475],[-15.54556,11.89808],[-14.99378,11.95757],[-14.9254,11.76944],[-15.43871,11.88544],[-15.42755,11.68036],[-15.34138,11.68281],[-15.27318,11.41999],[-15.40954,11.1896],[-15.02099,10.96747],[-14.68677,11.51072],[-14.43227,11.56058],[-14.01513,11.63712],[-13.72993,11.70983],[-13.69532,12.29249],[-13.72828,12.67339],[-14.34311,12.6759],[-14.87216,12.67811]]],[[[-16.0489,11.11831],[-16.16975,11.13227],[-16.18847,11.03962],[-16.07616,11.03612],[-16.0489,11.11831]]]]}},{"type":"Feature","properties":{"id":"gy","country_id":"GY","level":"country","countryCode":"gy","countryName":"Guyana","nameZh":"Guyana","nameEn":"Guyana","source":"Natural Earth Admin 1 States/Provinces dissolved to countries + Footprint policy overrides","sourceVersion":"5.1.1","sourceYear":2022,"license":"Public Domain","boundaryPolicy":"de facto","mapCluster":"global-country","sourceSimplification":"2%","sourceMapshaperPackage":"mapshaper@0.7.47","sourceComponentCountryIds":["GY"],"sourceComponentRegionIds":["GY-BA","GY-CU","GY-DE","GY-EB","GY-ES","GY-MA","GY-PM","GY-PT","GY-UD","GY-UT"]},"geometry":{"type":"Polygon","coordinates":[[[-60.34827,7.15268],[-60.42096,6.94221],[-61.20479,6.59583],[-61.12156,6.18665],[-61.37961,5.9053],[-60.73985,5.20214],[-60.0887,5.15539],[-60.0877,4.60752],[-59.68712,4.37147],[-59.52923,3.93191],[-59.83766,3.60929],[-60.00008,2.69405],[-59.7417,2.26379],[-59.76454,1.92053],[-59.24214,1.3778],[-58.97202,1.31231],[-58.77194,1.20127],[-58.50175,1.45378],[-58.33191,1.59339],[-57.56116,1.70897],[-57.10449,2.02145],[-56.80648,1.87358],[-56.48182,1.94161],[-56.70519,2.02964],[-57.17462,2.81895],[-57.28355,3.3438],[-57.56514,3.34982],[-57.82977,3.66244],[-58.06769,4.15114],[-57.72048,4.9898],[-57.31523,5.0261],[-57.23252,5.26057],[-57.24767,5.48493],[-57.16731,6.08511],[-57.52043,6.27799],[-57.91392,6.71283],[-58.1737,6.81538],[-58.39843,6.88337],[-58.58117,6.46345],[-58.60201,6.41659],[-58.61701,6.48815],[-58.5196,6.97765],[-58.46422,7.3122],[-58.78067,7.66508],[-59.16515,8.05874],[-60.02099,8.55801],[-59.81559,8.28776],[-60.268,7.92126],[-60.50328,7.82087],[-60.73058,7.52543],[-60.64306,7.2209],[-60.34827,7.15268]]]}},{"type":"Feature","properties":{"id":"hk","country_id":"HK","level":"country","countryCode":"hk","countryName":"Hong Kong S.A.R.","nameZh":"Hong Kong S.A.R.","nameEn":"Hong Kong S.A.R.","source":"Natural Earth Admin 1 States/Provinces dissolved to countries + Footprint policy overrides","sourceVersion":"5.1.1","sourceYear":2022,"license":"Public Domain","boundaryPolicy":"de facto","mapCluster":"global-country","sourceSimplification":"2%","sourceMapshaperPackage":"mapshaper@0.7.47","sourceComponentCountryIds":["HK"],"sourceComponentRegionIds":["HK-X01~","HK-X02~","HK-X03~","HK-X04~","HK-X05~","HK-X06~","HK-X07~","HK-X08~","HK-X09~","HK-X10~","HK-X11~","HK-X12~","HK-X13~","HK-X14~","HK-X15~","HK-X16~","HK-X17~","HK-X18~"]},"geometry":{"type":"MultiPolygon","coordinates":[[[[114.17652,22.29108],[114.21176,22.31057],[114.24345,22.28619],[114.36736,22.44628],[114.25148,22.43073],[114.20525,22.42486],[114.33277,22.51195],[114.22983,22.55581],[114.08237,22.52936],[114.0853,22.52294],[113.94101,22.42678],[114.02052,22.35037],[114.11249,22.35766],[114.14568,22.332],[114.15952,22.32225],[114.17652,22.29108]]],[[[113.99563,22.31584],[113.89251,22.29271],[113.9284,22.21076],[114.03046,22.31616],[113.99563,22.31584]]],[[[114.11256,22.27151],[114.20655,22.21239],[114.25148,22.24889],[114.17888,22.27936],[114.1657,22.27936],[114.11256,22.27151]]]]}},{"type":"Feature","properties":{"id":"hm","country_id":"HM","level":"country","countryCode":"hm","countryName":"Heard Island and McDonald Islands","nameZh":"Heard Island and McDonald Islands","nameEn":"Heard Island and McDonald Islands","source":"Natural Earth Admin 1 States/Provinces dissolved to countries + Footprint policy overrides","sourceVersion":"5.1.1","sourceYear":2022,"license":"Public Domain","boundaryPolicy":"de facto","mapCluster":"global-country","sourceSimplification":"2%","sourceMapshaperPackage":"mapshaper@0.7.47","sourceComponentCountryIds":["HM"],"sourceComponentRegionIds":["HM-X01~"]},"geometry":{"type":"Polygon","coordinates":[[[73.73512,-53.1124],[73.56422,-53.01678],[73.32887,-53.02508],[73.4734,-53.18922],[73.73512,-53.1124]]]}},{"type":"Feature","properties":{"id":"hn","country_id":"HN","level":"country","countryCode":"hn","countryName":"Honduras","nameZh":"Honduras","nameEn":"Honduras","source":"Natural Earth Admin 1 States/Provinces dissolved to countries + Footprint policy overrides","sourceVersion":"5.1.1","sourceYear":2022,"license":"Public Domain","boundaryPolicy":"de facto","mapCluster":"global-country","sourceSimplification":"2%","sourceMapshaperPackage":"mapshaper@0.7.47","sourceComponentCountryIds":["HN"],"sourceComponentRegionIds":["HN-AT","HN-CH","HN-CL","HN-CM","HN-CP","HN-CR","HN-EP","HN-FM","HN-GD","HN-IB","HN-IN","HN-LE","HN-LP","HN-OC","HN-OL","HN-SB","HN-VA","HN-YO"]},"geometry":{"type":"MultiPolygon","coordinates":[[[[-87.72836,15.92102],[-88.22094,15.72565],[-88.46743,15.52074],[-88.7609,15.29996],[-89.14694,15.07128],[-89.18921,14.91306],[-89.14621,14.71086],[-89.36162,14.41548],[-89.34621,14.41308],[-88.97023,14.21018],[-88.69081,14.01179],[-88.49709,13.96907],[-88.49682,13.8512],[-88.27417,13.91912],[-88.21766,13.9908],[-87.95259,13.89203],[-87.74953,13.84563],[-87.81717,13.40656],[-87.37902,13.39313],[-87.31404,12.98155],[-86.94841,13.06969],[-86.73272,13.26847],[-86.76413,13.63734],[-86.77117,13.70789],[-86.4101,13.74903],[-86.09673,14.04408],[-85.74311,13.82396],[-85.56315,14.04201],[-85.02366,14.60254],[-84.99995,14.74202],[-84.77017,14.80514],[-84.48269,14.61947],[-83.86948,14.77711],[-83.39031,15.03097],[-83.13044,14.99701],[-83.40803,15.26642],[-83.77453,15.28571],[-84.29464,15.81101],[-84.99995,15.98794],[-85.48858,15.86957],[-85.90319,15.98347],[-86.43787,15.79085],[-86.87873,15.76415],[-87.72836,15.92102]]],[[[-86.60654,16.28503],[-86.49102,16.32549],[-86.31212,16.4125],[-86.33213,16.42945],[-86.53068,16.35618],[-86.60654,16.28503]]]]}},{"type":"Feature","properties":{"id":"hr","country_id":"HR","level":"country","countryCode":"hr","countryName":"Croatia","nameZh":"Croatia","nameEn":"Croatia","source":"Natural Earth Admin 1 States/Provinces dissolved to countries + Footprint policy overrides","sourceVersion":"5.1.1","sourceYear":2022,"license":"Public Domain","boundaryPolicy":"de facto","mapCluster":"global-country","sourceSimplification":"2%","sourceMapshaperPackage":"mapshaper@0.7.47","sourceComponentCountryIds":["HR"],"sourceComponentRegionIds":["HR-01","HR-02","HR-03","HR-04","HR-05","HR-06","HR-07","HR-08","HR-09","HR-10","HR-12","HR-13","HR-14","HR-15","HR-16","HR-17","HR-18","HR-19","HR-20","HR-21"]},"geometry":{"type":"MultiPolygon","coordinates":[[[[15.35003,45.66962],[15.28218,45.57149],[15.22585,45.43645],[15.06613,45.47393],[14.97734,45.49173],[14.66367,45.57019],[14.56909,45.66425],[14.4915,45.57916],[14.11732,45.47298],[14.11675,45.473],[13.98748,45.51191],[13.65997,45.45998],[13.58953,45.48884],[13.64381,45.0705],[13.97267,44.82665],[14.23468,45.15457],[14.51051,45.29975],[14.88134,45.0356],[14.90138,44.69017],[15.29379,44.36481],[15.14454,44.19546],[15.54688,43.87656],[16.0128,43.50397],[16.43385,43.54975],[16.88063,43.40595],[17.36537,43.07925],[17.58066,42.94208],[17.59803,43.0729],[17.45091,43.14815],[17.06231,43.52775],[16.52745,43.96786],[16.20564,44.35053],[15.71731,44.78647],[15.73411,44.93444],[15.80257,45.19647],[16.34602,45.02001],[16.48192,45.19952],[17.12463,45.16906],[17.76574,45.11099],[18.1437,45.0977],[18.45183,45.08496],[18.48171,45.06692],[18.5348,45.08841],[18.84213,44.87624],[18.97492,44.86276],[19.01582,44.86563],[19.39393,45.17162],[19.00228,45.44369],[19.01793,45.49781],[18.90131,45.9312],[18.82245,45.90558],[18.41172,45.7432],[17.90623,45.79214],[17.65467,45.85211],[17.30661,45.97991],[16.87931,46.31206],[16.85941,46.36476],[16.5153,46.50171],[16.34028,46.54383],[16.31066,46.53099],[16.30153,46.52708],[16.26093,46.51358],[16.23419,46.48489],[16.27994,46.37866],[16.08865,46.37309],[16.04992,46.31673],[15.99367,46.29061],[15.9189,46.27283],[15.88089,46.25934],[15.87932,46.25931],[15.79953,46.24861],[15.67798,46.21446],[15.62657,46.19521],[15.6236,46.07642],[15.69288,46.04164],[15.67538,45.97249],[15.54975,45.82369],[15.42975,45.77569],[15.33103,45.75249],[15.24991,45.71373],[15.35003,45.66962]]],[[[17.65333,42.89094],[18.49643,42.41633],[18.43735,42.55921],[18.36978,42.57439],[17.65333,42.89094]]]]}},{"type":"Feature","properties":{"id":"ht","country_id":"HT","level":"country","countryCode":"ht","countryName":"Haiti","nameZh":"Haiti","nameEn":"Haiti","source":"Natural Earth Admin 1 States/Provinces dissolved to countries + Footprint policy overrides","sourceVersion":"5.1.1","sourceYear":2022,"license":"Public Domain","boundaryPolicy":"de facto","mapCluster":"global-country","sourceSimplification":"2%","sourceMapshaperPackage":"mapshaper@0.7.47","sourceComponentCountryIds":["HT"],"sourceComponentRegionIds":["HT-AR","HT-CE","HT-GA","HT-ND","HT-NE","HT-NI","HT-NO","HT-OU","HT-SD","HT-SE"]},"geometry":{"type":"Polygon","coordinates":[[[-72.70604,18.94424],[-72.32506,18.67137],[-72.75499,18.42939],[-73.05595,18.45845],[-73.73935,18.54381],[-74.25593,18.67031],[-74.45265,18.36098],[-73.96776,18.14142],[-73.65416,18.25267],[-73.00804,18.18106],[-72.07177,18.23753],[-71.77623,18.03925],[-71.72171,18.293],[-71.72111,18.29397],[-71.79178,18.68068],[-71.7849,18.68473],[-71.65173,19.21792],[-71.74952,19.27971],[-71.74604,19.64902],[-71.75744,19.71011],[-72.04792,19.71204],[-72.56518,19.87572],[-73.14371,19.92031],[-73.1208,19.6291],[-72.72834,19.4256],[-72.70604,18.94424]]]}},{"type":"Feature","properties":{"id":"hu","country_id":"HU","level":"country","countryCode":"hu","countryName":"Hungary","nameZh":"Hungary","nameEn":"Hungary","source":"Natural Earth Admin 1 States/Provinces dissolved to countries + Footprint policy overrides","sourceVersion":"5.1.1","sourceYear":2022,"license":"Public Domain","boundaryPolicy":"de facto","mapCluster":"global-country","sourceSimplification":"2%","sourceMapshaperPackage":"mapshaper@0.7.47","sourceComponentCountryIds":["HU"],"sourceComponentRegionIds":["HU-BA","HU-BC","HU-BE","HU-BK","HU-BU","HU-BZ","HU-CS","HU-DE","HU-DU","HU-ED","HU-EG","HU-FE","HU-GS","HU-GY","HU-HB","HU-HE","HU-HV","HU-JN","HU-KE","HU-KM","HU-KV","HU-MI","HU-NK","HU-NO","HU-NY","HU-PE","HU-PS","HU-SD","HU-SF","HU-SH","HU-SK","HU-SN","HU-SO","HU-SS","HU-ST","HU-SZ","HU-TB","HU-TO","HU-VA","HU-VE","HU-VM","HU-ZA","HU-ZE"]},"geometry":{"type":"Polygon","coordinates":[[[17.90623,45.79214],[18.41172,45.7432],[18.82245,45.90558],[18.90131,45.9312],[19.29831,46.02212],[19.71189,46.15871],[19.87365,46.15299],[20.06341,46.1453],[20.11477,46.15222],[20.24283,46.10809],[20.70437,46.16853],[20.78737,46.26339],[21.16453,46.31826],[21.42354,46.65823],[21.63427,47.01942],[22.15418,47.58221],[22.16761,47.59486],[22.8776,47.94674],[22.15826,48.40222],[22.13284,48.4048],[21.7277,48.3409],[21.42456,48.56127],[20.78408,48.56905],[20.46597,48.46379],[20.0383,48.17723],[19.90507,48.1243],[19.76668,48.159],[19.01902,48.0655],[18.9336,48.05435],[18.81492,47.83219],[17.88353,47.75252],[17.71924,47.77367],[17.26232,48.00728],[17.14834,48.00544],[17.0548,47.70202],[16.71678,47.69702],[16.60977,47.75063],[16.55775,47.62984],[16.62697,47.44555],[16.42497,47.35112],[16.43717,47.03178],[16.09404,46.86277],[16.13025,46.85671],[16.17949,46.85847],[16.29739,46.84703],[16.32978,46.8344],[16.3111,46.79752],[16.29949,46.77951],[16.36538,46.69671],[16.36622,46.69647],[16.40261,46.66311],[16.37225,46.63634],[16.5153,46.50171],[16.85941,46.36476],[16.87931,46.31206],[17.30661,45.97991],[17.65467,45.85211],[17.90623,45.79214]]]}},{"type":"Feature","properties":{"id":"id","country_id":"ID","level":"country","countryCode":"id","countryName":"Indonesia","nameZh":"Indonesia","nameEn":"Indonesia","source":"Natural Earth Admin 1 States/Provinces dissolved to countries + Footprint policy overrides","sourceVersion":"5.1.1","sourceYear":2022,"license":"Public Domain","boundaryPolicy":"de facto","mapCluster":"global-country","sourceSimplification":"2%","sourceMapshaperPackage":"mapshaper@0.7.47","sourceComponentCountryIds":["ID"],"sourceComponentRegionIds":["ID-AC","ID-BA","ID-BB","ID-BE","ID-BT","ID-GO","ID-JA","ID-JB","ID-JI","ID-JK","ID-JT","ID-KB","ID-KI","ID-KR","ID-KS","ID-KT","ID-LA","ID-MA","ID-MU","ID-NB","ID-NT","ID-PA","ID-PB","ID-RI","ID-SA","ID-SB","ID-SG","ID-SN","ID-SR","ID-SS","ID-ST","ID-SU","ID-YO"]},"geometry":{"type":"MultiPolygon","coordinates":[[[[98.10133,2.18862],[98.53517,1.93647],[98.91733,1.11717],[99.15116,0.25246],[99.74724,-0.02984],[99.81381,-0.29461],[100.30144,-0.81634],[100.40602,-1.26442],[100.88722,-2.0372],[101.0266,-2.47995],[101.327,-2.73919],[101.63746,-3.25066],[102.22218,-3.64284],[102.31251,-3.99147],[102.92042,-4.49261],[103.60815,-4.91649],[104.2977,-5.64332],[104.62281,-5.49066],[105.11842,-5.78216],[105.31072,-5.466],[105.60206,-5.80983],[105.78256,-5.82855],[105.90626,-4.46933],[105.82797,-4.15797],[105.95248,-3.83375],[105.81959,-3.67254],[106.06316,-3.2667],[106.01564,-2.9695],[105.79176,-2.86207],[105.62379,-2.40179],[104.88331,-2.28493],[104.53159,-1.73406],[104.37721,-1.03167],[103.83912,-1.03281],[103.4387,-0.74618],[103.4944,-0.11842],[103.79151,-0.01255],[103.71119,0.31147],[103.36215,0.53628],[103.07472,0.44233],[102.87713,0.72639],[102.55193,0.7381],[102.24008,0.98208],[102.11817,1.38654],[101.77858,1.64427],[101.37761,1.77326],[101.29998,2.04662],[100.90789,2.29951],[100.85572,1.99921],[100.56105,2.15681],[100.31365,2.55455],[100.01857,2.73168],[99.75074,3.18049],[98.30567,4.08031],[98.26759,4.28791],[97.90919,4.88959],[97.49684,5.2519],[97.26837,5.15507],[96.9734,5.27342],[96.65056,5.21625],[96.12623,5.28181],[95.88754,5.51215],[95.41285,5.64956],[95.19728,5.54637],[95.42628,4.82734],[96.43035,3.82526],[96.76051,3.74868],[97.60271,2.8662],[97.7444,2.28107],[98.10133,2.18862]]],[[[110.95923,-2.88567],[111.83253,-3.06162],[111.82203,-3.5451],[112.30274,-3.3139],[112.61801,-3.42376],[113.18263,-3.07708],[113.34523,-3.24651],[113.62037,-3.18532],[113.71315,-3.47259],[114.10825,-3.34734],[114.31068,-3.43391],[114.52394,-3.47584],[114.7129,-4.17083],[115.96795,-3.60882],[116.33424,-2.92555],[116.39039,-2.58904],[116.57289,-2.36298],[116.39283,-2.19109],[116.46656,-1.90748],[116.32488,-1.70387],[116.81983,-1.26141],[117.02369,-1.20289],[117.59596,-0.42262],[117.43393,-0.26385],[117.51726,0.29096],[117.81129,0.81175],[118.18784,0.87523],[118.79819,0.80492],[119.00294,0.96247],[118.42506,1.48574],[117.92408,1.81916],[117.85987,2.03828],[118.06349,2.36693],[117.63331,2.81224],[117.6172,3.08588],[117.35271,3.18281],[117.21949,3.64737],[117.74855,3.63695],[117.56715,4.15965],[117.16466,4.33315],[115.87885,4.35214],[115.63913,4.14595],[115.46409,3.03082],[115.06691,2.8282],[115.12654,2.47923],[114.77876,2.2472],[114.83199,1.90252],[114.50064,1.43604],[114.20741,1.43944],[113.90967,1.44247],[113.64953,1.23326],[113.02342,1.53701],[112.47048,1.56766],[112.18006,1.44903],[112.10006,1.15492],[111.82308,1.00847],[111.19758,1.07523],[110.5539,0.85137],[110.25656,1.03906],[109.67726,1.57285],[109.52844,1.88999],[109.64527,2.08324],[109.34099,1.93553],[109.09596,1.56061],[108.85548,0.83222],[108.92091,0.34028],[109.16676,0.11229],[109.1233,-0.49969],[109.2732,-0.85361],[109.73414,-0.95403],[110.06853,-1.43255],[109.92164,-1.76963],[110.07504,-1.92246],[110.26319,-3.00286],[110.50807,-2.87461],[110.95923,-2.88567]]],[[[140.97446,-2.60052],[140.10475,-2.32008],[139.86476,-2.372],[138.80323,-1.92083],[138.66521,-1.78916],[137.79444,-1.48414],[137.14283,-1.78704],[137.22633,-2.0744],[136.75864,-2.24871],[136.40382,-2.21966],[136.26637,-2.56032],[135.96461,-2.77581],[135.90992,-2.98577],[135.47047,-3.36305],[134.98471,-3.32969],[134.67001,-2.83766],[134.19337,-2.37908],[134.08709,-1.68279],[134.28199,-1.35019],[133.97722,-0.72324],[133.39161,-0.72324],[133.1548,-0.532],[132.70916,-0.36004],[132.09962,-0.4699],[131.88429,-0.6819],[131.24301,-0.81943],[131.20574,-1.52361],[131.57309,-1.48016],[131.92726,-1.70623],[132.07342,-2.10516],[132.34791,-2.27011],[132.69874,-2.30535],[133.29615,-2.2042],[133.86305,-2.21795],[133.73504,-2.51678],[133.03354,-2.47942],[132.73658,-2.80999],[132.32569,-2.94655],[132.83188,-3.46103],[132.79176,-3.92718],[132.90773,-4.08815],[133.26938,-4.05202],[133.58619,-3.56658],[134.43043,-3.90781],[134.87349,-4.25461],[135.18556,-4.44891],[135.97047,-4.51963],[136.82211,-4.92832],[137.2671,-4.99944],[137.70631,-5.22194],[138.27084,-5.88698],[138.46608,-6.40211],[138.82244,-6.80608],[138.57203,-6.94248],[138.68824,-7.19264],[139.09303,-7.55999],[138.99399,-7.86549],[138.91098,-7.92254],[138.90577,-8.04363],[138.92123,-8.07952],[138.85865,-8.10133],[138.83855,-8.13836],[139.3567,-8.1994],[139.93238,-8.10858],[140.97698,-9.10613],[140.97716,-6.89663],[140.84921,-6.70285],[140.9769,-6.33512],[140.97687,-4.98849],[140.97446,-2.60052]]],[[[122.19734,1.02766],[121.63087,1.06196],[121.43002,1.23298],[120.9673,1.34618],[120.56813,0.78213],[120.34034,0.87238],[120.06284,0.74287],[119.79396,0.1966],[119.68214,-0.73691],[119.56622,-0.83369],[119.32838,-1.21445],[119.35401,-1.93475],[119.13404,-2.20355],[119.14145,-2.44199],[118.75733,-2.77581],[118.76417,-3.09092],[118.92677,-3.56609],[119.29762,-3.42791],[119.49093,-3.48654],[119.45672,-3.71453],[119.6268,-4.31455],[119.52516,-4.88307],[119.35279,-5.35565],[119.64796,-5.67881],[120.32325,-5.50954],[120.26433,-5.15],[120.40211,-4.57448],[120.35353,-3.93084],[120.44654,-3.72869],[120.23162,-2.95037],[120.77605,-2.61492],[121.08637,-2.91018],[120.89381,-3.53916],[121.53631,-4.23056],[121.48463,-4.65643],[121.99171,-4.85573],[122.10776,-4.51995],[122.59913,-4.39674],[122.67506,-4.12274],[122.44142,-3.73105],[122.20053,-3.55657],[122.33937,-3.23756],[122.31251,-2.92685],[122.01564,-2.69354],[121.69215,-1.90814],[121.79859,-1.71795],[122.36883,-1.49277],[122.8117,-0.92409],[123.38331,-1.00368],[123.45436,-0.75823],[123.23951,-0.57049],[122.91245,-0.76287],[122.20769,-0.76474],[122.10532,-0.9262],[121.50066,-0.85931],[121.07325,-1.42132],[120.67595,-1.39471],[120.58237,-1.10524],[120.0892,-0.65732],[119.99562,-0.20924],[120.12843,0.1811],[120.37525,0.47769],[120.89243,0.42333],[121.33332,0.46228],[121.80047,0.42646],[122.32439,0.49706],[122.97788,0.48281],[123.45752,0.31173],[124.32179,0.39887],[124.89869,0.97305],[125.1443,1.42133],[124.85043,1.48969],[124.54835,1.35985],[124.31495,1.03775],[123.94793,0.83893],[123.09719,0.92913],[122.84889,0.81802],[122.62379,0.96638],[122.19734,1.02766]]],[[[106.40463,-6.99131],[106.52266,-7.41096],[107.41139,-7.49586],[107.68655,-7.66208],[108.32683,-7.81747],[108.799,-7.66473],[109.36883,-7.71347],[110.04274,-7.8891],[110.84356,-8.20084],[110.94435,-8.22637],[111.792,-8.25652],[112.6727,-8.44704],[113.19793,-8.27728],[113.72389,-8.52825],[114.19703,-8.6456],[114.35865,-8.40911],[114.4673,-7.83099],[114.01612,-7.6181],[113.29933,-7.78851],[112.76149,-7.53118],[112.58277,-6.98992],[111.6727,-6.73366],[111.15691,-6.69207],[111.05177,-6.45672],[110.73048,-6.45696],[110.57154,-6.8362],[110.35572,-6.97291],[109.53199,-6.83514],[108.89512,-6.81415],[108.60548,-6.76165],[108.53956,-6.48691],[108.21636,-6.23797],[107.47027,-6.14543],[107.35414,-5.97599],[106.98829,-6.07936],[106.73105,-6.05885],[106.05274,-5.88104],[105.88787,-6.07057],[105.82409,-6.43465],[105.45362,-6.80877],[105.95957,-6.81763],[106.40463,-6.99131]]],[[[130.87322,-3.57399],[130.57846,-3.12282],[129.44353,-2.78493],[129.12184,-2.9577],[128.86524,-2.86207],[128.17547,-2.85703],[127.87525,-3.20875],[128.28207,-3.22088],[128.48414,-3.4625],[128.87745,-3.20257],[129.48561,-3.46347],[129.54493,-3.29778],[129.98316,-3.45973],[130.81788,-3.86883],[130.87322,-3.57399]]],[[[127.66603,-0.20924],[127.89243,-0.01719],[127.96022,0.48281],[128.70387,0.33202],[128.68434,0.54169],[128.31349,0.66816],[128.31544,0.90156],[128.70118,1.07087],[128.71949,1.57062],[128.18678,1.37417],[128.19606,1.19644],[127.79566,0.79906],[128.03533,1.53799],[127.85174,1.82538],[127.5809,1.75178],[127.40594,1.22989],[127.57228,0.42235],[127.71372,0.27733],[127.66603,-0.20924]]],[[[119.20362,-8.61094],[118.98829,-8.30901],[118.44361,-8.25791],[118.11524,-8.11386],[117.70631,-8.22967],[118.00318,-8.47373],[117.80519,-8.71998],[117.55812,-8.40545],[117.19508,-8.3576],[116.79009,-8.5837],[116.76303,-9.01556],[117.00974,-9.10729],[118.29933,-8.75791],[118.46502,-8.865],[119.20362,-8.61094]]],[[[124.45053,-9.18019],[124.31007,-9.48872],[124.03004,-9.34197],[123.68881,-9.61142],[123.51539,-10.33554],[123.82635,-10.36395],[124.12241,-10.17254],[124.41847,-10.16383],[124.97071,-9.66237],[125.06162,-9.48577],[125.15265,-9.17082],[124.91951,-8.96202],[124.45053,-9.18019]]],[[[106.76905,-2.56032],[106.35401,-2.46299],[106.17457,-1.87908],[105.87574,-1.48919],[105.45965,-1.56292],[105.30641,-2.13502],[105.79575,-2.17181],[105.9865,-2.82122],[106.61305,-2.94256],[106.76905,-2.56032]]],[[[123.02638,-8.28875],[122.28842,-8.63388],[121.83473,-8.47373],[121.50953,-8.60215],[120.97608,-8.3375],[120.27703,-8.26922],[119.91944,-8.4612],[119.82399,-8.78037],[120.59392,-8.79583],[120.92286,-8.9262],[121.79371,-8.88397],[122.11451,-8.73235],[122.80738,-8.61094],[123.02638,-8.28875]]],[[[120.79249,-9.96087],[120.43629,-9.63128],[120.07097,-9.44101],[119.62924,-9.34189],[119.16871,-9.38551],[119.03736,-9.67588],[119.47731,-9.74863],[119.97633,-9.99245],[120.15561,-10.22096],[120.71119,-10.20672],[120.79249,-9.96087]]],[[[138.93898,-7.54209],[138.80454,-7.3742],[138.24415,-7.45648],[138.02809,-7.61004],[137.63697,-8.38942],[138.44418,-8.37908],[138.6609,-8.16904],[138.81821,-8.09319],[138.90414,-8.07586],[138.8838,-7.93255],[138.98268,-7.82985],[139.0464,-7.56194],[138.93898,-7.54209]]],[[[127.2409,-3.47096],[127.09352,-3.20078],[126.72023,-3.06015],[126.4214,-3.07049],[125.99174,-3.24819],[126.17356,-3.60253],[126.74219,-3.85938],[127.24342,-3.60605],[127.2409,-3.47096]]],[[[115.61915,-8.28875],[115.21551,-8.0595],[114.69142,-8.13502],[114.63901,-8.39861],[114.92701,-8.46746],[115.25392,-8.71461],[115.60483,-8.50107],[115.61915,-8.28875]]],[[[97.92848,0.99608],[97.34978,1.5454],[97.23308,1.27729],[97.38885,0.95209],[97.88299,0.64297],[97.92848,0.99608]]],[[[136.37566,-1.09368],[136.1963,-1.06658],[135.84742,-0.6959],[135.36988,-0.6535],[135.8283,-1.10784],[136.14283,-1.2234],[136.37566,-1.09368]]],[[[99.27442,-1.63494],[98.88282,-0.91318],[98.59376,-1.19842],[98.88478,-1.67938],[99.27442,-1.63494]]],[[[116.63331,-8.27508],[116.37623,-8.20184],[116.02794,-8.44501],[116.00213,-8.89886],[116.50044,-8.80269],[116.74317,-8.39178],[116.63331,-8.27508]]],[[[114.04566,-6.91465],[113.92368,-6.86484],[112.91529,-6.8917],[112.74252,-7.16139],[113.54898,-7.23378],[114.04566,-6.91465]]],[[[108.29371,-2.8484],[108.06658,-2.5945],[107.67026,-2.56146],[107.58107,-3.01067],[107.75315,-3.19846],[108.18767,-3.1369],[108.29371,-2.8484]]],[[[131.69858,-7.22674],[131.52882,-7.1701],[131.11964,-7.73382],[131.36085,-7.94736],[131.64332,-7.59905],[131.69858,-7.22674]]],[[[134.75807,-6.15789],[134.69654,-5.53411],[134.49122,-5.44817],[134.27589,-6.08359],[134.60776,-6.36956],[134.75807,-6.15789]]],[[[96.4795,2.41498],[95.88404,2.91901],[95.69801,2.77875],[96.30763,2.37409],[96.4795,2.41498]]],[[[122.78004,-4.9166],[122.73552,-4.64373],[122.40496,-4.73789],[122.27516,-5.32757],[122.54347,-5.42881],[122.78004,-4.9166]]],[[[126.83676,-7.72633],[126.63136,-7.56536],[126.32838,-7.69573],[125.94793,-7.67832],[125.80836,-7.86419],[126.42189,-7.93255],[126.83676,-7.72633]]],[[[125.31479,-1.77899],[124.63282,-1.63112],[124.38494,-1.6679],[124.40602,-2.00408],[125.31479,-1.77899]]],[[[123.14991,-5.22503],[122.98357,-5.08782],[122.56715,-5.50693],[122.82765,-5.6762],[123.14991,-5.22503]]],[[[131.29762,-0.23724],[130.82472,-0.00384],[130.36866,-0.12184],[130.31625,-0.25994],[130.95167,-0.34645],[131.29762,-0.23724]]],[[[128.14519,-1.59401],[127.62452,-1.32952],[127.40358,-1.49163],[127.53273,-1.73138],[128.05152,-1.71453],[128.14519,-1.59401]]],[[[134.48439,-6.57562],[134.12379,-6.17156],[134.07342,-6.82676],[134.31072,-6.85947],[134.48439,-6.57562]]],[[[128.68637,2.48395],[128.46656,2.59431],[128.19711,2.26618],[128.56666,2.10993],[128.68637,2.48395]]],[[[125.13404,-8.21705],[124.45069,-8.14902],[124.41822,-8.46461],[125.1233,-8.35231],[125.13404,-8.21705]]],[[[123.92799,-8.22731],[123.3576,-8.41131],[123.39942,-8.58603],[123.92799,-8.22731]]],[[[108.39617,3.87482],[108.17026,4.17943],[107.98463,4.01203],[108.31764,3.68378],[108.39617,3.87482]]],[[[103.04868,0.79702],[102.55641,1.12568],[102.55787,0.78026],[103.04868,0.79702]]],[[[136.84848,-1.76531],[136.19125,-1.6539],[136.2732,-1.90936],[136.84848,-1.76531]]],[[[101.7212,2.05809],[101.44093,2.06493],[101.46013,1.76553],[101.7151,1.77823],[101.7212,2.05809]]]]}},{"type":"Feature","properties":{"id":"ie","country_id":"IE","level":"country","countryCode":"ie","countryName":"Ireland","nameZh":"Ireland","nameEn":"Ireland","source":"Natural Earth Admin 1 States/Provinces dissolved to countries + Footprint policy overrides","sourceVersion":"5.1.1","sourceYear":2022,"license":"Public Domain","boundaryPolicy":"de facto","mapCluster":"global-country","sourceSimplification":"2%","sourceMapshaperPackage":"mapshaper@0.7.47","sourceComponentCountryIds":["IE"],"sourceComponentRegionIds":["IE-CE","IE-CN","IE-CO","IE-CW","IE-D","IE-DL","IE-G","IE-KE","IE-KK","IE-KY","IE-LD","IE-LH","IE-LK","IE-LM","IE-LS","IE-MH","IE-MN","IE-MO","IE-OY","IE-RN","IE-SO","IE-TA","IE-WD","IE-WH","IE-WW","IE-WX"]},"geometry":{"type":"Polygon","coordinates":[[[-8.75117,52.67296],[-9.36254,52.57543],[-9.83723,52.2543],[-10.27579,52.26813],[-10.1112,51.74604],[-9.86091,51.75475],[-9.42504,51.55756],[-8.53917,51.64838],[-8.39607,51.87678],[-8.3885,51.89346],[-7.8518,51.9771],[-6.99185,52.26679],[-6.9945,52.27753],[-6.44807,52.3559],[-6.15103,52.74156],[-6.08894,53.20409],[-6.18054,53.31725],[-6.14977,53.38654],[-6.19799,53.63447],[-6.2458,53.72964],[-6.26989,54.09789],[-6.60522,54.04448],[-6.64845,54.17366],[-6.87001,54.326],[-7.18947,54.33569],[-7.31649,54.11428],[-7.94207,54.29887],[-8.16847,54.46348],[-7.70795,54.60476],[-7.41576,54.94437],[-7.2471,55.06932],[-7.33251,55.37279],[-8.26301,55.16108],[-8.79552,54.69843],[-8.30012,54.47797],[-8.38166,54.46857],[-9.13386,54.16506],[-9.78551,54.33808],[-9.98819,54.21312],[-9.90844,53.76211],[-9.69677,53.60262],[-10.02575,53.3854],[-9.51171,53.22834],[-9.11988,53.26187],[-8.94262,53.26179],[-9.00406,53.14692],[-9.27221,53.14667],[-9.55281,52.63931],[-8.75117,52.67296]]]}},{"type":"Feature","properties":{"id":"il","country_id":"IL","level":"country","countryCode":"il","countryName":"Israel","nameZh":"Israel","nameEn":"Israel","source":"Natural Earth Admin 1 States/Provinces dissolved to countries + Footprint policy overrides","sourceVersion":"5.1.1","sourceYear":2022,"license":"Public Domain","boundaryPolicy":"de facto","mapCluster":"global-country","sourceSimplification":"2%","sourceMapshaperPackage":"mapshaper@0.7.47","sourceComponentCountryIds":["IL"],"sourceComponentRegionIds":["IL-D","IL-HA","IL-JM","IL-M","IL-TA","IL-Z"]},"geometry":{"type":"Polygon","coordinates":[[[34.88673,29.49006],[34.95558,29.55899],[35.26388,30.71997],[35.34711,30.92271],[35.45713,31.43352],[35.45812,31.49193],[34.92741,31.34491],[34.95318,31.60832],[34.99854,31.85384],[35.03273,32.3822],[35.21036,32.54187],[35.56096,32.38472],[35.75759,32.74435],[35.88807,32.94494],[35.80363,33.24846],[35.8211,33.40672],[35.48014,33.08739],[35.28882,33.0992],[35.10524,33.08902],[35.07549,32.89308],[34.8678,32.40751],[34.80444,32.19251],[34.73389,32.01331],[34.66594,31.8739],[34.4812,31.58314],[34.24835,31.21145],[34.82436,29.7417],[34.88673,29.49006]]]}},{"type":"Feature","properties":{"id":"im","country_id":"IM","level":"country","countryCode":"im","countryName":"Isle of Man","nameZh":"Isle of Man","nameEn":"Isle of Man","source":"Natural Earth Admin 1 States/Provinces dissolved to countries + Footprint policy overrides","sourceVersion":"5.1.1","sourceYear":2022,"license":"Public Domain","boundaryPolicy":"de facto","mapCluster":"global-country","sourceSimplification":"2%","sourceMapshaperPackage":"mapshaper@0.7.47","sourceComponentCountryIds":["IM"],"sourceComponentRegionIds":["IM-X01~"]},"geometry":{"type":"Polygon","coordinates":[[[-4.61213,54.05695],[-4.31192,54.28718],[-4.44201,54.40436],[-4.71028,54.22065],[-4.61213,54.05695]]]}},{"type":"Feature","properties":{"id":"in","country_id":"IN","level":"country","countryCode":"in","countryName":"India","nameZh":"India","nameEn":"India","source":"Natural Earth Admin 1 States/Provinces dissolved to countries + Footprint policy overrides","sourceVersion":"5.1.1","sourceYear":2022,"license":"Public Domain","boundaryPolicy":"de facto","mapCluster":"global-country","sourceSimplification":"2%","sourceMapshaperPackage":"mapshaper@0.7.47","sourceComponentCountryIds":["IN"],"sourceComponentRegionIds":["IN-AN","IN-AP","IN-AS","IN-BR","IN-CH","IN-CT","IN-DH","IN-DL","IN-GA","IN-GJ","IN-HP","IN-HR","IN-JH","IN-JK","IN-KA","IN-KL","IN-LA","IN-LD","IN-MH","IN-ML","IN-MN","IN-MP","IN-MZ","IN-NL","IN-OR","IN-PB","IN-PY","IN-RJ","IN-SK","IN-TG","IN-TN","IN-TR","IN-UP","IN-UT","IN-WB"]},"geometry":{"type":"MultiPolygon","coordinates":[[[[84.77776,19.1162],[85.18043,19.475],[85.22096,19.73603],[85.54916,19.69062],[86.26857,19.91035],[86.7339,20.46223],[87.00359,20.65705],[86.844,21.08222],[86.91765,21.32738],[87.47739,21.61359],[87.97047,21.83649],[88.39308,21.60025],[88.76246,21.55585],[89.06039,22.12987],[88.84277,22.96457],[88.5401,23.64995],[88.73146,24.18977],[88.13879,24.49525],[88.02179,24.6456],[88.43148,25.17304],[88.89864,25.16932],[88.97532,25.30264],[88.53029,25.5002],[88.0744,25.90814],[88.1638,26.14047],[88.65627,26.41513],[88.80799,26.23344],[89.35148,25.99686],[89.65783,26.18717],[89.83005,25.90798],[89.80857,25.43951],[89.79923,25.40289],[90.36464,25.14999],[90.93482,25.15636],[92.00175,25.18296],[92.38494,25.00477],[92.14998,24.54218],[92.10759,24.40598],[91.30843,23.9925],[91.14082,23.6121],[91.3005,23.14231],[91.53656,22.98185],[92.00351,23.64742],[92.25974,23.70264],[92.37868,22.90044],[92.49588,22.69562],[92.57588,21.97757],[93.16902,22.24691],[93.07952,22.77272],[93.3749,23.12973],[93.43236,23.64732],[93.30256,24.03577],[94.12886,23.8539],[94.28999,24.31676],[94.70856,25.02589],[94.65036,25.44665],[95.0088,25.73714],[95.13955,26.02994],[95.04064,26.47559],[95.24693,26.6489],[95.17644,27.03318],[95.90374,27.27609],[95.77589,27.71733],[95.9641,27.9933],[95.31318,27.89579],[94.47457,27.59387],[93.98251,27.32771],[93.69467,27.00595],[93.0203,26.95301],[92.81483,27.0508],[92.08037,26.92157],[91.52065,26.79759],[91.01278,26.78435],[90.94449,26.77887],[90.38263,26.8918],[89.8587,26.72206],[89.75467,26.70099],[89.36889,26.83736],[88.95455,26.91262],[88.73308,27.14897],[88.87612,27.28049],[88.89233,27.31554],[88.74102,27.54571],[88.85388,27.84368],[88.61049,28.10583],[88.11822,27.86088],[88.00466,27.24916],[88.16907,26.744],[88.08714,26.5391],[87.64874,26.40999],[87.32622,26.35333],[86.93515,26.52029],[86.7136,26.41456],[86.14635,26.60136],[85.82161,26.57171],[85.59858,26.85438],[85.35535,26.75991],[84.64024,27.02838],[84.57704,27.32903],[83.92204,27.4497],[83.85334,27.34619],[83.59043,27.45662],[82.75214,27.49496],[82.67389,27.69646],[82.40193,27.67717],[82.05021,27.90559],[81.85565,27.85094],[81.30706,28.12381],[81.04707,28.38909],[80.53444,28.67956],[80.07305,28.82092],[80.27875,29.26809],[80.36898,29.75793],[80.99602,30.19697],[80.25281,30.56501],[79.8335,30.96152],[79.39498,31.03671],[79.07021,31.46138],[78.89261,31.28177],[78.74458,31.9642],[78.45798,32.22966],[78.38098,32.52804],[78.63017,32.57801],[78.94343,32.34637],[79.4435,32.53477],[79.62067,32.72873],[79.41409,32.97205],[79.4561,33.2504],[78.82426,33.46106],[78.73011,34.07926],[78.95694,34.33996],[78.27319,34.65887],[78.00116,35.26891],[77.80035,35.49541],[77.04897,35.11044],[76.55319,34.72584],[76.0234,34.67716],[75.77711,34.50381],[75.34809,34.55722],[75.22454,34.63862],[74.28583,34.76889],[73.96223,34.66817],[73.77486,34.37095],[73.9983,34.1968],[74.14155,33.54937],[74.00234,33.17769],[74.31699,32.82307],[74.64974,32.72315],[74.72498,32.46081],[75.2984,32.33243],[75.29466,32.14889],[74.82864,32.02544],[74.48944,31.71119],[74.61191,31.4402],[74.32976,30.89961],[73.85175,30.37267],[73.94683,30.20408],[73.37033,29.92732],[73.23287,29.5366],[72.90152,29.02262],[72.38218,28.78401],[71.86086,27.95021],[70.83157,27.70146],[70.45625,28.03979],[70.18903,27.89179],[70.01689,27.60059],[69.57558,27.18842],[69.46509,26.80777],[69.81556,26.58029],[70.15807,26.53011],[70.06464,25.98033],[70.26458,25.6973],[70.65747,25.63363],[70.64662,25.43137],[71.05663,24.69282],[70.91772,24.36172],[70.56291,24.42409],[69.97204,24.16522],[69.56307,24.27676],[68.72591,24.28922],[68.72447,23.96518],[68.18303,23.84211],[68.55226,23.25971],[69.23878,22.84195],[69.71583,22.74689],[69.83318,22.85847],[70.39877,22.9455],[70.17848,22.56196],[69.61606,22.3559],[68.97438,22.40473],[68.99415,22.20392],[70.05445,21.15316],[70.54151,20.80785],[70.97299,20.70962],[71.00595,20.73656],[71.46225,20.88532],[72.10475,21.20506],[72.29566,21.65388],[72.16603,21.79393],[72.31723,22.18488],[72.55307,22.28246],[72.53207,21.71385],[72.60613,21.26659],[72.945,20.77001],[72.847,20.46831],[72.81811,20.37877],[72.7081,20.07264],[72.65008,19.84199],[72.97739,18.29507],[72.98097,18.08055],[73.23471,17.30231],[73.31918,16.50975],[73.44703,16.06892],[73.70086,15.72321],[73.88592,15.43521],[73.9131,15.07892],[74.09116,14.8876],[74.26319,14.70161],[74.61459,13.83552],[74.85426,12.76529],[75.22218,12.02204],[75.30421,12.04316],[75.83277,11.09785],[76.1775,10.17064],[76.35922,9.91543],[76.31178,9.49299],[76.54396,8.9125],[77.11033,8.28517],[77.51092,8.076],[78.06275,8.3732],[78.17791,8.86107],[78.44988,9.1166],[78.9568,9.27485],[78.9808,9.66718],[79.39812,10.32465],[79.86378,10.37873],[79.84734,10.80964],[79.84669,10.97983],[79.75196,11.57697],[79.81087,11.83298],[79.84956,11.95518],[80.22869,12.67499],[80.34783,13.34907],[80.26017,13.46845],[80.27775,13.51252],[80.2881,13.52709],[80.1211,14.24201],[80.19695,14.56501],[80.05454,15.01415],[80.26319,15.67455],[80.69044,15.9007],[80.99887,15.84675],[81.31739,16.3675],[81.76295,16.32258],[82.30738,16.57978],[82.29933,17.03034],[82.47486,17.20596],[83.23894,17.59296],[83.61394,18.04515],[84.0774,18.27155],[84.77776,19.1162]]],[[[93.05274,13.28388],[92.84742,13.34492],[92.71778,12.36249],[92.99057,12.51923],[93.05274,13.28388]]],[[[73.07716,8.31525],[73.07301,8.2954],[73.06316,8.27949],[73.04835,8.26756],[73.02931,8.26],[73.03273,8.2495],[73.04469,8.25243],[73.06609,8.27045],[73.08399,8.3085],[73.07716,8.31525]]]]}},{"type":"Feature","properties":{"id":"io","country_id":"IO","level":"country","countryCode":"io","countryName":"British Indian Ocean Territory","nameZh":"British Indian Ocean Territory","nameEn":"British Indian Ocean Territory","source":"Natural Earth Admin 1 States/Provinces dissolved to countries + Footprint policy overrides","sourceVersion":"5.1.1","sourceYear":2022,"license":"Public Domain","boundaryPolicy":"de facto","mapCluster":"global-country","sourceSimplification":"2%","sourceMapshaperPackage":"mapshaper@0.7.47","sourceComponentCountryIds":["IO"],"sourceComponentRegionIds":["IO-X01~"]},"geometry":{"type":"Polygon","coordinates":[[[72.46754,-7.38388],[72.43287,-7.42539],[72.43898,-7.34026],[72.43287,-7.31609],[72.37094,-7.2702],[72.37924,-7.29681],[72.42604,-7.32293],[72.43287,-7.34677],[72.42693,-7.40399],[72.43287,-7.43222],[72.48064,-7.39056],[72.46754,-7.38388]]]}},{"type":"Feature","properties":{"id":"ioa","country_id":"IOA","level":"country","countryCode":"ioa","countryName":"Indian Ocean Territories","nameZh":"澳屬印度洋領地","nameEn":"Australian Indian Ocean Territories","source":"Natural Earth Admin 0 Countries","sourceVersion":"5.1.1","sourceYear":2022,"license":"Public Domain","boundaryPolicy":"de facto","mapCluster":"global-country","sourceSimplification":"2%","sourceMapshaperPackage":"mapshaper@0.7.47","sourceComponentCountryIds":["IOA"],"sourceComponentRegionIds":[]},"geometry":{"type":"Polygon","coordinates":[[[105.70411,-10.43084],[105.62818,-10.50897],[105.69793,-10.52899],[105.70411,-10.43084]]]}},{"type":"Feature","properties":{"id":"iq","country_id":"IQ","level":"country","countryCode":"iq","countryName":"Iraq","nameZh":"Iraq","nameEn":"Iraq","source":"Natural Earth Admin 1 States/Provinces dissolved to countries + Footprint policy overrides","sourceVersion":"5.1.1","sourceYear":2022,"license":"Public Domain","boundaryPolicy":"de facto","mapCluster":"global-country","sourceSimplification":"2%","sourceMapshaperPackage":"mapshaper@0.7.47","sourceComponentCountryIds":["IQ"],"sourceComponentRegionIds":["IQ-AN","IQ-AR","IQ-BA","IQ-BB","IQ-BG","IQ-DA","IQ-DI","IQ-DQ","IQ-KA","IQ-MA","IQ-MU","IQ-NA","IQ-NI","IQ-QA","IQ-SD","IQ-SU","IQ-TS","IQ-WA"]},"geometry":{"type":"Polygon","coordinates":[[[38.77451,33.37169],[39.14637,32.11814],[40.42413,31.92053],[42.0754,31.07986],[42.78341,30.55105],[43.82401,29.81398],[44.69182,29.20184],[46.42732,29.07614],[46.53244,29.09574],[46.56147,29.12417],[46.85345,29.44456],[47.11049,29.96091],[47.35823,30.09212],[47.94801,29.99405],[48.53102,29.96133],[48.39702,30.221],[48.01359,30.46388],[48.01545,30.97625],[47.67644,31.23652],[47.83132,31.76184],[47.58023,32.1035],[47.34334,32.45869],[47.0584,32.49448],[46.6006,32.82252],[46.09701,32.95432],[46.1553,33.26022],[45.96446,33.49597],[45.72463,33.63304],[45.41995,33.99436],[45.50066,34.59169],[45.7962,34.90306],[46.12529,35.28499],[45.81419,35.80934],[45.50142,36.00543],[45.23887,36.403],[45.00952,36.5162],[44.76614,37.14192],[44.23428,36.98366],[44.06902,37.31373],[43.36251,37.30391],[42.77158,37.3749],[42.35724,37.10998],[42.37681,37.062],[41.84378,36.61787],[41.41487,36.52738],[41.24061,36.04302],[41.30846,35.55225],[41.19233,35.1589],[41.19566,34.76847],[40.98802,34.42852],[40.17311,34.07228],[38.77451,33.37169]]]}},{"type":"Feature","properties":{"id":"ir","country_id":"IR","level":"country","countryCode":"ir","countryName":"Iran","nameZh":"Iran","nameEn":"Iran","source":"Natural Earth Admin 1 States/Provinces dissolved to countries + Footprint policy overrides","sourceVersion":"5.1.1","sourceYear":2022,"license":"Public Domain","boundaryPolicy":"de facto","mapCluster":"global-country","sourceSimplification":"2%","sourceMapshaperPackage":"mapshaper@0.7.47","sourceComponentCountryIds":["IR"],"sourceComponentRegionIds":["IR-01","IR-02","IR-03","IR-04","IR-05","IR-06","IR-07","IR-08","IR-10","IR-11","IR-12","IR-13","IR-14","IR-15","IR-16","IR-17","IR-18","IR-19","IR-20","IR-21","IR-22","IR-23","IR-24","IR-25","IR-26","IR-27","IR-28","IR-29","IR-30","IR-31"]},"geometry":{"type":"Polygon","coordinates":[[[46.13587,38.8637],[45.76807,38.93913],[45.53556,38.96845],[45.49453,38.98192],[45.11435,39.30935],[45.05124,39.38709],[44.82395,39.63054],[44.80699,39.6399],[44.45825,39.64252],[44.0474,39.33751],[44.275,38.84357],[44.20501,37.90477],[44.59612,37.71638],[44.56594,37.44717],[44.76614,37.14192],[45.00952,36.5162],[45.23887,36.403],[45.50142,36.00543],[45.81419,35.80934],[46.12529,35.28499],[45.7962,34.90306],[45.50066,34.59169],[45.41995,33.99436],[45.72463,33.63304],[45.96446,33.49597],[46.1553,33.26022],[46.09701,32.95432],[46.6006,32.82252],[47.0584,32.49448],[47.34334,32.45869],[47.58023,32.1035],[47.83132,31.76184],[47.67644,31.23652],[48.01545,30.97625],[48.01359,30.46388],[48.39702,30.221],[48.53102,29.96133],[48.93483,30.07974],[48.86232,30.34561],[49.60076,30.0301],[50.05058,30.20736],[50.14487,29.93806],[50.65528,29.44912],[50.64381,29.14346],[51.05885,28.73591],[51.38027,27.99142],[51.58513,27.84931],[52.01124,27.83271],[52.56764,27.54072],[52.6788,27.32237],[53.41212,26.99356],[53.71608,26.70856],[54.30812,26.71499],[54.80152,26.49824],[55.68483,27.003],[56.35304,27.20161],[56.80885,27.13955],[56.97332,26.96882],[57.16456,26.09492],[57.32618,25.777],[57.96323,25.69318],[58.07309,25.56363],[58.81373,25.56363],[59.25107,25.43073],[60.36256,25.33055],[61.03061,25.20978],[61.41172,25.05941],[61.58823,25.20209],[61.66035,25.76918],[61.85713,26.24238],[62.29199,26.50123],[62.75356,26.64416],[63.14134,26.6254],[63.25152,27.21896],[62.80064,27.22516],[62.73568,27.99498],[62.36279,28.41889],[61.89279,28.5426],[61.65301,28.75633],[61.27918,29.40663],[60.84438,29.85818],[61.7852,30.8314],[61.74923,31.30238],[61.60626,31.38874],[61.12515,31.44889],[60.82174,31.49467],[60.83032,32.24889],[60.5676,33.15129],[60.91979,33.51257],[60.51179,33.63839],[60.48846,34.08093],[60.71436,34.53743],[61.06545,34.81472],[61.10834,35.27795],[61.26968,35.6185],[61.07548,36.64779],[60.34229,36.63714],[60.01921,37.0258],[59.50947,37.18982],[59.35165,37.49384],[58.86104,37.66809],[58.37176,37.63037],[57.73483,37.89827],[57.3524,37.96753],[57.13791,38.26236],[56.43648,38.25508],[56.16674,38.08079],[55.42311,38.07589],[54.85663,37.76113],[54.78366,37.51745],[54.18659,37.32374],[53.91375,37.34276],[54.01433,36.82111],[53.70538,36.81628],[53.49236,36.88788],[51.90903,36.58271],[51.08863,36.73701],[50.5763,36.98917],[50.14877,37.40388],[49.44174,37.49486],[49.0145,37.73916],[48.87428,38.43407],[48.61296,38.39565],[48.53564,38.46915],[48.22563,38.71319],[48.30159,39.01795],[48.32841,39.37633],[47.95771,39.70726],[47.78821,39.65765],[47.62498,39.57141],[47.26132,39.36638],[47.01363,39.18696],[46.86639,39.16544],[46.51404,38.88218],[46.13587,38.8637]]]}},{"type":"Feature","properties":{"id":"is","country_id":"IS","level":"country","countryCode":"is","countryName":"Iceland","nameZh":"Iceland","nameEn":"Iceland","source":"Natural Earth Admin 1 States/Provinces dissolved to countries + Footprint policy overrides","sourceVersion":"5.1.1","sourceYear":2022,"license":"Public Domain","boundaryPolicy":"de facto","mapCluster":"global-country","sourceSimplification":"2%","sourceMapshaperPackage":"mapshaper@0.7.47","sourceComponentCountryIds":["IS"],"sourceComponentRegionIds":["IS-0","IS-1","IS-2","IS-3","IS-4","IS-5","IS-6","IS-7","IS-8"]},"geometry":{"type":"Polygon","coordinates":[[[-22.12418,64.04389],[-21.93198,63.84817],[-21.16832,63.87556],[-20.1857,63.54442],[-18.73205,63.39671],[-17.96496,63.52253],[-17.38571,63.77299],[-16.89582,63.80777],[-15.99205,64.14448],[-14.99547,64.2626],[-14.51049,64.44233],[-13.52697,65.05549],[-13.60961,65.51423],[-14.39761,65.73005],[-14.61461,65.98627],[-14.95914,66.29645],[-15.77514,66.28946],[-17.41934,65.99405],[-17.91275,66.15229],[-19.07876,66.15799],[-19.49791,65.97753],[-20.44888,66.02945],[-20.2633,65.74453],[-20.91808,65.60139],[-21.08357,65.1684],[-21.36986,65.48713],[-21.31851,65.98778],[-22.85033,66.46699],[-23.79259,66.07038],[-24.19669,65.50117],[-23.89753,65.40461],[-22.92577,65.57319],[-21.6953,65.45336],[-22.49035,65.23363],[-23.24625,64.83047],[-22.39102,64.63784],[-21.96264,64.29731],[-21.42512,64.37613],[-21.87564,64.27372],[-22.12418,64.04389]]]}},{"type":"Feature","properties":{"id":"it","country_id":"IT","level":"country","countryCode":"it","countryName":"Italy","nameZh":"Italy","nameEn":"Italy","source":"Natural Earth Admin 1 States/Provinces dissolved to countries + Footprint policy overrides","sourceVersion":"5.1.1","sourceYear":2022,"license":"Public Domain","boundaryPolicy":"de facto","mapCluster":"global-country","sourceSimplification":"2%","sourceMapshaperPackage":"mapshaper@0.7.47","sourceComponentCountryIds":["IT"],"sourceComponentRegionIds":["IT-AG","IT-AL","IT-AN","IT-AO","IT-AP","IT-AQ","IT-AR","IT-AT","IT-AV","IT-BA","IT-BG","IT-BI","IT-BL","IT-BN","IT-BO","IT-BR","IT-BS","IT-BT","IT-BZ","IT-CA","IT-CB","IT-CE","IT-CH","IT-CI","IT-CL","IT-CN","IT-CO","IT-CR","IT-CS","IT-CT","IT-CZ","IT-EN","IT-FC","IT-FE","IT-FG","IT-FI","IT-FM","IT-FR","IT-GE","IT-GO","IT-GR","IT-IM","IT-IS","IT-KR","IT-LC","IT-LE","IT-LI","IT-LO","IT-LT","IT-LU","IT-MB","IT-MC","IT-ME","IT-MI","IT-MN","IT-MO","IT-MS","IT-MT","IT-NA","IT-NO","IT-NU","IT-OG","IT-OR","IT-OT","IT-PA","IT-PC","IT-PD","IT-PE","IT-PG","IT-PI","IT-PN","IT-PO","IT-PR","IT-PT","IT-PU","IT-PV","IT-PZ","IT-RA","IT-RC","IT-RE","IT-RG","IT-RI","IT-RM","IT-RN","IT-RO","IT-SA","IT-SI","IT-SO","IT-SP","IT-SR","IT-SS","IT-SV","IT-TA","IT-TE","IT-TN","IT-TO","IT-TP","IT-TR","IT-TS","IT-TV","IT-UD","IT-VA","IT-VB","IT-VC","IT-VE","IT-VI","IT-VR","IT-VS","IT-VT","IT-VV"]},"geometry":{"type":"MultiPolygon","coordinates":[[[[13.17721,43.75152],[12.75384,43.9724],[12.45802,44.16641],[12.38562,44.2285],[12.26958,44.62975],[12.3934,44.79345],[12.32126,45.16481],[12.19939,45.2746],[12.1491,45.29218],[13.09563,45.65232],[13.42262,45.72407],[13.58333,45.78679],[13.71176,45.59321],[13.86793,45.60217],[13.89364,45.63376],[13.69991,45.77052],[13.58851,45.80648],[13.57417,45.81903],[13.59931,45.91233],[13.61533,45.94591],[13.60073,45.98457],[13.46179,46.00639],[13.52259,46.0753],[13.64107,46.17141],[13.62737,46.18173],[13.39564,46.30673],[13.68585,46.46405],[13.70095,46.51975],[12.7485,46.641],[12.67137,46.65247],[12.46963,46.6758],[12.2039,47.06701],[12.13315,47.07883],[11.31381,46.98726],[10.99693,46.76911],[10.45381,46.86443],[10.45183,46.5467],[9.67432,46.2918],[9.22483,46.23119],[9.16379,46.17299],[8.90888,45.82829],[8.72897,46.10824],[8.38591,46.45021],[7.84962,45.93971],[7.02208,45.92526],[6.78387,45.76499],[7.07537,45.46629],[7.06218,45.21853],[6.62939,45.12355],[7.03882,44.71212],[6.9383,44.65797],[6.87843,44.35462],[7.68793,44.0908],[7.50229,43.79222],[8.13023,43.94034],[8.63056,44.38189],[9.23064,44.35371],[9.51124,44.21524],[10.02846,44.04926],[10.1433,43.97509],[10.26177,43.81613],[10.29342,43.57913],[10.70505,42.94094],[11.4515,42.37437],[11.73982,42.15994],[12.23902,41.73627],[12.77441,41.42094],[13.04461,41.22753],[13.74366,41.2376],[14.01008,40.93683],[14.47136,40.62466],[14.75221,40.6767],[14.91114,40.24164],[15.4101,39.99397],[15.64665,40.04693],[15.74581,39.9246],[16.09689,39.05041],[16.21369,38.8104],[15.91442,38.50562],[15.65056,38.24103],[15.66578,37.96686],[16.09002,37.9492],[16.57349,38.46733],[16.53883,38.72333],[16.89223,38.92961],[17.1277,38.92878],[17.0192,39.47922],[16.51564,39.6896],[16.64005,40.11875],[16.86328,40.39092],[17.04957,40.51911],[17.76402,40.29343],[18.00733,39.98607],[18.38396,39.81391],[18.51743,40.11416],[18.09893,40.51793],[17.39226,40.89369],[16.54416,41.23519],[15.97173,41.4539],[16.19288,41.79092],[16.02711,41.94408],[15.14354,41.93118],[14.76336,42.07795],[14.25716,42.44607],[14.15126,42.53156],[13.90553,42.90156],[13.85349,43.06736],[13.745,43.29225],[13.64697,43.47528],[13.17721,43.75152]],[[12.42111,43.89517],[12.38996,43.91791],[12.38563,43.92453],[12.41657,43.9637],[12.42725,43.96939],[12.49074,43.96504],[12.49152,43.9491],[12.48309,43.9292],[12.47803,43.92322],[12.4644,43.90007],[12.44126,43.89328],[12.42111,43.89517]],[[12.45303,41.90391],[12.45398,41.90386],[12.45404,41.90275],[12.45271,41.90302],[12.45303,41.90391]]],[[[14.0393,37.11447],[14.33459,37.00058],[14.48732,36.79336],[15.00031,36.70237],[15.32944,37.02774],[15.09254,37.35878],[15.25993,37.80777],[15.58375,38.24042],[14.90707,38.18769],[14.17958,38.02569],[13.79078,37.97362],[13.31023,38.21955],[12.97611,38.0442],[12.72535,38.12592],[12.42701,37.79702],[12.89389,37.57329],[13.89438,37.10082],[14.0393,37.11447]]],[[[9.6463,39.54909],[9.73227,40.08393],[9.62718,40.22452],[9.74884,40.66034],[9.54615,41.12092],[9.23064,41.26264],[8.81125,40.94083],[8.1338,40.72891],[8.39212,40.41232],[8.54852,39.69791],[8.39806,39.4465],[8.61034,38.95489],[8.84148,38.88056],[9.07895,39.21235],[9.55779,39.13972],[9.6463,39.54909]]]]}},{"type":"Feature","properties":{"id":"je","country_id":"JE","level":"country","countryCode":"je","countryName":"Jersey","nameZh":"Jersey","nameEn":"Jersey","source":"Natural Earth Admin 1 States/Provinces dissolved to countries + Footprint policy overrides","sourceVersion":"5.1.1","sourceYear":2022,"license":"Public Domain","boundaryPolicy":"de facto","mapCluster":"global-country","sourceSimplification":"2%","sourceMapshaperPackage":"mapshaper@0.7.47","sourceComponentCountryIds":["JE"],"sourceComponentRegionIds":["JE-X01~"]},"geometry":{"type":"Polygon","coordinates":[[[-2.08267,49.26024],[-2.24201,49.24795],[-2.16869,49.17829],[-2.02453,49.17133],[-2.08267,49.26024]]]}},{"type":"Feature","properties":{"id":"jm","country_id":"JM","level":"country","countryCode":"jm","countryName":"Jamaica","nameZh":"Jamaica","nameEn":"Jamaica","source":"Natural Earth Admin 1 States/Provinces dissolved to countries + Footprint policy overrides","sourceVersion":"5.1.1","sourceYear":2022,"license":"Public Domain","boundaryPolicy":"de facto","mapCluster":"global-country","sourceSimplification":"2%","sourceMapshaperPackage":"mapshaper@0.7.47","sourceComponentCountryIds":["JM"],"sourceComponentRegionIds":["JM-01","JM-02","JM-03","JM-04","JM-05","JM-06","JM-07","JM-08","JM-09","JM-10","JM-11","JM-12","JM-13","JM-14"]},"geometry":{"type":"Polygon","coordinates":[[[-76.72696,17.95379],[-76.65716,17.92969],[-76.25679,17.99634],[-76.70146,18.26678],[-77.07035,18.41337],[-77.46529,18.47605],[-77.73554,18.5067],[-78.00017,18.44669],[-78.34604,18.29795],[-77.96462,18.05057],[-77.56457,17.8571],[-77.39458,17.85337],[-77.1346,17.8851],[-76.84997,17.99228],[-76.81246,17.97153],[-76.72696,17.95379]]]}},{"type":"Feature","properties":{"id":"jo","country_id":"JO","level":"country","countryCode":"jo","countryName":"Jordan","nameZh":"Jordan","nameEn":"Jordan","source":"Natural Earth Admin 1 States/Provinces dissolved to countries + Footprint policy overrides","sourceVersion":"5.1.1","sourceYear":2022,"license":"Public Domain","boundaryPolicy":"de facto","mapCluster":"global-country","sourceSimplification":"2%","sourceMapshaperPackage":"mapshaper@0.7.47","sourceComponentCountryIds":["JO"],"sourceComponentRegionIds":["JO-AJ","JO-AM","JO-AQ","JO-AT","JO-AZ","JO-BA","JO-IR","JO-JA","JO-KA","JO-MA","JO-MD","JO-MN"]},"geometry":{"type":"Polygon","coordinates":[[[36.99791,31.50081],[37.76141,31.69612],[37.98652,31.75336],[38.96334,31.99438],[39.14637,32.11814],[38.77451,33.37169],[38.31574,33.13118],[37.49461,32.69006],[36.81939,32.31679],[36.51668,32.35701],[36.08191,32.51626],[35.76973,32.74805],[35.75759,32.74435],[35.56096,32.38472],[35.55956,32.19037],[35.50248,31.68536],[35.45812,31.49193],[35.45713,31.43352],[35.34711,30.92271],[35.26388,30.71997],[34.95558,29.55899],[34.94939,29.35169],[35.74025,29.23173],[36.06946,29.20003],[36.47708,29.49461],[36.75624,29.86552],[37.4702,29.99455],[37.63453,30.31278],[37.98107,30.49948],[37.22172,31.24729],[36.99791,31.50081]]]}},{"type":"Feature","properties":{"id":"jp","country_id":"JP","level":"country","countryCode":"jp","countryName":"日本","nameZh":"日本","nameEn":"日本","source":"Natural Earth Admin 1 States/Provinces dissolved to countries + Footprint policy overrides","sourceVersion":"5.1.1","sourceYear":2022,"license":"Public Domain","boundaryPolicy":"de facto","mapCluster":"global-country","sourceSimplification":"2%","sourceMapshaperPackage":"mapshaper@0.7.47","sourceComponentCountryIds":["JP"],"sourceComponentRegionIds":["JP-01","JP-02","JP-03","JP-04","JP-05","JP-06","JP-07","JP-08","JP-09","JP-10","JP-11","JP-12","JP-13","JP-14","JP-15","JP-16","JP-17","JP-18","JP-19","JP-20","JP-21","JP-22","JP-23","JP-24","JP-25","JP-26","JP-27","JP-28","JP-29","JP-30","JP-31","JP-32","JP-33","JP-34","JP-35","JP-36","JP-37","JP-38","JP-39","JP-40","JP-41","JP-42","JP-43","JP-44","JP-45","JP-46","JP-47"]},"geometry":{"type":"MultiPolygon","coordinates":[[[[139.93631,40.4282],[139.94803,40.41335],[139.97842,40.39829],[139.98016,40.38782],[140.01344,40.3717],[140.02301,40.35759],[140.02609,40.33868],[140.02411,40.31439],[140.01565,40.26445],[140.0049,40.22448],[139.99499,40.19925],[139.98397,40.18353],[139.99215,40.17579],[139.97602,40.1327],[139.94896,40.0787],[139.92377,40.04111],[139.90183,40.01584],[139.87274,39.98877],[139.84515,39.97094],[139.80945,39.95783],[139.79774,39.9568],[139.76572,39.97487],[139.72347,39.98163],[139.70177,40.0068],[139.69324,39.99563],[139.70077,39.9685],[139.71907,39.94615],[139.70497,39.94458],[139.71346,39.91861],[139.73492,39.90535],[139.73698,39.8806],[139.7469,39.86553],[139.76147,39.86219],[139.79485,39.86751],[139.80862,39.8586],[139.82117,39.85874],[139.83077,39.86893],[139.86373,39.89048],[139.89752,39.9023],[139.92492,39.8995],[139.9504,39.88981],[139.97949,39.87155],[140.00416,39.84933],[140.02886,39.8155],[140.04234,39.78285],[140.04932,39.7741],[140.04628,39.7495],[140.05925,39.72066],[140.06298,39.65442],[140.06107,39.61072],[140.05613,39.56622],[140.04503,39.4987],[140.02152,39.40563],[139.99681,39.34221],[139.97383,39.30365],[139.96604,39.29511],[139.93061,39.28919],[139.91909,39.27922],[139.90982,39.25911],[139.91474,39.24864],[139.89253,39.20444],[139.90361,39.19966],[139.90495,39.18152],[139.89416,39.15505],[139.8857,39.14896],[139.88508,39.13351],[139.86959,39.11826],[139.87936,39.09671],[139.87345,39.08792],[139.86707,39.05213],[139.82945,38.95797],[139.81026,38.9292],[139.80362,38.90239],[139.7774,38.83235],[139.76132,38.79925],[139.74643,38.77519],[139.70768,38.75018],[139.69878,38.73119],[139.68121,38.71757],[139.67091,38.7188],[139.66062,38.7043],[139.63525,38.68466],[139.62856,38.68673],[139.61016,38.66949],[139.58865,38.62843],[139.55755,38.57547],[139.54582,38.56245],[139.54781,38.55295],[139.54991,38.54328],[139.52183,38.50568],[139.48257,38.43362],[139.46767,38.41727],[139.45504,38.38982],[139.4602,38.38164],[139.45092,38.36148],[139.45251,38.33699],[139.44874,38.27316],[139.44133,38.24703],[139.44933,38.23408],[139.42804,38.19737],[139.43001,38.18129],[139.38662,38.12255],[139.34983,38.08157],[139.30321,38.04094],[139.24596,38.0045],[139.24132,38.00686],[139.19238,37.97935],[139.13428,37.9626],[139.12329,37.96216],[139.05803,37.94649],[139.04206,37.93328],[139.00163,37.90877],[138.89229,37.85302],[138.85994,37.83204],[138.83535,37.8105],[138.81619,37.78807],[138.8012,37.75539],[138.7669,37.64415],[138.74837,37.60597],[138.73278,37.59128],[138.71309,37.55862],[138.67628,37.53833],[138.6176,37.4732],[138.58784,37.42083],[138.55902,37.38339],[138.54392,37.36869],[138.52679,37.36566],[138.51384,37.35623],[138.48867,37.35146],[138.48576,37.34621],[138.44629,37.32416],[138.43705,37.32222],[138.35534,37.25471],[138.2854,37.20407],[138.27759,37.21179],[138.26493,37.19778],[138.23168,37.17417],[138.20723,37.16805],[138.19672,37.17013],[138.15163,37.16113],[138.10179,37.17406],[138.05996,37.14336],[138.04872,37.12791],[138.02751,37.11667],[138.00508,37.11523],[137.94035,37.07538],[137.91248,37.06091],[137.88501,37.05225],[137.82924,37.03968],[137.81391,37.03007],[137.7673,37.01755],[137.70043,36.99445],[137.65116,36.98064],[137.63499,36.9798],[137.58957,36.97518],[137.57458,36.96413],[137.51035,36.95858],[137.49064,36.95418],[137.46002,36.93847],[137.42839,36.92649],[137.40981,36.89881],[137.41898,36.88063],[137.40899,36.85948],[137.41142,36.84823],[137.40046,36.8371],[137.39281,36.80713],[137.34973,36.7824],[137.33363,36.76272],[137.29424,36.75688],[137.24284,36.76557],[137.18721,36.75715],[137.15584,36.76318],[137.12192,36.77947],[137.08629,36.78346],[137.05682,36.8016],[137.0444,36.81406],[137.01664,36.82936],[136.99099,36.85396],[136.98522,36.86916],[137.0179,36.91076],[137.03261,36.92385],[137.02701,36.93913],[137.0517,36.95917],[137.05658,36.96756],[137.04874,36.98709],[137.05328,36.99483],[137.04627,37.01098],[137.05111,37.02012],[137.04559,37.0377],[137.05446,37.07511],[137.04838,37.10754],[137.0317,37.10659],[137.01567,37.09433],[137.00241,37.06618],[136.98417,37.04821],[136.97267,37.04694],[136.94044,37.06791],[136.93778,37.08597],[136.91131,37.09066],[136.90173,37.07372],[136.88785,37.06833],[136.8599,37.07565],[136.86897,37.08969],[136.86762,37.11103],[136.89286,37.11838],[136.90039,37.13712],[136.87498,37.14055],[136.88477,37.1648],[136.90433,37.18514],[136.90999,37.199],[136.92051,37.20499],[136.92339,37.21958],[136.94532,37.22734],[136.96327,37.2046],[136.99123,37.19971],[137.00591,37.18367],[137.02626,37.18802],[137.02947,37.20189],[137.06943,37.21811],[137.06796,37.23153],[137.08611,37.24927],[137.09892,37.27898],[137.15278,37.30318],[137.21358,37.29567],[137.24697,37.30749],[137.26398,37.32538],[137.25899,37.33805],[137.26116,37.3549],[137.24886,37.35406],[137.23979,37.37133],[137.23761,37.38997],[137.25681,37.43136],[137.27412,37.43946],[137.29882,37.4429],[137.31149,37.43772],[137.34899,37.44333],[137.36048,37.45078],[137.35748,37.46484],[137.3402,37.48683],[137.35108,37.50198],[137.34197,37.51672],[137.32639,37.5295],[137.29884,37.52617],[137.2753,37.53343],[137.24542,37.52005],[137.22651,37.51717],[137.21622,37.50877],[137.18029,37.49957],[137.17269,37.50279],[137.14446,37.499],[137.09489,37.47866],[137.07309,37.45568],[137.04539,37.44436],[137.02935,37.43274],[137.01822,37.43305],[136.98559,37.4211],[136.92427,37.39499],[136.91401,37.39498],[136.87962,37.40628],[136.84767,37.40169],[136.83045,37.38993],[136.81152,37.3866],[136.77307,37.3659],[136.75645,37.3648],[136.75339,37.346],[136.73983,37.34084],[136.7217,37.32044],[136.72486,37.29477],[136.73388,37.2795],[136.72088,37.2559],[136.70309,37.24568],[136.70506,37.23109],[136.694,37.21509],[136.68022,37.20721],[136.67535,37.18442],[136.67655,37.1664],[136.66946,37.14722],[136.67418,37.13918],[136.69537,37.13938],[136.70191,37.14862],[136.71869,37.14442],[136.72743,37.13515],[136.72552,37.11563],[136.72938,37.09727],[136.71836,37.07954],[136.72183,37.05781],[136.73891,37.03253],[136.74661,37.02926],[136.74342,37.01204],[136.76931,36.99908],[136.77041,36.98134],[136.76206,36.94486],[136.74996,36.92722],[136.76386,36.92092],[136.76746,36.90258],[136.76039,36.87354],[136.74359,36.82708],[136.7275,36.79515],[136.6994,36.74671],[136.66368,36.69236],[136.62331,36.64262],[136.61335,36.63904],[136.60049,36.62054],[136.58647,36.60929],[136.58506,36.59825],[136.51367,36.5215],[136.49256,36.501],[136.41394,36.41719],[136.37209,36.38323],[136.34543,36.36475],[136.32164,36.3545],[136.29964,36.3517],[136.268,36.31215],[136.24386,36.2953],[136.21736,36.27585],[136.17595,36.2541],[136.1234,36.25003],[136.13317,36.2284],[136.13202,36.21392],[136.09039,36.16053],[136.09337,36.15322],[136.0766,36.13846],[136.05482,36.12792],[136.04863,36.10997],[136.03585,36.10242],[136.01208,36.04709],[136.01062,36.03333],[135.98559,36.00892],[135.96396,35.99745],[135.95769,35.98177],[135.96954,35.9624],[135.99672,35.93583],[135.99517,35.91225],[135.99755,35.88449],[136.07031,35.82483],[136.0764,35.81165],[136.0998,35.77916],[136.10121,35.75815],[136.09456,35.74217],[136.09857,35.72631],[136.09242,35.71104],[136.07854,35.70356],[136.0814,35.68917],[136.07185,35.66068],[136.04828,35.65706],[136.04285,35.66948],[136.02653,35.67909],[136.04101,35.69863],[136.03641,35.72962],[136.02814,35.73736],[136.03029,35.75322],[136.01998,35.76366],[135.99481,35.74866],[135.9811,35.73311],[135.96845,35.73512],[135.95441,35.72012],[135.95965,35.70182],[135.97543,35.69827],[135.97756,35.68669],[135.96825,35.67424],[135.96682,35.65969],[135.98559,35.64319],[135.97426,35.62471],[135.95458,35.62909],[135.9398,35.61568],[135.91354,35.60936],[135.89886,35.62399],[135.87015,35.6083],[135.85926,35.61107],[135.84613,35.63549],[135.8277,35.63885],[135.82315,35.6287],[135.83924,35.61914],[135.82686,35.60957],[135.85352,35.60307],[135.85737,35.5818],[135.83969,35.56315],[135.82121,35.57373],[135.8032,35.56837],[135.82459,35.55259],[135.83373,35.5359],[135.78846,35.53142],[135.77966,35.5503],[135.75883,35.54257],[135.74508,35.56431],[135.73583,35.57135],[135.7151,35.56999],[135.69007,35.54878],[135.71678,35.54074],[135.71807,35.5197],[135.73207,35.52544],[135.73714,35.53528],[135.75197,35.53206],[135.75068,35.51745],[135.73747,35.49441],[135.70022,35.49278],[135.69174,35.48772],[135.66027,35.4921],[135.64818,35.47829],[135.62075,35.48597],[135.64205,35.50688],[135.63477,35.51885],[135.6547,35.53093],[135.65693,35.54495],[135.63308,35.53752],[135.62064,35.52149],[135.60326,35.51509],[135.59191,35.50241],[135.57488,35.49338],[135.53614,35.48887],[135.51904,35.49378],[135.50731,35.5057],[135.51668,35.5261],[135.51832,35.54961],[135.49943,35.54752],[135.50263,35.52473],[135.48216,35.52997],[135.47857,35.55111],[135.4866,35.55794],[135.47431,35.55688],[135.45013,35.59485],[135.39013,35.55655],[135.37938,35.56204],[135.36649,35.55135],[135.33651,35.53769],[135.3391,35.52363],[135.35502,35.50238],[135.3725,35.50626],[135.40045,35.49466],[135.38541,35.47865],[135.37494,35.49171],[135.35456,35.48847],[135.32751,35.45995],[135.31789,35.46341],[135.32293,35.48662],[135.3347,35.50568],[135.32345,35.52565],[135.31058,35.51228],[135.28634,35.51704],[135.2693,35.53334],[135.24557,35.53533],[135.23653,35.55001],[135.24247,35.56021],[135.2611,35.5537],[135.27483,35.56016],[135.25098,35.57043],[135.24702,35.58169],[135.20763,35.56276],[135.21087,35.54793],[135.20182,35.53758],[135.18752,35.54736],[135.18975,35.5667],[135.21438,35.59825],[135.24476,35.62069],[135.25288,35.64898],[135.26757,35.66681],[135.29448,35.67057],[135.30866,35.69376],[135.28745,35.70782],[135.28955,35.7186],[135.27372,35.73978],[135.25718,35.74438],[135.25036,35.75888],[135.2306,35.77264],[135.20699,35.76391],[135.19613,35.76752],[135.14675,35.74988],[135.09704,35.74136],[135.08526,35.72577],[135.05334,35.7042],[135.015,35.6902],[134.98645,35.69211],[134.96665,35.67569],[134.96307,35.66222],[134.92335,35.64637],[134.89991,35.64854],[134.88568,35.65667],[134.8675,35.65823],[134.85748,35.65996],[134.83939,35.64291],[134.81444,35.66362],[134.78438,35.66663],[134.77057,35.65887],[134.7368,35.65991],[134.72498,35.667],[134.71145,35.66548],[134.69662,35.65396],[134.66683,35.6626],[134.64711,35.66002],[134.62951,35.64205],[134.61444,35.64045],[134.60073,35.65803],[134.56339,35.65536],[134.55068,35.65826],[134.53896,35.6702],[134.51244,35.65812],[134.50555,35.66137],[134.47188,35.63875],[134.45305,35.629],[134.43964,35.63585],[134.42494,35.62155],[134.38743,35.61374],[134.36994,35.61458],[134.37103,35.6061],[134.34772,35.60131],[134.33706,35.59337],[134.29685,35.59006],[134.28741,35.57355],[134.27252,35.56067],[134.23117,35.54646],[134.16949,35.53359],[134.05697,35.51893],[134.0218,35.51969],[134.00846,35.53768],[134.00074,35.52607],[133.94836,35.51889],[133.9198,35.50928],[133.79987,35.5009],[133.72457,35.50286],[133.7042,35.50794],[133.67187,35.50638],[133.63319,35.51944],[133.61178,35.52113],[133.59055,35.53199],[133.56798,35.53036],[133.55671,35.52432],[133.49548,35.51249],[133.47259,35.49902],[133.44639,35.49419],[133.43315,35.48208],[133.4277,35.46293],[133.41178,35.45471],[133.39164,35.45359],[133.32319,35.46628],[133.29344,35.47782],[133.26093,35.50289],[133.26057,35.51976],[133.24462,35.54911],[133.25436,35.55388],[133.31899,35.56257],[133.31581,35.56968],[133.29342,35.57672],[133.26759,35.57867],[133.24456,35.57033],[133.22561,35.57545],[133.21094,35.56709],[133.19842,35.56975],[133.15626,35.56057],[133.14126,35.56091],[133.13274,35.57567],[133.12225,35.57833],[133.09667,35.59912],[133.0925,35.57861],[133.06863,35.58386],[133.04904,35.57512],[133.0607,35.56715],[133.04416,35.55347],[133.03377,35.55583],[133.0285,35.54022],[132.98967,35.54504],[132.97166,35.54459],[132.96485,35.51474],[132.91778,35.51716],[132.90509,35.51151],[132.85625,35.51012],[132.82587,35.49739],[132.8127,35.49689],[132.80029,35.4837],[132.75381,35.47658],[132.73152,35.46936],[132.75709,35.45606],[132.75343,35.44757],[132.72223,35.44686],[132.70898,35.44141],[132.6849,35.45172],[132.65851,35.44469],[132.6238,35.42513],[132.67174,35.40066],[132.67471,35.37221],[132.66252,35.33095],[132.64323,35.30194],[132.61562,35.28096],[132.5766,35.27257],[132.53009,35.25285],[132.52868,35.24479],[132.50804,35.23654],[132.49826,35.22763],[132.4677,35.21736],[132.45085,35.1991],[132.42138,35.18904],[132.39316,35.15485],[132.38938,35.13174],[132.36422,35.12087],[132.36346,35.11277],[132.33684,35.10144],[132.32569,35.0885],[132.30371,35.05295],[132.26917,35.03932],[132.23628,35.0346],[132.19541,35.00177],[132.18916,34.99433],[132.15464,34.97646],[132.14794,34.96615],[132.11078,34.95054],[132.10856,34.93996],[132.08397,34.92848],[132.06352,34.90421],[132.06544,34.89235],[132.05427,34.88302],[132.05684,34.87303],[132.03069,34.87496],[132.01377,34.87031],[132.00807,34.84729],[131.99386,34.84102],[131.98921,34.82781],[131.95643,34.81336],[131.94679,34.79293],[131.91449,34.77408],[131.89727,34.77568],[131.89413,34.7625],[131.86465,34.75529],[131.87126,34.73403],[131.84913,34.71128],[131.8108,34.69211],[131.73968,34.67461],[131.70498,34.67264],[131.69062,34.68104],[131.66818,34.67156],[131.66493,34.65655],[131.64866,34.65339],[131.62897,34.66536],[131.61226,34.66608],[131.59715,34.65276],[131.59115,34.62913],[131.5615,34.61844],[131.55483,34.60749],[131.55478,34.57986],[131.539,34.563],[131.52035,34.554],[131.50405,34.53393],[131.46458,34.53217],[131.45172,34.51614],[131.46727,34.49758],[131.46262,34.48687],[131.43737,34.47057],[131.42424,34.4539],[131.42159,34.43929],[131.39135,34.41728],[131.35262,34.41119],[131.33681,34.41629],[131.32523,34.39265],[131.3047,34.38241],[131.27193,34.3901],[131.24659,34.38408],[131.22474,34.39214],[131.2237,34.37893],[131.20512,34.37487],[131.19975,34.39754],[131.18802,34.3806],[131.16907,34.37289],[131.15371,34.37311],[131.13724,34.39273],[131.12891,34.41263],[131.11183,34.40948],[131.09291,34.42072],[131.07438,34.42458],[131.04333,34.4103],[131.00498,34.41498],[131.00328,34.42782],[130.98039,34.43545],[130.96113,34.42764],[130.95946,34.41405],[130.93639,34.39457],[130.95522,34.38906],[130.95855,34.40793],[130.97999,34.39948],[131.01071,34.40183],[131.02903,34.38938],[131.03654,34.37887],[130.99253,34.36816],[130.96699,34.35757],[130.93481,34.35184],[130.8998,34.36071],[130.88968,34.3443],[130.8914,34.31248],[130.88471,34.29883],[130.86686,34.28783],[130.89598,34.26629],[130.90044,34.25452],[130.92165,34.23945],[130.91625,34.21513],[130.93064,34.20972],[130.93251,34.19026],[130.92565,34.16971],[130.90917,34.15893],[130.89171,34.13455],[130.88063,34.14177],[130.8671,34.13696],[130.86189,34.10408],[130.87283,34.09866],[130.88206,34.07451],[130.91089,34.06174],[130.91486,34.04593],[130.90364,34.02515],[130.91632,34.01972],[130.90869,33.9925],[130.91686,33.97849],[130.91034,33.95912],[130.92462,33.94741],[130.93416,33.9477],[130.95833,33.96659],[130.99502,33.98904],[131.02126,34.02012],[131.01469,34.02666],[131.03035,34.03911],[131.04761,34.04223],[131.10288,34.0308],[131.1214,34.00353],[131.15064,34.0035],[131.14622,33.99545],[131.16063,33.98627],[131.16294,33.97053],[131.15766,33.95535],[131.17129,33.94209],[131.18477,33.93899],[131.21049,33.94453],[131.23255,33.92708],[131.26654,33.92289],[131.29263,33.93434],[131.31717,33.95475],[131.33341,33.95339],[131.3487,33.96624],[131.34805,33.98168],[131.37817,34.00833],[131.38627,34.04676],[131.39872,34.04288],[131.39436,34.02619],[131.42727,34.01435],[131.43179,34.00668],[131.42376,33.99131],[131.43601,33.98792],[131.47949,34.01333],[131.46984,34.01866],[131.46688,34.03312],[131.50875,34.02293],[131.51686,34.00319],[131.5402,33.99759],[131.58543,34.02544],[131.61138,34.02352],[131.6233,34.03969],[131.64353,34.04676],[131.65204,34.0391],[131.66634,34.04435],[131.69799,34.04671],[131.70968,34.06046],[131.73887,34.05526],[131.75002,34.04707],[131.76521,34.05363],[131.79172,34.05389],[131.79393,34.0467],[131.81846,34.03538],[131.81191,34.01588],[131.78274,33.99524],[131.77202,33.97776],[131.80145,33.97586],[131.81671,33.96957],[131.81846,33.9931],[131.84161,34.01025],[131.8594,34.00665],[131.86816,33.99235],[131.88265,33.98109],[131.91859,33.96682],[131.93637,33.94722],[131.957,33.94956],[131.96902,33.93277],[131.98019,33.92985],[132.00774,33.91047],[132.03022,33.90691],[132.05295,33.91584],[132.07405,33.90544],[132.07752,33.89306],[132.11,33.88073],[132.12079,33.87094],[132.1137,33.86174],[132.11826,33.84692],[132.11546,33.83367],[132.13994,33.8318],[132.15745,33.84471],[132.15827,33.85972],[132.14631,33.86714],[132.12851,33.88815],[132.13165,33.90458],[132.12506,33.92598],[132.1278,33.95716],[132.15272,33.9562],[132.1875,33.96324],[132.2128,34.00208],[132.21914,34.039],[132.2095,34.0593],[132.21089,34.08337],[132.20032,34.11574],[132.20327,34.12531],[132.23155,34.12702],[132.24764,34.13343],[132.25238,34.15811],[132.24787,34.17196],[132.23198,34.18732],[132.2456,34.21067],[132.23889,34.22714],[132.22738,34.23543],[132.23425,34.25882],[132.26432,34.27255],[132.28208,34.28595],[132.28735,34.29745],[132.3127,34.31744],[132.32678,34.34412],[132.33676,34.33768],[132.3512,34.35095],[132.36473,34.34747],[132.37553,34.36036],[132.3975,34.36302],[132.43318,34.35348],[132.47851,34.35672],[132.49197,34.35348],[132.50497,34.33407],[132.49432,34.31624],[132.51904,34.28201],[132.51436,34.26772],[132.53035,34.25188],[132.52914,34.24433],[132.55852,34.23824],[132.54839,34.22853],[132.53156,34.22217],[132.54392,34.20963],[132.53826,34.19581],[132.55348,34.19444],[132.56911,34.20066],[132.60275,34.22015],[132.63815,34.20321],[132.68025,34.21086],[132.70008,34.23553],[132.73309,34.24266],[132.76035,34.24089],[132.77242,34.25308],[132.75369,34.27573],[132.7617,34.28263],[132.78171,34.27739],[132.80193,34.30891],[132.82763,34.31628],[132.84656,34.2928],[132.86218,34.29771],[132.86888,34.31177],[132.88715,34.32235],[132.91668,34.32879],[132.93077,34.32634],[132.94479,34.33618],[132.96464,34.33697],[132.98311,34.3312],[132.99448,34.3375],[133.01541,34.32867],[133.04024,34.33167],[133.05982,34.34515],[133.08121,34.34935],[133.09304,34.38896],[133.10692,34.38923],[133.12752,34.38257],[133.14932,34.39281],[133.18793,34.40103],[133.20962,34.41064],[133.23223,34.41149],[133.24544,34.42426],[133.24212,34.43589],[133.27036,34.43271],[133.27203,34.40661],[133.29248,34.38273],[133.30572,34.38754],[133.31468,34.38097],[133.33488,34.38102],[133.35158,34.36601],[133.36681,34.36899],[133.38457,34.38422],[133.38049,34.39167],[133.38544,34.42046],[133.40768,34.42852],[133.41304,34.43628],[133.4313,34.4241],[133.44514,34.44653],[133.44691,34.48027],[133.45522,34.47737],[133.45632,34.45454],[133.48402,34.46475],[133.47305,34.44754],[133.4891,34.44096],[133.50093,34.45173],[133.52415,34.45122],[133.52802,34.4683],[133.54038,34.46138],[133.56034,34.46826],[133.57663,34.46577],[133.59211,34.47073],[133.59416,34.49106],[133.62534,34.50099],[133.64717,34.50376],[133.65859,34.52034],[133.6702,34.50735],[133.68407,34.50707],[133.69083,34.52282],[133.70533,34.52306],[133.70403,34.47783],[133.7434,34.4706],[133.73718,34.49057],[133.75713,34.4817],[133.75962,34.4702],[133.78058,34.44538],[133.80713,34.4359],[133.81441,34.43799],[133.80859,34.4588],[133.82974,34.47253],[133.86714,34.46728],[133.8819,34.45619],[133.89954,34.45699],[133.91017,34.45094],[133.93475,34.45091],[133.94362,34.46429],[133.93432,34.47325],[133.95017,34.4928],[133.95947,34.52271],[133.97785,34.53307],[133.99551,34.53374],[134.00117,34.54552],[134.01623,34.54478],[134.0286,34.55484],[134.04072,34.58748],[134.02606,34.59896],[134.00454,34.5949],[133.97385,34.59447],[133.99168,34.61254],[134.02897,34.60639],[134.04215,34.60833],[134.05438,34.58643],[134.08449,34.58108],[134.10352,34.58958],[134.11997,34.58863],[134.12798,34.59855],[134.15391,34.61536],[134.17315,34.61734],[134.17204,34.64958],[134.18853,34.65081],[134.20668,34.67015],[134.24528,34.70105],[134.22818,34.71449],[134.20554,34.71073],[134.20798,34.73004],[134.22934,34.7311],[134.24406,34.71527],[134.26859,34.71918],[134.27904,34.73394],[134.29811,34.73654],[134.31513,34.73221],[134.32173,34.72195],[134.33967,34.73889],[134.36382,34.74085],[134.38528,34.72612],[134.41626,34.73125],[134.42794,34.74536],[134.43309,34.76617],[134.44971,34.76891],[134.46968,34.7843],[134.4812,34.76589],[134.49441,34.77173],[134.50857,34.76571],[134.52295,34.77924],[134.54786,34.77322],[134.57005,34.75795],[134.58485,34.76873],[134.63195,34.77752],[134.6334,34.76731],[134.65258,34.77059],[134.66076,34.78381],[134.69284,34.77018],[134.71151,34.77656],[134.74631,34.7688],[134.76081,34.76217],[134.76891,34.75029],[134.79715,34.73249],[134.81294,34.73071],[134.8088,34.71848],[134.82658,34.70635],[134.83658,34.70737],[134.84362,34.72058],[134.89559,34.68901],[134.90762,34.67649],[134.92967,34.67103],[134.94468,34.66174],[134.97263,34.64382],[135.01956,34.64281],[135.04559,34.62474],[135.07452,34.62832],[135.12285,34.64236],[135.18323,34.64948],[135.17981,34.66241],[135.19034,34.68141],[135.2075,34.68429],[135.23495,34.69854],[135.2881,34.70395],[135.29427,34.71946],[135.30602,34.71449],[135.33895,34.72231],[135.36007,34.70616],[135.3539,34.69682],[135.37128,34.68087],[135.38114,34.69131],[135.39266,34.68821],[135.40729,34.6971],[135.42226,34.67963],[135.41739,34.66376],[135.42813,34.65115],[135.44412,34.64446],[135.44824,34.63488],[135.4413,34.62618],[135.43129,34.62181],[135.43697,34.60471],[135.42354,34.60492],[135.42943,34.5707],[135.42082,34.56968],[135.41576,34.59373],[135.40207,34.59967],[135.41054,34.56075],[135.44479,34.55722],[135.44215,34.54785],[135.43194,34.53233],[135.41863,34.51926],[135.38753,34.51437],[135.37833,34.53189],[135.36716,34.51705],[135.37432,34.47588],[135.3638,34.47762],[135.35346,34.45135],[135.33715,34.44576],[135.31377,34.42662],[135.30954,34.41707],[135.29296,34.4071],[135.26379,34.38108],[135.24721,34.37495],[135.22557,34.34948],[135.19528,34.33856],[135.17668,34.33786],[135.15291,34.33112],[135.14132,34.31822],[135.13056,34.32617],[135.10146,34.31929],[135.09283,34.31201],[135.07427,34.30537],[135.0681,34.29076],[135.07429,34.28097],[135.0627,34.26237],[135.08955,34.26082],[135.09584,34.25292],[135.12308,34.24159],[135.10377,34.23707],[135.1071,34.22847],[135.13953,34.22541],[135.14485,34.21479],[135.14073,34.19251],[135.16286,34.18795],[135.18199,34.17193],[135.1842,34.14843],[135.16678,34.13433],[135.15551,34.13898],[135.13228,34.13828],[135.1335,34.11888],[135.11325,34.10948],[135.09672,34.0912],[135.09109,34.06873],[135.10441,34.07126],[135.13585,34.06458],[135.15837,34.04722],[135.17077,34.03222],[135.15079,34.02465],[135.14297,34.01555],[135.15154,34.00765],[135.13389,33.99929],[135.09351,33.99321],[135.07998,33.95584],[135.11079,33.96288],[135.10057,33.94958],[135.08897,33.94914],[135.07412,33.92769],[135.08298,33.91752],[135.06431,33.89175],[135.08417,33.88717],[135.11191,33.89338],[135.13162,33.88894],[135.14967,33.87938],[135.17447,33.83261],[135.19642,33.81369],[135.21625,33.80968],[135.23586,33.79787],[135.23816,33.7805],[135.27069,33.78263],[135.30103,33.76671],[135.31194,33.76955],[135.32467,33.75973],[135.33049,33.7442],[135.35107,33.74668],[135.35191,33.73482],[135.3731,33.72953],[135.39342,33.71519],[135.393,33.70553],[135.36026,33.68375],[135.34281,33.67796],[135.33197,33.66622],[135.35303,33.65483],[135.38189,33.65114],[135.39139,33.64301],[135.39486,33.62546],[135.386,33.60015],[135.3926,33.58856],[135.41003,33.57561],[135.44386,33.56321],[135.44638,33.54893],[135.47888,33.546],[135.48791,33.54964],[135.51227,33.52554],[135.55968,33.51418],[135.575,33.51567],[135.5789,33.5071],[135.60645,33.50969],[135.62824,33.50819],[135.65384,33.50057],[135.67526,33.48778],[135.69897,33.49037],[135.72708,33.47742],[135.73827,33.47679],[135.75931,33.48437],[135.77428,33.4712],[135.77543,33.46066],[135.75003,33.44936],[135.75376,33.43644],[135.76958,33.44693],[135.78345,33.43975],[135.79334,33.44784],[135.78229,33.47008],[135.79706,33.49685],[135.81108,33.50174],[135.82524,33.51459],[135.83579,33.5125],[135.84811,33.52105],[135.91586,33.55282],[135.90872,33.56188],[135.92759,33.57725],[135.95406,33.57802],[135.94396,33.60373],[135.9308,33.59539],[135.92507,33.60874],[135.94115,33.61558],[135.94491,33.62793],[135.93902,33.64538],[135.95683,33.64934],[135.9764,33.65951],[135.97377,33.6707],[135.98837,33.68451],[135.99216,33.69984],[136.01189,33.7233],[136.01832,33.73056],[136.02427,33.75541],[136.04599,33.80571],[136.07675,33.85767],[136.1067,33.89009],[136.12484,33.89742],[136.13608,33.88803],[136.1508,33.90019],[136.15473,33.92068],[136.16976,33.91335],[136.19802,33.92211],[136.1907,33.93967],[136.22745,33.95182],[136.21223,33.99533],[136.22693,33.98872],[136.23927,33.96869],[136.26284,33.96713],[136.27085,33.97132],[136.2712,34.00585],[136.28089,34.02268],[136.24436,34.03845],[136.24157,34.06356],[136.21092,34.0655],[136.21687,34.07907],[136.23692,34.08929],[136.2275,34.09873],[136.24812,34.10295],[136.25756,34.08777],[136.27367,34.08283],[136.29284,34.09671],[136.29263,34.11248],[136.27646,34.13949],[136.28458,34.148],[136.27758,34.16043],[136.28993,34.16506],[136.30293,34.17972],[136.33861,34.1929],[136.33897,34.20467],[136.35394,34.20818],[136.36249,34.19244],[136.38621,34.20833],[136.4001,34.20501],[136.43497,34.22101],[136.45545,34.2216],[136.46814,34.23248],[136.49266,34.22522],[136.50201,34.23184],[136.49177,34.24227],[136.50832,34.25249],[136.51261,34.26994],[136.52465,34.26707],[136.55875,34.28526],[136.57666,34.27832],[136.58882,34.2584],[136.60529,34.25863],[136.61291,34.26939],[136.6351,34.27573],[136.63563,34.28463],[136.65498,34.28707],[136.65365,34.29682],[136.6623,34.31112],[136.64957,34.31615],[136.68704,34.33336],[136.70783,34.33977],[136.68938,34.30571],[136.68998,34.28755],[136.71525,34.29667],[136.72452,34.30432],[136.75087,34.29309],[136.77312,34.29639],[136.7871,34.28921],[136.80898,34.29783],[136.80253,34.31528],[136.83771,34.30795],[136.84276,34.29489],[136.82135,34.27328],[136.785,34.27835],[136.76561,34.2782],[136.76538,34.26065],[136.81934,34.25065],[136.84051,34.25229],[136.85297,34.26172],[136.87015,34.26267],[136.86995,34.27343],[136.8947,34.27695],[136.89793,34.28651],[136.8853,34.29724],[136.89124,34.31061],[136.8789,34.32529],[136.88191,34.34548],[136.90115,34.35552],[136.89214,34.3656],[136.87474,34.35402],[136.86157,34.36733],[136.87632,34.37394],[136.89288,34.38926],[136.90713,34.37555],[136.909,34.39634],[136.92364,34.42107],[136.92328,34.43569],[136.915,34.4523],[136.89288,34.44716],[136.86812,34.45584],[136.87234,34.46425],[136.86656,34.4811],[136.84731,34.48052],[136.82885,34.49276],[136.82042,34.48449],[136.8089,34.50827],[136.79575,34.50653],[136.76534,34.51355],[136.7532,34.52476],[136.71601,34.5445],[136.69422,34.54704],[136.66686,34.55833],[136.64706,34.58884],[136.62646,34.59752],[136.58809,34.60244],[136.57329,34.60988],[136.55498,34.61225],[136.54418,34.62183],[136.54999,34.63809],[136.54933,34.67082],[136.52335,34.68509],[136.52106,34.69846],[136.5313,34.74675],[136.53871,34.76409],[136.55491,34.78801],[136.58946,34.82475],[136.63157,34.87781],[136.64728,34.90801],[136.64575,34.93441],[136.66313,34.94541],[136.64553,34.95587],[136.65182,34.9933],[136.67523,35.00687],[136.70001,35.00721],[136.69768,35.02034],[136.7273,35.02545],[136.7495,35.03652],[136.77062,35.02144],[136.79388,35.01446],[136.80025,35.0288],[136.80053,35.04913],[136.83008,35.05025],[136.83335,35.0641],[136.81979,35.07203],[136.82728,35.08288],[136.84725,35.08305],[136.8426,35.05928],[136.85548,35.05659],[136.87533,35.0904],[136.89034,35.08992],[136.88959,35.07034],[136.87922,35.0474],[136.87027,35.04223],[136.84384,35.00474],[136.84631,34.999],[136.8206,34.96639],[136.82628,34.9529],[136.82219,34.9151],[136.82749,34.8753],[136.84108,34.87783],[136.85721,34.86208],[136.86661,34.83801],[136.85612,34.79362],[136.84205,34.76236],[136.86079,34.73878],[136.88937,34.7211],[136.94272,34.70074],[136.97136,34.69929],[136.97272,34.71612],[136.96524,34.73364],[136.95141,34.73822],[136.92702,34.76408],[136.9148,34.77005],[136.92537,34.81399],[136.93044,34.84851],[136.95718,34.88111],[136.9686,34.87173],[136.95529,34.85484],[136.95674,34.83329],[136.96438,34.82279],[136.99053,34.81591],[137.01206,34.79557],[137.02533,34.77801],[137.04077,34.7756],[137.07626,34.78706],[137.08817,34.77622],[137.10556,34.79065],[137.12511,34.78289],[137.14593,34.78813],[137.18687,34.78059],[137.1931,34.80487],[137.20967,34.80275],[137.22287,34.81681],[137.24976,34.81085],[137.25319,34.8059],[137.30123,34.81013],[137.31555,34.79643],[137.30333,34.79294],[137.30854,34.77881],[137.32114,34.77126],[137.32031,34.73283],[137.30856,34.72462],[137.28483,34.73095],[137.26173,34.71591],[137.26171,34.69883],[137.24548,34.70621],[137.23267,34.69914],[137.22948,34.67911],[137.20634,34.67791],[137.1861,34.66906],[137.16984,34.65652],[137.14334,34.65402],[137.13656,34.64121],[137.11941,34.63464],[137.102,34.6382],[137.08157,34.66181],[137.05962,34.65323],[137.03025,34.60106],[137.02726,34.5905],[137.03882,34.57885],[137.09469,34.59077],[137.11726,34.58714],[137.14293,34.59015],[137.17959,34.60283],[137.22197,34.61324],[137.24058,34.62013],[137.30887,34.63973],[137.36417,34.65273],[137.43537,34.66668],[137.48496,34.6741],[137.57142,34.68021],[137.59953,34.67601],[137.65974,34.67225],[137.72323,34.66304],[137.74857,34.65768],[137.77749,34.64756],[137.81122,34.64742],[137.85346,34.65848],[137.92489,34.66809],[137.98339,34.66382],[138.01833,34.65783],[138.0859,34.64036],[138.17944,34.60754],[138.19187,34.60077],[138.22721,34.59513],[138.22188,34.60695],[138.19752,34.63267],[138.19309,34.64456],[138.1954,34.66465],[138.21396,34.6991],[138.21463,34.7099],[138.24039,34.73712],[138.28909,34.76244],[138.30421,34.77727],[138.30298,34.78449],[138.33786,34.8306],[138.33702,34.84145],[138.32536,34.85249],[138.32754,34.86726],[138.34796,34.89614],[138.35745,34.91504],[138.40214,34.93175],[138.41105,34.94079],[138.46974,34.95973],[138.50751,34.97759],[138.52665,34.99494],[138.53346,35.01297],[138.50252,35.01152],[138.50028,35.02973],[138.52369,35.04267],[138.54686,35.077],[138.5588,35.10165],[138.57867,35.11177],[138.64535,35.11769],[138.68005,35.13189],[138.70894,35.13667],[138.73846,35.13418],[138.78437,35.12407],[138.80811,35.11618],[138.84523,35.09454],[138.86319,35.07176],[138.87373,35.06931],[138.88705,35.04677],[138.90368,35.0475],[138.89245,35.03127],[138.84434,35.01436],[138.82684,35.02241],[138.79978,35.02118],[138.78353,35.02493],[138.76884,34.98195],[138.76238,34.97169],[138.76799,34.94911],[138.78927,34.90639],[138.75661,34.88541],[138.75862,34.86151],[138.77588,34.85318],[138.75983,34.84289],[138.76251,34.82845],[138.75116,34.8207],[138.75337,34.79996],[138.765,34.78526],[138.7763,34.75572],[138.76067,34.74938],[138.76176,34.73908],[138.74687,34.73286],[138.73988,34.70501],[138.74226,34.68773],[138.75598,34.69174],[138.77735,34.67561],[138.78384,34.66107],[138.77147,34.64888],[138.77599,34.64117],[138.80829,34.62828],[138.82545,34.60622],[138.84258,34.60112],[138.86505,34.61942],[138.88578,34.62321],[138.8925,34.63514],[138.91236,34.63481],[138.91834,34.65266],[138.95665,34.67648],[138.95937,34.65502],[138.97714,34.65346],[138.97916,34.66794],[138.97333,34.68761],[138.9798,34.70949],[138.99169,34.71706],[139.00457,34.75141],[139.02304,34.75727],[139.03036,34.76801],[139.05809,34.78548],[139.06209,34.80094],[139.07935,34.82399],[139.07689,34.84158],[139.087,34.85831],[139.09833,34.85795],[139.10383,34.87018],[139.13206,34.87973],[139.14045,34.89199],[139.13941,34.90865],[139.14785,34.9359],[139.14446,34.95606],[139.1301,34.95501],[139.12819,34.96907],[139.10575,34.96988],[139.09584,34.9761],[139.09416,34.98867],[139.08297,35.00044],[139.09592,35.00706],[139.10034,35.04467],[139.0741,35.04678],[139.06943,35.05338],[139.07959,35.06921],[139.08204,35.08585],[139.07692,35.09795],[139.0892,35.11389],[139.10857,35.1297],[139.1116,35.14137],[139.12005,35.14917],[139.14361,35.15188],[139.14521,35.16734],[139.13624,35.18063],[139.14241,35.2088],[139.14173,35.22544],[139.14818,35.23865],[139.18643,35.26109],[139.20788,35.27728],[139.24979,35.2928],[139.31755,35.30722],[139.33834,35.31359],[139.36787,35.31417],[139.40333,35.31821],[139.45446,35.3178],[139.49017,35.30763],[139.52583,35.30182],[139.53441,35.30861],[139.55211,35.30288],[139.55217,35.29452],[139.57105,35.29322],[139.57236,35.26615],[139.5801,35.25373],[139.59984,35.23889],[139.60266,35.22541],[139.62745,35.21572],[139.60505,35.20373],[139.61622,35.18969],[139.61644,35.16161],[139.61006,35.15278],[139.61497,35.1391],[139.64606,35.13774],[139.6691,35.14197],[139.67937,35.15673],[139.66336,35.1594],[139.65499,35.18079],[139.66712,35.19556],[139.6927,35.20941],[139.72498,35.21191],[139.73955,35.26141],[139.69099,35.26648],[139.67414,35.28691],[139.6798,35.29582],[139.66179,35.30067],[139.65751,35.29096],[139.63537,35.29616],[139.66067,35.32817],[139.62979,35.3296],[139.63902,35.34064],[139.65695,35.34193],[139.64589,35.37809],[139.63653,35.3903],[139.65258,35.41302],[139.66956,35.40288],[139.69061,35.43922],[139.67036,35.4513],[139.65186,35.44512],[139.6385,35.4568],[139.64466,35.47598],[139.68177,35.47836],[139.74877,35.50684],[139.74605,35.51898],[139.76096,35.53027],[139.77011,35.51387],[139.79156,35.51338],[139.7765,35.53447],[139.79491,35.53214],[139.80917,35.53907],[139.78544,35.57056],[139.75859,35.56437],[139.74785,35.58869],[139.74772,35.60272],[139.75046,35.60576],[139.75263,35.63442],[139.77279,35.64604],[139.78733,35.62733],[139.80219,35.62622],[139.80812,35.64046],[139.83448,35.64407],[139.87146,35.63864],[139.87258,35.6255],[139.89757,35.61667],[139.93945,35.64052],[139.91818,35.65535],[139.93027,35.66647],[139.95308,35.67178],[139.96453,35.68184],[139.98276,35.68161],[139.98587,35.66384],[140.00186,35.66564],[140.01368,35.65752],[140.06966,35.61075],[140.08391,35.5968],[140.11057,35.58954],[140.11606,35.5692],[140.09682,35.5664],[140.08703,35.54007],[140.07385,35.55001],[140.06131,35.54373],[140.00653,35.47932],[139.9891,35.46986],[139.96572,35.46854],[139.95109,35.45614],[139.94873,35.44216],[139.92177,35.43989],[139.90328,35.43147],[139.89743,35.41229],[139.91095,35.38071],[139.88271,35.36128],[139.84593,35.37534],[139.83777,35.35894],[139.82297,35.34445],[139.82882,35.33673],[139.8165,35.32403],[139.81506,35.30552],[139.84221,35.29413],[139.85284,35.28489],[139.84705,35.27166],[139.86437,35.25417],[139.87069,35.23067],[139.86671,35.21938],[139.84866,35.21294],[139.82404,35.19777],[139.81706,35.1857],[139.81783,35.15446],[139.82526,35.1527],[139.83895,35.12941],[139.82469,35.11339],[139.83757,35.09844],[139.84188,35.08291],[139.82148,35.07222],[139.8277,35.05232],[139.8231,35.03751],[139.84915,35.02535],[139.85804,35.01102],[139.85548,34.99043],[139.82898,34.99092],[139.82143,34.97917],[139.7969,34.97381],[139.75529,34.97662],[139.75345,34.96535],[139.77133,34.95467],[139.7797,34.95611],[139.8159,34.94096],[139.82745,34.92725],[139.82421,34.91114],[139.84557,34.90287],[139.86521,34.90699],[139.8868,34.9028],[139.91651,34.90644],[139.94161,34.91774],[139.96365,34.94229],[139.96074,34.96767],[139.97879,35.00837],[139.99958,35.02907],[140.01715,35.03559],[140.02801,35.04659],[140.05514,35.0591],[140.07529,35.05754],[140.09947,35.07981],[140.10517,35.10194],[140.13442,35.12169],[140.15158,35.11703],[140.17293,35.12003],[140.19024,35.12714],[140.19576,35.11625],[140.23251,35.11514],[140.23435,35.12185],[140.25787,35.13795],[140.28585,35.13421],[140.29721,35.15053],[140.3252,35.13966],[140.33514,35.16676],[140.34927,35.18014],[140.37447,35.17965],[140.39369,35.20269],[140.39223,35.21064],[140.40486,35.23722],[140.40006,35.26944],[140.41449,35.30433],[140.41331,35.31422],[140.39523,35.33478],[140.39094,35.37183],[140.39514,35.413],[140.41288,35.46558],[140.4303,35.49818],[140.44755,35.52208],[140.49551,35.57622],[140.55547,35.62535],[140.6182,35.66891],[140.6442,35.68332],[140.69252,35.69941],[140.71456,35.70043],[140.72404,35.69364],[140.75012,35.69322],[140.77096,35.70119],[140.81627,35.71324],[140.83804,35.71086],[140.84677,35.69732],[140.86159,35.69502],[140.8707,35.73334],[140.85197,35.74467],[140.82532,35.76048],[140.77981,35.81618],[140.74192,35.8671],[140.74167,35.87408],[140.70788,35.92136],[140.69391,35.92882],[140.701,35.93782],[140.6849,35.96443],[140.67057,35.97287],[140.65811,35.99246],[140.60377,36.09714],[140.58368,36.14604],[140.57444,36.17513],[140.56331,36.2214],[140.55818,36.2731],[140.56054,36.29167],[140.5774,36.3107],[140.59279,36.31908],[140.59659,36.3417],[140.62107,36.35963],[140.62732,36.37716],[140.61173,36.39915],[140.61003,36.4313],[140.6272,36.4312],[140.62733,36.44146],[140.61028,36.44356],[140.611,36.47498],[140.63326,36.5093],[140.6334,36.52121],[140.65284,36.57294],[140.68021,36.61499],[140.68944,36.6209],[140.69667,36.64896],[140.71583,36.66245],[140.71659,36.69386],[140.7291,36.71681],[140.72977,36.73893],[140.74654,36.78042],[140.76849,36.81833],[140.8024,36.8394],[140.79339,36.85921],[140.7896,36.87282],[140.80044,36.89391],[140.8266,36.91273],[140.84081,36.90952],[140.85426,36.92014],[140.88049,36.92771],[140.90765,36.94543],[140.9152,36.93643],[140.96508,36.96975],[140.96802,36.98412],[140.98197,36.9947],[140.97272,37.02262],[140.97386,37.05512],[140.98272,37.08928],[140.9993,37.11077],[140.99901,37.13833],[141.00324,37.15246],[140.99949,37.17177],[141.0025,37.2004],[141.01237,37.22835],[141.0139,37.26058],[141.02389,37.29552],[141.02527,37.32479],[141.03569,37.36801],[141.03338,37.40585],[141.03797,37.45379],[141.03684,37.47077],[141.04201,37.48323],[141.03045,37.5288],[141.02489,37.58344],[141.02705,37.60317],[141.02276,37.61525],[141.02225,37.66428],[141.01121,37.68843],[141.0122,37.73282],[141.00803,37.74969],[140.99095,37.76778],[140.98632,37.7973],[140.9859,37.82387],[140.95971,37.83295],[140.93327,37.88058],[140.93101,37.89617],[140.92357,37.91275],[140.91542,37.96284],[140.91593,38.00595],[140.92274,38.03455],[140.92206,38.05013],[140.93045,38.09956],[140.93884,38.12562],[140.96317,38.17356],[140.96772,38.19098],[140.99085,38.22402],[141.02228,38.26433],[141.02497,38.27107],[141.06339,38.28299],[141.06938,38.29259],[141.08466,38.29286],[141.0764,38.31957],[141.04125,38.31131],[141.05218,38.33181],[141.03758,38.34342],[141.06512,38.35085],[141.06127,38.36178],[141.07436,38.37786],[141.08754,38.38168],[141.1072,38.37497],[141.11485,38.38202],[141.13778,38.37162],[141.13222,38.36018],[141.15864,38.35972],[141.17391,38.37557],[141.23027,38.40095],[141.25833,38.40826],[141.28605,38.409],[141.30632,38.4148],[141.31506,38.41132],[141.35657,38.41416],[141.36898,38.40741],[141.36655,38.3861],[141.39019,38.38631],[141.40245,38.39929],[141.42271,38.38468],[141.43736,38.38214],[141.44062,38.3651],[141.42988,38.36476],[141.42447,38.34646],[141.44823,38.35065],[141.46514,38.34118],[141.4741,38.32929],[141.45115,38.31752],[141.46702,38.30595],[141.4895,38.30884],[141.50902,38.29671],[141.51031,38.27815],[141.52377,38.27864],[141.52811,38.29858],[141.53695,38.30081],[141.54063,38.31668],[141.52466,38.32574],[141.53436,38.33935],[141.52441,38.34744],[141.5149,38.36877],[141.48589,38.36905],[141.4846,38.38],[141.50185,38.38278],[141.51185,38.39157],[141.5362,38.38724],[141.53871,38.40081],[141.51389,38.39292],[141.50087,38.4034],[141.47449,38.41341],[141.46333,38.4333],[141.46614,38.44097],[141.50167,38.44357],[141.49288,38.4601],[141.47954,38.46329],[141.49819,38.47785],[141.48688,38.50188],[141.49411,38.51145],[141.5119,38.51313],[141.51685,38.49258],[141.53053,38.48881],[141.53478,38.50818],[141.54628,38.52373],[141.51259,38.54119],[141.50641,38.53324],[141.48647,38.53984],[141.48095,38.55888],[141.46287,38.56134],[141.45857,38.57847],[141.48767,38.58402],[141.50858,38.60214],[141.52503,38.61093],[141.52848,38.63747],[141.47672,38.64515],[141.44291,38.64368],[141.45774,38.6701],[141.49006,38.6896],[141.51714,38.69505],[141.52808,38.71702],[141.55773,38.70575],[141.55866,38.72333],[141.56582,38.73725],[141.53739,38.73976],[141.52926,38.75855],[141.51287,38.76875],[141.52041,38.78846],[141.55627,38.80423],[141.55906,38.81252],[141.57766,38.81357],[141.5775,38.82322],[141.59277,38.83316],[141.58341,38.84849],[141.59371,38.88975],[141.60451,38.87998],[141.6302,38.89608],[141.64749,38.88002],[141.64999,38.87023],[141.67463,38.85817],[141.66274,38.88237],[141.66293,38.89363],[141.65102,38.90302],[141.65064,38.91709],[141.63135,38.95426],[141.63172,38.9707],[141.6221,38.99391],[141.64026,39.00698],[141.67006,39.00513],[141.6779,39.00052],[141.66612,38.98175],[141.68851,38.96496],[141.70005,38.93892],[141.72637,38.95533],[141.72291,38.96341],[141.69826,38.97599],[141.7245,38.9895],[141.73914,38.98854],[141.73099,39.01438],[141.71004,39.02342],[141.7249,39.04073],[141.73263,39.02298],[141.74952,39.01979],[141.79448,39.03196],[141.81934,39.02329],[141.84978,39.02801],[141.84945,39.03708],[141.81783,39.04928],[141.82361,39.05791],[141.84896,39.05832],[141.87281,39.06801],[141.84426,39.07641],[141.82525,39.07458],[141.81269,39.08644],[141.80953,39.10217],[141.82077,39.11376],[141.83875,39.10369],[141.86001,39.104],[141.87461,39.09308],[141.88954,39.08926],[141.90849,39.10945],[141.90535,39.11698],[141.8766,39.11678],[141.8699,39.13182],[141.837,39.14454],[141.84154,39.15256],[141.88736,39.15576],[141.91503,39.17222],[141.91531,39.18657],[141.88978,39.18181],[141.86916,39.19664],[141.87066,39.20703],[141.89346,39.19982],[141.92973,39.22227],[141.95441,39.22235],[141.93824,39.24819],[141.9244,39.23871],[141.91331,39.24077],[141.89894,39.25816],[141.90626,39.27154],[141.92772,39.26699],[141.92579,39.28544],[141.90506,39.29096],[141.90349,39.30882],[141.94069,39.30924],[141.94538,39.31593],[141.97024,39.31299],[141.98255,39.339],[141.95578,39.34036],[141.93941,39.32887],[141.92331,39.33277],[141.90504,39.32593],[141.89774,39.33832],[141.91456,39.34522],[141.91946,39.35537],[141.93717,39.35018],[141.95744,39.35599],[141.96542,39.36934],[141.94524,39.37169],[141.93799,39.38482],[141.97438,39.42234],[141.98392,39.40839],[142.00512,39.41092],[142.00797,39.42481],[142.0312,39.41612],[142.04404,39.42736],[142.03857,39.44674],[142.06032,39.46883],[142.04264,39.48306],[142.0089,39.46486],[142.00234,39.45502],[141.97951,39.43897],[141.96334,39.44759],[141.95426,39.46667],[141.95593,39.47512],[141.99133,39.48366],[142.01242,39.47983],[142.00906,39.49448],[142.02338,39.50276],[142.02913,39.52209],[142.03766,39.53159],[142.06329,39.53365],[142.07188,39.54521],[142.06745,39.56272],[142.05756,39.57432],[142.03367,39.5739],[142.02345,39.61356],[142.02781,39.64707],[142.01633,39.65409],[141.95783,39.58575],[141.94529,39.59863],[141.96362,39.61114],[141.964,39.63897],[141.98085,39.64493],[141.97145,39.66167],[141.98526,39.68688],[141.97195,39.70075],[141.98623,39.71342],[141.98606,39.73784],[141.99218,39.75265],[141.98974,39.76709],[141.99739,39.77299],[141.98322,39.80335],[141.99056,39.82003],[141.97449,39.84632],[141.97881,39.86415],[141.97086,39.8849],[141.95519,39.89113],[141.94987,39.9084],[141.93973,39.9196],[141.94307,39.94369],[141.9592,39.95277],[141.95589,39.98357],[141.93532,40.00969],[141.9159,40.00798],[141.89951,40.01517],[141.87851,40.0471],[141.85004,40.05679],[141.83316,40.07479],[141.82566,40.10133],[141.8289,40.11333],[141.8487,40.13478],[141.86279,40.13202],[141.87585,40.14346],[141.85991,40.16407],[141.83129,40.17902],[141.80165,40.18422],[141.79866,40.2017],[141.80745,40.21537],[141.83081,40.22087],[141.83211,40.23379],[141.81613,40.2718],[141.79888,40.29022],[141.78577,40.31428],[141.77511,40.32038],[141.77141,40.34534],[141.75444,40.35553],[141.7551,40.36789],[141.72128,40.39831],[141.71334,40.41995],[141.70461,40.42286],[141.68259,40.45026],[141.64918,40.47021],[141.63356,40.48423],[141.63156,40.49375],[141.61114,40.5063],[141.60861,40.51396],[141.58776,40.52218],[141.57599,40.54292],[141.56609,40.543],[141.55344,40.53063],[141.53456,40.52718],[141.50285,40.54294],[141.50012,40.55677],[141.48236,40.56887],[141.47011,40.58936],[141.44789,40.63882],[141.4361,40.67825],[141.42812,40.69525],[141.40717,40.78732],[141.39758,40.84785],[141.39114,40.91046],[141.38696,40.92423],[141.38489,41.00948],[141.39145,41.0735],[141.39841,41.10043],[141.38845,41.15393],[141.39091,41.17846],[141.40354,41.22274],[141.40494,41.23853],[141.44239,41.35734],[141.45922,41.37918],[141.45322,41.39442],[141.46334,41.4033],[141.45654,41.42498],[141.4041,41.38415],[141.38785,41.37574],[141.33429,41.35624],[141.29686,41.35045],[141.26358,41.35605],[141.21016,41.37636],[141.1932,41.38669],[141.14636,41.43065],[141.12743,41.44212],[141.1068,41.46571],[141.09403,41.46788],[141.05838,41.48314],[141.00274,41.48553],[140.9721,41.49995],[140.95258,41.52198],[140.92415,41.5346],[140.8988,41.52392],[140.90957,41.50355],[140.89842,41.47663],[140.8661,41.44643],[140.86665,41.43651],[140.83522,41.41573],[140.82713,41.38649],[140.82035,41.34614],[140.79885,41.3208],[140.80625,41.31415],[140.79887,41.30135],[140.79574,41.27887],[140.7799,41.25336],[140.78502,41.23011],[140.77894,41.20752],[140.7642,41.19523],[140.76878,41.16483],[140.76426,41.14784],[140.78316,41.13128],[140.81149,41.12765],[140.82534,41.14538],[140.84861,41.15863],[140.877,41.16689],[140.88974,41.16349],[140.91219,41.17511],[140.94519,41.17386],[140.96394,41.19102],[140.98253,41.19898],[141.00957,41.19752],[141.0347,41.185],[141.05816,41.18344],[141.0721,41.19871],[141.1015,41.21352],[141.11335,41.21335],[141.1441,41.23423],[141.13846,41.24693],[141.16004,41.27819],[141.18789,41.27699],[141.19827,41.27204],[141.23384,41.24137],[141.25969,41.20566],[141.27906,41.15834],[141.27227,41.1348],[141.2549,41.12066],[141.24647,41.10464],[141.24208,41.08327],[141.24279,41.0617],[141.23743,41.02192],[141.21973,40.96847],[141.20283,40.93718],[141.17685,40.90317],[141.14884,40.87927],[141.13209,40.87261],[141.10333,40.87246],[141.08287,40.88746],[141.06424,40.91334],[141.04334,40.91483],[141.0206,40.92985],[140.99753,40.93696],[140.97855,40.93312],[140.98211,40.96138],[140.96119,40.97342],[140.93916,40.99514],[140.92355,40.99281],[140.90316,41.00791],[140.88011,41.00811],[140.86934,40.97744],[140.85997,40.97165],[140.85898,40.95603],[140.86719,40.9416],[140.86986,40.9153],[140.84482,40.87275],[140.82233,40.86089],[140.80173,40.83935],[140.78039,40.83188],[140.75957,40.83467],[140.73809,40.82999],[140.69191,40.86041],[140.67693,40.88946],[140.67446,40.90588],[140.65877,40.95644],[140.65563,40.98699],[140.64697,41.02669],[140.64554,41.04891],[140.63875,41.06194],[140.63165,41.10143],[140.63387,41.13323],[140.64374,41.1724],[140.6323,41.1916],[140.61785,41.19697],[140.60666,41.21226],[140.57903,41.2224],[140.555,41.22436],[140.53863,41.21786],[140.52692,41.22119],[140.51945,41.20535],[140.49099,41.18609],[140.46804,41.18178],[140.43251,41.19588],[140.4264,41.20766],[140.40662,41.21898],[140.39667,41.23451],[140.37508,41.24744],[140.34643,41.25888],[140.32897,41.21914],[140.33452,41.20498],[140.33376,41.17998],[140.32159,41.14783],[140.30337,41.13131],[140.27755,41.13925],[140.25047,41.13107],[140.25686,41.12112],[140.28839,41.11945],[140.31946,41.09271],[140.32411,41.05572],[140.31935,41.00199],[140.31322,40.96501],[140.29883,40.90581],[140.28475,40.86387],[140.25791,40.81081],[140.2394,40.78933],[140.2138,40.77901],[140.19153,40.78265],[140.14234,40.75024],[140.11174,40.74176],[140.08911,40.75632],[140.06531,40.76683],[140.03403,40.76046],[140.02568,40.7502],[140.00702,40.74462],[139.99418,40.73239],[139.97912,40.70278],[139.96782,40.69888],[139.96615,40.68678],[139.95084,40.67045],[139.93903,40.66822],[139.9362,40.65453],[139.92261,40.64436],[139.90176,40.64543],[139.88536,40.62923],[139.86095,40.61598],[139.86204,40.59496],[139.86857,40.58444],[139.89927,40.58245],[139.91843,40.58579],[139.94018,40.55269],[139.94751,40.52405],[139.9499,40.49377],[139.93631,40.4282]]],[[[141.94119,45.52146],[141.91256,45.51753],[141.89349,45.50894],[141.87915,45.49458],[141.87355,45.46971],[141.87831,45.46092],[141.86354,45.43946],[141.83841,45.4221],[141.79561,45.40653],[141.77078,45.40393],[141.7458,45.41326],[141.74034,45.40101],[141.70651,45.39675],[141.70269,45.40526],[141.67712,45.41062],[141.66989,45.43113],[141.64767,45.44905],[141.63423,45.42057],[141.63802,45.39132],[141.65688,45.36998],[141.65705,45.3593],[141.64392,45.334],[141.61548,45.31066],[141.61992,45.29521],[141.60897,45.27224],[141.57395,45.2387],[141.56844,45.2051],[141.5728,45.18697],[141.59107,45.14677],[141.64917,45.05545],[141.69771,44.9701],[141.71801,44.92974],[141.7372,44.88565],[141.76551,44.80132],[141.78276,44.72823],[141.7919,44.66161],[141.79252,44.63949],[141.78739,44.58672],[141.78245,44.57168],[141.76746,44.55572],[141.76316,44.53085],[141.76434,44.51068],[141.76062,44.47239],[141.74866,44.43583],[141.73615,44.41536],[141.70953,44.39141],[141.70696,44.37796],[141.69213,44.36624],[141.67878,44.33272],[141.6617,44.31561],[141.64702,44.31211],[141.64762,44.2921],[141.65799,44.24216],[141.65479,44.22567],[141.65831,44.16178],[141.65321,44.14249],[141.6621,44.07841],[141.66227,44.02342],[141.6508,43.99757],[141.64138,43.9612],[141.62683,43.92097],[141.6169,43.91443],[141.59741,43.88433],[141.58217,43.87264],[141.54655,43.86048],[141.53734,43.85183],[141.51927,43.85889],[141.50981,43.85518],[141.49357,43.8362],[141.4575,43.83573],[141.38138,43.80175],[141.36846,43.78443],[141.36245,43.76281],[141.35102,43.75484],[141.33009,43.72546],[141.33107,43.7076],[141.34952,43.66753],[141.35222,43.6412],[141.36553,43.61743],[141.38278,43.60456],[141.385,43.58246],[141.37902,43.56397],[141.3602,43.53665],[141.3595,43.51853],[141.37443,43.49149],[141.39216,43.47687],[141.42874,43.41689],[141.43167,43.38912],[141.42478,43.37027],[141.42848,43.36092],[141.42135,43.34182],[141.42342,43.32813],[141.3968,43.29639],[141.33026,43.23134],[141.30459,43.20987],[141.29397,43.20757],[141.26434,43.19055],[141.26223,43.18374],[141.20648,43.15802],[141.16214,43.14394],[141.12593,43.15501],[141.08878,43.17127],[141.05767,43.1794],[141.02297,43.18481],[141.00194,43.20662],[141.01476,43.21278],[141.01583,43.23897],[140.97852,43.23929],[140.95476,43.22922],[140.91847,43.22268],[140.91352,43.2108],[140.86749,43.2074],[140.84964,43.19873],[140.81134,43.19376],[140.79082,43.19534],[140.77413,43.20537],[140.7772,43.22447],[140.73968,43.23356],[140.71752,43.24902],[140.69593,43.2507],[140.64618,43.26287],[140.63642,43.2749],[140.63003,43.29467],[140.60684,43.29568],[140.57893,43.31045],[140.52555,43.35879],[140.51151,43.3573],[140.50343,43.3702],[140.4828,43.37569],[140.46808,43.36531],[140.45945,43.34428],[140.42404,43.32888],[140.40901,43.33278],[140.38164,43.32938],[140.3599,43.33161],[140.35517,43.30169],[140.34096,43.2664],[140.33237,43.25955],[140.33413,43.24613],[140.32473,43.22104],[140.33819,43.21152],[140.35897,43.18042],[140.42201,43.14551],[140.46507,43.08876],[140.48575,43.07597],[140.49515,43.06459],[140.51274,43.0311],[140.52906,43.02843],[140.52904,43.00599],[140.51899,42.98858],[140.47303,42.96786],[140.44263,42.9516],[140.41589,42.94153],[140.37593,42.90102],[140.37764,42.89748],[140.34658,42.85765],[140.30883,42.83098],[140.30367,42.81275],[140.31007,42.79512],[140.30443,42.77745],[140.26628,42.76745],[140.24594,42.7682],[140.23813,42.79228],[140.22176,42.80583],[140.20471,42.80948],[140.18697,42.8267],[140.16078,42.79464],[140.14698,42.77117],[140.14427,42.75456],[140.11879,42.74625],[140.06884,42.72339],[140.06299,42.70448],[140.02963,42.68781],[140.00193,42.68655],[139.98906,42.6921],[139.95657,42.68804],[139.92528,42.68816],[139.89841,42.67978],[139.86846,42.6656],[139.84258,42.62672],[139.82626,42.61866],[139.82326,42.59495],[139.83305,42.57403],[139.83619,42.55298],[139.84657,42.52563],[139.8426,42.51166],[139.84884,42.49332],[139.84642,42.47943],[139.85294,42.46572],[139.84447,42.44373],[139.84606,42.43238],[139.836,42.40552],[139.81466,42.37441],[139.79614,42.3563],[139.78101,42.35286],[139.77234,42.32941],[139.76714,42.30249],[139.78575,42.27499],[139.77494,42.26196],[139.77926,42.25092],[139.7998,42.22889],[139.81215,42.22906],[139.85344,42.21642],[139.86377,42.21901],[139.88065,42.20779],[139.88227,42.19094],[139.89615,42.17495],[139.92489,42.13291],[139.94802,42.12932],[139.99157,42.12776],[140.02359,42.11457],[140.05729,42.08261],[140.07202,42.05442],[140.09616,42.03289],[140.10593,42.01315],[140.11919,42.00396],[140.1273,41.9797],[140.141,41.91441],[140.13889,41.89405],[140.13126,41.87224],[140.12008,41.86664],[140.12641,41.85531],[140.12385,41.82795],[140.10879,41.80494],[140.0839,41.80945],[140.07321,41.79883],[140.07054,41.76744],[140.0554,41.74294],[140.00849,41.6911],[140.00258,41.6519],[139.98209,41.60043],[139.99149,41.54338],[140.01689,41.49921],[140.02752,41.46265],[140.07487,41.42441],[140.11367,41.42693],[140.1279,41.43077],[140.15941,41.42202],[140.1809,41.40397],[140.19405,41.3984],[140.21607,41.41008],[140.22077,41.42529],[140.23704,41.44132],[140.25815,41.48015],[140.30077,41.49141],[140.33657,41.50698],[140.37439,41.51645],[140.38492,41.51496],[140.4123,41.5216],[140.4331,41.54166],[140.43657,41.55874],[140.42912,41.57479],[140.42895,41.60665],[140.43317,41.65048],[140.44184,41.6811],[140.46206,41.69738],[140.51898,41.70162],[140.562,41.72811],[140.6018,41.74268],[140.60435,41.76251],[140.62063,41.78748],[140.62268,41.80512],[140.65512,41.82104],[140.68247,41.82118],[140.70183,41.81537],[140.72662,41.79083],[140.72417,41.77372],[140.70599,41.774],[140.69264,41.76447],[140.70402,41.73998],[140.73812,41.76847],[140.76317,41.77381],[140.78997,41.77322],[140.83604,41.75896],[140.85318,41.75994],[140.92716,41.7384],[140.94127,41.73047],[140.95083,41.71543],[140.9683,41.7101],[140.9919,41.71715],[141.00657,41.71541],[141.07481,41.74295],[141.10805,41.784],[141.12675,41.78902],[141.15598,41.78464],[141.18598,41.80243],[141.18742,41.80889],[141.14626,41.83218],[141.1435,41.84773],[141.13396,41.85816],[141.10688,41.87503],[141.07781,41.886],[141.03298,41.89539],[141.01985,41.89164],[140.96119,41.91524],[140.94936,41.93293],[140.93343,41.94308],[140.92824,41.95887],[140.91425,41.96911],[140.90864,41.98316],[140.87545,42.00696],[140.85309,42.01357],[140.82145,42.03418],[140.80325,42.05787],[140.80226,42.07703],[140.7878,42.0771],[140.76975,42.09094],[140.762,42.11406],[140.70471,42.13742],[140.68851,42.12596],[140.65443,42.12819],[140.61526,42.11486],[140.57937,42.10821],[140.5511,42.11298],[140.51444,42.12937],[140.49787,42.14748],[140.46299,42.16611],[140.43394,42.19097],[140.41049,42.20106],[140.38768,42.22225],[140.3482,42.22483],[140.29562,42.24396],[140.28445,42.25625],[140.27617,42.27942],[140.27718,42.32054],[140.295,42.37801],[140.32868,42.44232],[140.35737,42.48453],[140.39879,42.5318],[140.44139,42.56752],[140.47587,42.58905],[140.49327,42.58379],[140.51611,42.58926],[140.53845,42.58706],[140.55225,42.57789],[140.58178,42.56702],[140.59049,42.57264],[140.63846,42.58522],[140.69544,42.58655],[140.70863,42.58259],[140.74519,42.55712],[140.7586,42.55118],[140.77751,42.52895],[140.78328,42.50092],[140.79849,42.4999],[140.84054,42.47025],[140.86246,42.4655],[140.88064,42.44976],[140.89584,42.42706],[140.90524,42.40113],[140.90867,42.37684],[140.93636,42.36334],[140.98227,42.35622],[140.98418,42.3268],[140.95063,42.3452],[140.93191,42.33826],[140.94351,42.31918],[141.00203,42.30099],[141.01277,42.32175],[141.05291,42.35787],[141.07652,42.3818],[141.10213,42.4021],[141.15561,42.44025],[141.16545,42.43953],[141.18938,42.45269],[141.20596,42.45336],[141.28034,42.50239],[141.31654,42.52041],[141.33978,42.53708],[141.41795,42.5747],[141.46181,42.59251],[141.52922,42.61283],[141.62423,42.63035],[141.71652,42.62741],[141.75946,42.62081],[141.78372,42.61311],[141.80111,42.60164],[141.81719,42.60565],[141.90381,42.57743],[141.9186,42.56004],[141.95604,42.5389],[141.98197,42.51604],[142.01546,42.49921],[142.0273,42.48508],[142.07108,42.47743],[142.07907,42.4698],[142.14115,42.466],[142.1694,42.45916],[142.19423,42.44795],[142.22489,42.4175],[142.26604,42.39056],[142.27795,42.37593],[142.33697,42.34351],[142.36226,42.33378],[142.37048,42.3243],[142.40651,42.30855],[142.43863,42.30633],[142.47599,42.27426],[142.49538,42.26559],[142.5074,42.26706],[142.54379,42.2509],[142.58516,42.24316],[142.61543,42.22523],[142.62839,42.22259],[142.67068,42.19152],[142.72398,42.18411],[142.73261,42.1778],[142.76088,42.17439],[142.77534,42.16009],[142.81444,42.14172],[142.84101,42.14054],[142.87591,42.13228],[142.90903,42.13219],[142.96605,42.11777],[142.97827,42.10174],[142.99822,42.09404],[143.0088,42.08306],[143.06171,42.06525],[143.09545,42.05],[143.13426,42.02784],[143.16092,41.9968],[143.16359,41.98273],[143.1953,41.9585],[143.21535,41.95134],[143.24178,41.92685],[143.24431,41.96633],[143.25948,42.00386],[143.276,42.0227],[143.28899,42.0279],[143.2941,42.04303],[143.31219,42.05443],[143.30813,42.08014],[143.32123,42.11324],[143.31679,42.12277],[143.32275,42.15679],[143.33312,42.1746],[143.33589,42.20178],[143.31896,42.21261],[143.32076,42.22342],[143.30821,42.2435],[143.31005,42.26108],[143.33259,42.30263],[143.32598,42.30766],[143.35592,42.36623],[143.39382,42.4233],[143.45866,42.50631],[143.48436,42.53083],[143.52146,42.5708],[143.57756,42.62421],[143.63173,42.66991],[143.69962,42.71985],[143.80298,42.79205],[143.84903,42.8285],[143.8951,42.85993],[143.92869,42.88016],[143.98587,42.91105],[144.03877,42.93753],[144.08025,42.95333],[144.08893,42.95249],[144.14438,42.9766],[144.18146,42.98781],[144.22619,42.99709],[144.27427,43.00384],[144.30454,43.00153],[144.34059,42.99389],[144.35985,42.99528],[144.37173,42.98563],[144.37457,42.96747],[144.38936,42.96911],[144.39836,42.96025],[144.42298,42.95246],[144.43938,42.95209],[144.45036,42.94375],[144.48561,42.93939],[144.53184,42.95111],[144.55145,42.94676],[144.57146,42.95075],[144.59474,42.94903],[144.63059,42.95141],[144.67315,42.94043],[144.73722,42.93352],[144.7733,42.93376],[144.77458,42.94214],[144.74835,42.95528],[144.72443,42.97376],[144.72388,42.99036],[144.74525,43.02321],[144.77713,43.05109],[144.80266,43.05891],[144.82899,43.05757],[144.85432,43.04873],[144.83609,43.03387],[144.83842,43.02406],[144.88085,42.98473],[144.90507,42.98949],[144.92542,42.98468],[144.9736,42.98154],[144.99562,42.99379],[145.02443,43.00019],[145.02383,43.01958],[145.03163,43.02962],[145.05032,43.0309],[145.05847,43.03883],[145.08582,43.04491],[145.08708,43.06549],[145.11447,43.08501],[145.10972,43.0987],[145.11267,43.12046],[145.12202,43.13216],[145.14138,43.1426],[145.1672,43.14993],[145.18342,43.1404],[145.20239,43.1363],[145.22449,43.14196],[145.24421,43.1572],[145.29446,43.17283],[145.31625,43.16748],[145.34086,43.17837],[145.42123,43.18788],[145.47609,43.18867],[145.50739,43.18333],[145.52873,43.1861],[145.5329,43.21144],[145.55647,43.21885],[145.55308,43.23491],[145.55789,43.26122],[145.56778,43.27801],[145.58049,43.28539],[145.59636,43.28385],[145.60959,43.31039],[145.63838,43.32098],[145.67648,43.31959],[145.71593,43.33675],[145.75491,43.33876],[145.80061,43.36209],[145.80822,43.38797],[145.78565,43.38625],[145.76101,43.39226],[145.75605,43.39883],[145.72131,43.38312],[145.69785,43.38369],[145.66238,43.39274],[145.65067,43.39147],[145.62328,43.36307],[145.59894,43.35516],[145.58248,43.34483],[145.57442,43.33224],[145.54087,43.31223],[145.53236,43.31234],[145.51391,43.29614],[145.49284,43.26658],[145.43366,43.28538],[145.39643,43.29098],[145.38053,43.30538],[145.35767,43.31816],[145.32575,43.34163],[145.30868,43.35785],[145.29011,43.38211],[145.27071,43.41667],[145.26244,43.43835],[145.26109,43.4559],[145.24696,43.50012],[145.2457,43.52116],[145.23804,43.54019],[145.22207,43.55791],[145.22377,43.56708],[145.21118,43.58919],[145.19538,43.59947],[145.20172,43.60934],[145.19683,43.62278],[145.22148,43.62094],[145.23503,43.61494],[145.26694,43.61038],[145.28268,43.59205],[145.30721,43.60059],[145.33501,43.58986],[145.34086,43.57929],[145.34083,43.5715],[145.33261,43.56291],[145.30539,43.56512],[145.30268,43.55156],[145.32298,43.55009],[145.3448,43.55795],[145.34561,43.57997],[145.33768,43.58947],[145.32771,43.59585],[145.30222,43.60412],[145.2472,43.61467],[145.15747,43.64104],[145.13625,43.65336],[145.13198,43.66963],[145.09645,43.71802],[145.06895,43.74817],[145.05912,43.78588],[145.06108,43.80592],[145.08126,43.81887],[145.0923,43.8395],[145.09855,43.86135],[145.09392,43.88996],[145.11884,43.9235],[145.12986,43.9501],[145.15506,43.98251],[145.17804,43.99972],[145.18165,44.00822],[145.2049,44.02935],[145.22262,44.03715],[145.24504,44.06829],[145.24002,44.08921],[145.25557,44.1259],[145.26386,44.13819],[145.28276,44.14858],[145.32877,44.19135],[145.3375,44.21363],[145.34822,44.223],[145.34737,44.2413],[145.36172,44.25111],[145.36636,44.26444],[145.34876,44.29457],[145.34188,44.32493],[145.34428,44.33944],[145.329,44.34511],[145.31371,44.3332],[145.30633,44.31239],[145.28654,44.30291],[145.28099,44.29021],[145.22543,44.24793],[145.20886,44.21548],[145.19148,44.19502],[145.1548,44.18055],[145.12673,44.16564],[145.11882,44.15584],[145.04241,44.11083],[145.01931,44.10231],[145.01003,44.08617],[144.98979,44.06775],[144.97781,44.06549],[144.94597,44.0399],[144.93363,44.04091],[144.91475,44.00808],[144.88036,43.98545],[144.84871,43.97365],[144.83019,43.94939],[144.80565,43.94252],[144.79599,43.93191],[144.74541,43.92283],[144.66164,43.91676],[144.60378,43.91763],[144.53125,43.92363],[144.48049,43.93022],[144.39838,43.94613],[144.36589,43.95476],[144.32425,43.96948],[144.30016,43.98146],[144.28681,44.00404],[144.2889,44.01803],[144.27128,44.02474],[144.25485,44.03932],[144.26139,44.0571],[144.25208,44.06114],[144.25703,44.08631],[144.25008,44.10936],[144.22128,44.10252],[144.17904,44.10468],[144.12024,44.1162],[144.09933,44.1262],[144.06767,44.12434],[143.99989,44.13374],[143.9126,44.15049],[143.78916,44.18016],[143.69131,44.20819],[143.62949,44.22813],[143.51594,44.26775],[143.41147,44.30947],[143.36514,44.33748],[143.3567,44.35972],[143.34037,44.37203],[143.26608,44.40522],[143.23364,44.42192],[143.22689,44.43874],[143.21412,44.44058],[143.15203,44.47086],[143.09768,44.49913],[143.04805,44.52875],[142.99424,44.55773],[142.97603,44.57182],[142.95757,44.59305],[142.89307,44.65204],[142.87108,44.66214],[142.86264,44.67226],[142.79303,44.71703],[142.77267,44.73779],[142.73919,44.7598],[142.71942,44.78605],[142.70097,44.79857],[142.7024,44.80588],[142.68376,44.82058],[142.67487,44.83558],[142.66211,44.83843],[142.63236,44.88731],[142.61434,44.89372],[142.58635,44.92152],[142.58992,44.93959],[142.57947,44.94762],[142.57796,44.96157],[142.54488,44.98635],[142.53165,45.01231],[142.53217,45.02706],[142.5078,45.04001],[142.49853,45.05248],[142.48221,45.06143],[142.44071,45.09608],[142.41864,45.11097],[142.26327,45.24541],[142.16609,45.34211],[142.06324,45.39363],[142.04202,45.40891],[142.03514,45.42955],[142.0243,45.43675],[142.01879,45.45356],[141.99281,45.46265],[141.96976,45.48256],[141.96142,45.5105],[141.94119,45.52146]]],[[[130.41414,33.00231],[130.42997,32.98708],[130.43192,32.95951],[130.4399,32.93371],[130.43974,32.92086],[130.45702,32.90543],[130.47926,32.90387],[130.52322,32.8809],[130.52283,32.85335],[130.56492,32.84202],[130.57889,32.84148],[130.58185,32.82657],[130.59234,32.82395],[130.59577,32.81059],[130.61438,32.79266],[130.59845,32.77816],[130.60733,32.74256],[130.60368,32.73121],[130.60705,32.71299],[130.56792,32.6993],[130.55305,32.68671],[130.53793,32.665],[130.52391,32.66352],[130.49963,32.65413],[130.45273,32.6267],[130.46697,32.60464],[130.48601,32.61266],[130.50967,32.61156],[130.54104,32.62449],[130.57889,32.62155],[130.63668,32.63521],[130.65175,32.6425],[130.65669,32.61836],[130.64105,32.62342],[130.62325,32.62197],[130.61936,32.61504],[130.63396,32.60336],[130.61594,32.58838],[130.60866,32.59309],[130.58985,32.57623],[130.56243,32.53797],[130.54384,32.53824],[130.53115,32.52003],[130.56514,32.50544],[130.54683,32.5002],[130.5425,32.48454],[130.54923,32.47721],[130.56495,32.476],[130.56503,32.45602],[130.57307,32.44081],[130.55629,32.42346],[130.51164,32.38757],[130.4892,32.36635],[130.50761,32.35815],[130.4828,32.34201],[130.46624,32.32141],[130.4776,32.28696],[130.45845,32.29],[130.4505,32.27253],[130.43283,32.26349],[130.43141,32.24087],[130.39417,32.22744],[130.38672,32.21371],[130.37184,32.20135],[130.38022,32.19209],[130.36079,32.16861],[130.36294,32.15154],[130.35241,32.13589],[130.33699,32.12492],[130.31571,32.11692],[130.30939,32.10817],[130.28674,32.10928],[130.25084,32.12819],[130.22677,32.1288],[130.21133,32.12515],[130.17592,32.1059],[130.17155,32.07818],[130.1992,32.07703],[130.20756,32.05826],[130.2032,32.03828],[130.19099,32.02962],[130.19173,32.01787],[130.17938,32.01556],[130.17894,32.00101],[130.18867,31.98951],[130.20163,31.98443],[130.20868,31.97245],[130.22424,31.91072],[130.22125,31.89563],[130.20954,31.87154],[130.196,31.85742],[130.17319,31.80097],[130.16668,31.79491],[130.19877,31.75445],[130.21113,31.75614],[130.23947,31.73348],[130.26011,31.72174],[130.2622,31.70687],[130.27559,31.70508],[130.29918,31.6699],[130.31551,31.65866],[130.32917,31.62903],[130.33432,31.59947],[130.3337,31.56279],[130.32647,31.52569],[130.30725,31.47836],[130.29186,31.45312],[130.27144,31.42676],[130.23391,31.40979],[130.22523,31.40239],[130.18668,31.41032],[130.17085,31.42053],[130.16703,31.43493],[130.14549,31.42739],[130.13461,31.41671],[130.14977,31.38955],[130.1747,31.36638],[130.19051,31.36666],[130.20923,31.34817],[130.2064,31.33692],[130.18962,31.31659],[130.21476,31.32092],[130.22632,31.30566],[130.20302,31.29606],[130.20666,31.28245],[130.22047,31.27345],[130.22318,31.25397],[130.23935,31.25938],[130.25976,31.2564],[130.2752,31.24904],[130.28416,31.26742],[130.30693,31.2667],[130.31606,31.25727],[130.34106,31.25574],[130.3507,31.25093],[130.38756,31.25087],[130.40299,31.25355],[130.43108,31.24658],[130.4442,31.25262],[130.45954,31.25127],[130.48626,31.23713],[130.50276,31.22116],[130.51561,31.19842],[130.50825,31.19362],[130.50861,31.1751],[130.51811,31.16586],[130.54011,31.1671],[130.55376,31.17834],[130.56377,31.17609],[130.58578,31.16066],[130.58937,31.17374],[130.60137,31.1823],[130.62609,31.18096],[130.6404,31.1904],[130.64581,31.2025],[130.6296,31.21069],[130.65781,31.22039],[130.65,31.24466],[130.66655,31.26684],[130.62118,31.27663],[130.6071,31.29342],[130.59926,31.2925],[130.57538,31.30961],[130.56467,31.32249],[130.54611,31.37456],[130.55823,31.38609],[130.55008,31.39646],[130.53903,31.3908],[130.52758,31.40731],[130.51839,31.43798],[130.51549,31.46416],[130.51924,31.4715],[130.51365,31.49078],[130.53144,31.48426],[130.53313,31.50719],[130.54062,31.53514],[130.55884,31.54647],[130.56882,31.57025],[130.56281,31.59717],[130.57597,31.61536],[130.60231,31.63198],[130.60333,31.64513],[130.61318,31.66547],[130.60932,31.67989],[130.61417,31.69657],[130.66026,31.72857],[130.67323,31.72787],[130.68601,31.73498],[130.70592,31.7253],[130.71649,31.72529],[130.73043,31.70992],[130.79244,31.70302],[130.81129,31.68361],[130.82316,31.65972],[130.81841,31.64506],[130.80106,31.63193],[130.79597,31.61269],[130.78665,31.60357],[130.78731,31.58595],[130.76695,31.56356],[130.75218,31.55834],[130.72519,31.55734],[130.71096,31.56696],[130.71018,31.58016],[130.71798,31.58755],[130.71352,31.60052],[130.69214,31.62458],[130.66918,31.62741],[130.6425,31.6207],[130.62611,31.62039],[130.6112,31.60847],[130.60628,31.59739],[130.59109,31.58891],[130.59205,31.58098],[130.62767,31.55713],[130.63585,31.54644],[130.66538,31.55343],[130.68501,31.5457],[130.69836,31.55568],[130.70701,31.5412],[130.69517,31.50993],[130.69117,31.4892],[130.69933,31.46173],[130.72944,31.452],[130.75739,31.42237],[130.77659,31.38493],[130.77912,31.37321],[130.80293,31.33692],[130.8,31.32215],[130.79036,31.30544],[130.79494,31.2851],[130.78812,31.24869],[130.77288,31.23868],[130.76853,31.22603],[130.75367,31.21195],[130.75321,31.20321],[130.76676,31.18061],[130.74412,31.13145],[130.731,31.11681],[130.71408,31.11488],[130.70194,31.10208],[130.66788,31.08524],[130.65804,31.07135],[130.67813,31.06158],[130.67688,31.03405],[130.65669,31.00694],[130.68286,31.00387],[130.68853,31.0146],[130.70723,31.03134],[130.71876,31.03349],[130.7266,31.04579],[130.75253,31.06135],[130.77793,31.06606],[130.79799,31.08376],[130.83046,31.09378],[130.84479,31.08974],[130.87729,31.09883],[130.90021,31.11272],[130.91591,31.11345],[130.92872,31.12342],[130.96271,31.13837],[130.97867,31.15716],[130.97258,31.16651],[131.00328,31.1898],[131.00989,31.20497],[131.00648,31.21479],[131.01707,31.2283],[131.03584,31.22604],[131.06645,31.22792],[131.08003,31.24469],[131.111,31.26575],[131.1072,31.27565],[131.07617,31.27981],[131.07349,31.29149],[131.10734,31.3157],[131.09911,31.3322],[131.0758,31.34067],[131.06219,31.34139],[131.01612,31.3591],[131.01992,31.39409],[131.04096,31.4265],[131.0567,31.44293],[131.07816,31.45822],[131.09487,31.457],[131.10771,31.47401],[131.12156,31.4745],[131.16033,31.4619],[131.20658,31.45281],[131.22613,31.4319],[131.24259,31.42702],[131.23673,31.41458],[131.24595,31.38628],[131.26285,31.37939],[131.3103,31.39028],[131.31622,31.37285],[131.33654,31.3609],[131.35032,31.37185],[131.33561,31.3802],[131.33374,31.39847],[131.34301,31.41174],[131.36534,31.42064],[131.37096,31.42816],[131.37112,31.44911],[131.36277,31.45803],[131.36279,31.47188],[131.38886,31.48502],[131.38497,31.50274],[131.37372,31.50576],[131.3849,31.53242],[131.38088,31.55337],[131.39574,31.55739],[131.39944,31.5786],[131.40669,31.58189],[131.42311,31.60953],[131.45651,31.62459],[131.45273,31.63808],[131.4629,31.65285],[131.4609,31.66907],[131.45114,31.68141],[131.46821,31.68649],[131.45556,31.69685],[131.46795,31.72132],[131.46325,31.73399],[131.46791,31.7488],[131.48861,31.7855],[131.46989,31.79786],[131.45514,31.81681],[131.45178,31.83461],[131.45297,31.86144],[131.45786,31.89006],[131.46459,31.89613],[131.47245,31.94625],[131.51716,32.0804],[131.54014,32.13211],[131.54133,32.1494],[131.55264,32.17916],[131.56299,32.21743],[131.57537,32.24114],[131.57178,32.25306],[131.58505,32.29144],[131.60428,32.32599],[131.62831,32.34924],[131.62597,32.36504],[131.64458,32.40817],[131.68392,32.41846],[131.68189,32.4338],[131.65242,32.45156],[131.65198,32.46689],[131.65988,32.48358],[131.68031,32.47935],[131.69621,32.46948],[131.72645,32.49197],[131.71256,32.50111],[131.71259,32.51746],[131.68453,32.50917],[131.68803,32.52357],[131.68239,32.54039],[131.68933,32.56005],[131.70695,32.58541],[131.74237,32.59198],[131.76446,32.61631],[131.77315,32.6342],[131.76285,32.65867],[131.80177,32.68379],[131.81548,32.68693],[131.81684,32.70284],[131.82664,32.70656],[131.84296,32.69047],[131.85363,32.70259],[131.84582,32.70836],[131.85005,32.72189],[131.86165,32.73461],[131.87597,32.73354],[131.88571,32.74587],[131.87384,32.74917],[131.87971,32.76229],[131.86852,32.77482],[131.87301,32.78601],[131.89958,32.80216],[131.91991,32.78553],[131.93642,32.78444],[131.95417,32.80813],[131.96622,32.80221],[132.00787,32.82676],[132.00796,32.83685],[131.98644,32.84613],[131.98197,32.825],[131.95326,32.8403],[131.97599,32.86355],[132.00549,32.88914],[131.98891,32.89013],[131.9841,32.91349],[132.00847,32.92149],[132.01793,32.93108],[132.03506,32.93691],[132.06796,32.93686],[132.07113,32.948],[132.04404,32.94711],[132.01004,32.93274],[131.95936,32.9464],[131.93553,32.96176],[131.9266,32.9729],[131.9122,32.97432],[131.88962,32.99181],[131.9011,33.01016],[131.91922,33.02558],[131.92154,33.04493],[131.93178,33.05316],[131.98032,33.04661],[132.00672,33.06076],[131.98896,33.06835],[131.97466,33.06257],[131.96761,33.0715],[131.92842,33.06783],[131.88608,33.08329],[131.8681,33.0764],[131.86407,33.08948],[131.87949,33.1087],[131.89347,33.10698],[131.90061,33.11794],[131.88301,33.12187],[131.86881,33.13092],[131.8458,33.11496],[131.81559,33.12264],[131.8094,33.13814],[131.82856,33.15011],[131.82179,33.16215],[131.83293,33.18128],[131.85761,33.19598],[131.87724,33.22584],[131.87902,33.24421],[131.88923,33.244],[131.90304,33.26749],[131.88352,33.26524],[131.84165,33.24879],[131.80629,33.24206],[131.76955,33.24498],[131.75459,33.25235],[131.74677,33.24384],[131.73444,33.25669],[131.70523,33.27457],[131.69191,33.27943],[131.61428,33.26209],[131.58927,33.24565],[131.55147,33.25767],[131.53954,33.25749],[131.51262,33.26749],[131.49596,33.3298],[131.49891,33.36031],[131.52285,33.36744],[131.53895,33.36546],[131.54333,33.3549],[131.58496,33.34672],[131.59686,33.34978],[131.59806,33.3701],[131.64405,33.37533],[131.64664,33.39232],[131.63814,33.39888],[131.63558,33.42339],[131.66039,33.42262],[131.68647,33.40618],[131.70136,33.40595],[131.71128,33.43866],[131.72228,33.45089],[131.72717,33.4661],[131.73864,33.46495],[131.73893,33.49394],[131.72906,33.50092],[131.73912,33.53496],[131.74006,33.56278],[131.73365,33.58081],[131.7145,33.60453],[131.70103,33.61388],[131.69311,33.63997],[131.68403,33.63962],[131.6608,33.6698],[131.64704,33.66288],[131.63571,33.68227],[131.62455,33.67435],[131.60724,33.67863],[131.5864,33.69223],[131.53733,33.67989],[131.5151,33.66933],[131.49993,33.67131],[131.49522,33.65458],[131.46225,33.61919],[131.42397,33.5919],[131.42012,33.57323],[131.35811,33.57725],[131.33922,33.57333],[131.32058,33.58305],[131.29086,33.57905],[131.27337,33.58355],[131.25863,33.60336],[131.24535,33.61102],[131.23868,33.60139],[131.22224,33.60477],[131.20498,33.61692],[131.18557,33.61685],[131.16177,33.61646],[131.1447,33.62543],[131.12395,33.62632],[131.10008,33.61809],[131.08496,33.63464],[131.08035,33.64805],[131.06734,33.65881],[131.0483,33.69004],[131.03063,33.70547],[131.02108,33.73089],[131.00081,33.75728],[131.01772,33.76799],[131.01169,33.77749],[130.98785,33.79651],[131.00929,33.80795],[131.01177,33.81959],[130.98526,33.81026],[130.96656,33.8095],[130.95684,33.82935],[130.96038,33.83904],[130.97708,33.84154],[130.99345,33.85103],[131.00403,33.88954],[131.00141,33.92455],[131.02108,33.94187],[131.0201,33.96229],[131.00216,33.96988],[130.99224,33.96175],[130.97449,33.95907],[130.94624,33.93838],[130.93189,33.90784],[130.91709,33.8961],[130.90116,33.89076],[130.85503,33.92949],[130.82476,33.92052],[130.80743,33.93155],[130.7601,33.93393],[130.7526,33.94525],[130.72909,33.93437],[130.70166,33.93857],[130.68741,33.93443],[130.68239,33.92427],[130.66214,33.91335],[130.66324,33.90114],[130.62966,33.88326],[130.59098,33.87784],[130.56969,33.88033],[130.56268,33.89016],[130.52928,33.88787],[130.52823,33.87337],[130.51142,33.85687],[130.48796,33.85099],[130.47815,33.8279],[130.46579,33.81173],[130.452,33.81081],[130.44567,33.79485],[130.46108,33.78835],[130.47081,33.7742],[130.46882,33.7581],[130.4582,33.73617],[130.43217,33.71612],[130.42127,33.71842],[130.41628,33.70283],[130.39966,33.68724],[130.36728,33.66921],[130.34627,33.66188],[130.33935,33.65195],[130.359,33.64854],[130.36839,33.66512],[130.39846,33.67099],[130.40351,33.68109],[130.4305,33.68679],[130.42561,33.67496],[130.43448,33.66224],[130.40502,33.65217],[130.40545,33.62891],[130.39595,33.6102],[130.34685,33.59495],[130.31362,33.59806],[130.3119,33.58793],[130.2926,33.58012],[130.27294,33.58262],[130.25187,33.59666],[130.27507,33.60975],[130.24661,33.61169],[130.23182,33.61687],[130.22488,33.63208],[130.23711,33.64879],[130.21012,33.66745],[130.20658,33.64657],[130.1844,33.6326],[130.16745,33.63256],[130.15418,33.62112],[130.16196,33.61264],[130.14875,33.59666],[130.12802,33.58985],[130.11762,33.59159],[130.09212,33.58522],[130.10065,33.5636],[130.11968,33.5746],[130.135,33.56631],[130.14132,33.5499],[130.15565,33.56003],[130.1626,33.54892],[130.15389,33.53706],[130.13469,33.52866],[130.13307,33.51738],[130.11937,33.50778],[130.10322,33.51188],[130.04843,33.49523],[130.03903,33.47001],[130.03827,33.45315],[130.02665,33.44761],[129.99891,33.44679],[129.97072,33.45478],[129.95997,33.46872],[129.94771,33.47244],[129.94396,33.49303],[129.95833,33.50584],[129.95275,33.52968],[129.94594,33.52837],[129.89765,33.54924],[129.87324,33.53617],[129.85645,33.5332],[129.84883,33.51562],[129.83075,33.51979],[129.82964,33.50521],[129.83674,33.48722],[129.85722,33.46479],[129.84328,33.4449],[129.83494,33.45084],[129.83737,33.46427],[129.82661,33.47931],[129.80643,33.48566],[129.79378,33.47229],[129.78329,33.45068],[129.79143,33.44236],[129.81163,33.43514],[129.83315,33.41398],[129.84726,33.40579],[129.85998,33.40658],[129.87183,33.39363],[129.86657,33.37892],[129.84398,33.34862],[129.83049,33.33586],[129.84181,33.3234],[129.83108,33.30422],[129.79081,33.3404],[129.7931,33.35283],[129.78867,33.37158],[129.77653,33.37192],[129.77113,33.35448],[129.75464,33.36607],[129.73144,33.36107],[129.72222,33.35059],[129.70312,33.34717],[129.69668,33.35391],[129.67774,33.35306],[129.6678,33.38646],[129.64577,33.36482],[129.62744,33.36313],[129.61204,33.37376],[129.59516,33.37],[129.57808,33.38001],[129.56891,33.37105],[129.57733,33.36282],[129.57202,33.33128],[129.562,33.32489],[129.5753,33.30873],[129.59169,33.30427],[129.57618,33.27479],[129.55758,33.24727],[129.56662,33.2297],[129.56452,33.21795],[129.60117,33.21223],[129.61855,33.19487],[129.65147,33.19559],[129.6506,33.17372],[129.67076,33.16708],[129.68846,33.13648],[129.66121,33.1252],[129.6613,33.11247],[129.69769,33.11302],[129.71172,33.1177],[129.7094,33.13835],[129.70162,33.16324],[129.72376,33.16422],[129.72139,33.13744],[129.7399,33.1322],[129.7536,33.14483],[129.78506,33.14329],[129.79399,33.13839],[129.79792,33.13154],[129.79607,33.11116],[129.78793,33.1029],[129.8035,33.06774],[129.82804,33.06259],[129.8211,33.0528],[129.83309,33.04114],[129.83944,33.0564],[129.87491,33.06542],[129.89946,33.05046],[129.90429,33.03937],[129.92887,33.02773],[129.94574,33.01512],[129.94443,32.99875],[129.95009,32.98537],[129.93213,32.96607],[129.93021,32.92646],[129.95388,32.90514],[129.96479,32.88472],[129.9628,32.87596],[129.98958,32.85934],[129.99413,32.84188],[129.98088,32.84047],[129.94763,32.86216],[129.934,32.85754],[129.90384,32.87798],[129.87867,32.87436],[129.8795,32.86345],[129.86718,32.84644],[129.84383,32.84253],[129.8117,32.86485],[129.79982,32.86374],[129.80515,32.90771],[129.78351,32.90797],[129.78875,32.92349],[129.78332,32.94112],[129.79176,32.95208],[129.80237,32.93534],[129.79848,32.92206],[129.81317,32.92088],[129.81853,32.94735],[129.80839,32.965],[129.81807,32.97377],[129.81118,32.99952],[129.79672,33.00915],[129.77042,33.01306],[129.74936,32.9948],[129.74074,32.99215],[129.73378,33.00902],[129.74663,33.03833],[129.76,33.05191],[129.7359,33.06469],[129.72957,33.0755],[129.71095,33.08666],[129.67734,33.09929],[129.67272,33.07162],[129.66226,33.06107],[129.65918,33.03968],[129.64691,33.03705],[129.654,33.01128],[129.64575,32.9913],[129.62742,32.97918],[129.62942,32.95569],[129.64357,32.93208],[129.65238,32.93043],[129.67434,32.88455],[129.67728,32.8669],[129.70011,32.83357],[129.71838,32.83343],[129.71964,32.82245],[129.7394,32.80694],[129.74595,32.82212],[129.7755,32.81701],[129.77458,32.79841],[129.79117,32.7792],[129.79655,32.76506],[129.83146,32.73757],[129.81945,32.72314],[129.84745,32.7263],[129.84775,32.70606],[129.83331,32.69744],[129.81771,32.70629],[129.81096,32.69295],[129.79531,32.68461],[129.81661,32.67252],[129.80978,32.65588],[129.79186,32.63061],[129.79057,32.6147],[129.76719,32.59489],[129.74949,32.59194],[129.73732,32.57455],[129.7526,32.57461],[129.7636,32.58302],[129.78454,32.58262],[129.80451,32.5907],[129.83031,32.61294],[129.83498,32.6328],[129.86582,32.64361],[129.89606,32.66271],[129.90188,32.67979],[129.91033,32.68692],[129.91609,32.70938],[129.94306,32.72598],[129.95657,32.74297],[129.94694,32.75528],[129.95834,32.76516],[129.98169,32.76284],[129.99091,32.75369],[130.02403,32.75837],[130.05466,32.78001],[130.08349,32.79448],[130.12435,32.7878],[130.1442,32.79608],[130.17906,32.79456],[130.19313,32.78296],[130.18614,32.77526],[130.19499,32.75558],[130.20784,32.75277],[130.20821,32.73334],[130.19897,32.71775],[130.1601,32.69407],[130.15442,32.6829],[130.13257,32.68148],[130.12745,32.65029],[130.12957,32.64084],[130.14893,32.63318],[130.16971,32.61933],[130.18112,32.59274],[130.1955,32.60415],[130.21809,32.60538],[130.23815,32.62655],[130.24769,32.62566],[130.27349,32.65408],[130.3005,32.65134],[130.34838,32.6743],[130.35755,32.69511],[130.34576,32.7081],[130.37655,32.73998],[130.3709,32.76204],[130.37866,32.77874],[130.37734,32.78885],[130.34598,32.83989],[130.34099,32.85524],[130.31133,32.87052],[130.30436,32.8795],[130.26112,32.87152],[130.2438,32.87556],[130.22466,32.86034],[130.19524,32.84812],[130.1841,32.85766],[130.15533,32.89357],[130.15634,32.9055],[130.18699,32.92462],[130.20186,32.9291],[130.20359,32.95712],[130.22438,32.96215],[130.22268,32.97377],[130.21012,32.98607],[130.19566,32.98857],[130.18287,33.01293],[130.17002,33.04905],[130.14987,33.06724],[130.14566,33.08619],[130.13573,33.09541],[130.12868,33.11211],[130.14985,33.1126],[130.19012,33.14607],[130.22222,33.16503],[130.23345,33.19421],[130.25133,33.19018],[130.25999,33.17999],[130.28573,33.16169],[130.28852,33.14669],[130.35578,33.14036],[130.37331,33.14129],[130.3733,33.11965],[130.39766,33.10786],[130.38956,33.09371],[130.40869,33.08764],[130.42526,33.05297],[130.42311,33.02954],[130.40932,33.00944],[130.41414,33.00231]]],[[[134.44021,34.20785],[134.4099,34.22304],[134.39005,34.25484],[134.3684,34.2498],[134.34769,34.25225],[134.30592,34.27849],[134.29607,34.27402],[134.28051,34.279],[134.27173,34.28915],[134.25572,34.28706],[134.2467,34.30391],[134.26394,34.32124],[134.25743,34.3453],[134.23199,34.33923],[134.2183,34.34974],[134.20471,34.34323],[134.1869,34.34604],[134.18498,34.33357],[134.16628,34.32586],[134.15469,34.33895],[134.15722,34.3637],[134.16344,34.37784],[134.15964,34.38902],[134.13634,34.40033],[134.1281,34.39629],[134.12295,34.37909],[134.10782,34.37203],[134.0923,34.38458],[134.09072,34.36265],[134.08529,34.35309],[134.06032,34.35086],[133.99276,34.35661],[133.9805,34.36695],[133.96361,34.36497],[133.95918,34.37764],[133.9432,34.37554],[133.93023,34.38934],[133.9209,34.37772],[133.90974,34.38203],[133.88805,34.37516],[133.89495,34.35459],[133.87838,34.34477],[133.8578,34.32667],[133.83905,34.3346],[133.85762,34.3458],[133.85789,34.35743],[133.82071,34.3513],[133.8227,34.32556],[133.78974,34.29867],[133.78274,34.31066],[133.76188,34.29992],[133.7681,34.28778],[133.75175,34.27875],[133.73133,34.27869],[133.73562,34.26144],[133.72008,34.25317],[133.69822,34.2343],[133.6816,34.23396],[133.66662,34.24055],[133.64905,34.23276],[133.63389,34.23888],[133.62291,34.23558],[133.60904,34.25236],[133.5831,34.26042],[133.56945,34.25998],[133.59065,34.23806],[133.60839,34.2306],[133.60944,34.22336],[133.63491,34.20993],[133.649,34.18565],[133.6277,34.05318],[133.5985,34.04363],[133.56554,34.01317],[133.55165,34.01301],[133.54112,34.00334],[133.54688,33.98902],[133.53264,33.98697],[133.51607,33.97548],[133.49052,33.96925],[133.46658,33.97457],[133.45346,33.98414],[133.41061,33.99057],[133.35636,33.97919],[133.34608,33.99046],[133.3205,33.99423],[133.30994,33.98407],[133.27685,33.98072],[133.23601,33.95198],[133.18866,33.94428],[133.13296,33.92735],[133.10776,33.94776],[133.10119,33.94068],[133.06792,33.97534],[133.03729,34.03809],[133.02529,34.04996],[133.0228,34.06259],[133.00679,34.06591],[132.973,34.11521],[132.95313,34.12387],[132.94637,34.13792],[132.92369,34.11605],[132.93144,34.09429],[132.9227,34.08291],[132.91637,34.06356],[132.89884,34.06666],[132.88577,34.05862],[132.8574,34.0547],[132.85542,34.04601],[132.84029,34.04012],[132.80068,34.01048],[132.78605,34.00901],[132.77063,33.9966],[132.77401,33.98653],[132.76834,33.94833],[132.75668,33.92386],[132.75523,33.91132],[132.73199,33.90284],[132.71072,33.90668],[132.69995,33.87671],[132.70755,33.87447],[132.7104,33.85408],[132.68733,33.83412],[132.69297,33.81688],[132.68997,33.78839],[132.69685,33.78232],[132.7,33.76099],[132.67993,33.74578],[132.65936,33.70352],[132.64766,33.69263],[132.61852,33.67749],[132.58596,33.65358],[132.50805,33.63032],[132.45696,33.59507],[132.45597,33.58848],[132.43354,33.56855],[132.43369,33.55963],[132.41827,33.5447],[132.39532,33.53616],[132.35334,33.5104],[132.3081,33.49244],[132.2657,33.46761],[132.25401,33.45155],[132.24703,33.46514],[132.2259,33.45899],[132.21046,33.44587],[132.19406,33.44227],[132.18058,33.44891],[132.1481,33.43244],[132.16966,33.41872],[132.15349,33.40719],[132.13705,33.4194],[132.11544,33.41731],[132.10792,33.4085],[132.08443,33.39813],[132.09391,33.38739],[132.11868,33.39079],[132.11426,33.37263],[132.12405,33.36573],[132.14484,33.37566],[132.15328,33.38919],[132.18254,33.41211],[132.20289,33.41488],[132.22009,33.42483],[132.23845,33.4264],[132.24806,33.43611],[132.26922,33.44637],[132.28056,33.44711],[132.28634,33.46203],[132.30672,33.473],[132.34972,33.47268],[132.36404,33.47995],[132.37759,33.46182],[132.40231,33.45952],[132.40838,33.43667],[132.38626,33.41982],[132.39653,33.39714],[132.37941,33.38781],[132.39009,33.3652],[132.415,33.38192],[132.40919,33.35321],[132.3921,33.33973],[132.37643,33.33714],[132.38248,33.32119],[132.40059,33.30925],[132.42311,33.30423],[132.42972,33.31922],[132.44053,33.31126],[132.46084,33.31018],[132.46708,33.31868],[132.49575,33.32202],[132.52651,33.31278],[132.48308,33.28963],[132.48292,33.27487],[132.50377,33.26803],[132.50667,33.25966],[132.52333,33.25292],[132.54567,33.23311],[132.53385,33.21743],[132.51189,33.21325],[132.50358,33.20272],[132.50976,33.17598],[132.48675,33.16443],[132.45823,33.18435],[132.45111,33.20238],[132.42269,33.21097],[132.4471,33.18467],[132.45027,33.17182],[132.43653,33.16966],[132.434,33.1584],[132.45189,33.13175],[132.46727,33.14115],[132.50018,33.13723],[132.49918,33.12038],[132.48083,33.11968],[132.46842,33.08973],[132.47,33.07606],[132.48412,33.06743],[132.47239,33.06021],[132.43754,33.05488],[132.44297,33.04811],[132.46597,33.04975],[132.48588,33.04218],[132.48147,33.02795],[132.48495,33.01067],[132.50605,33.00494],[132.5006,32.9938],[132.51192,32.97639],[132.50811,32.96763],[132.48491,32.98065],[132.4788,32.97176],[132.48985,32.95941],[132.50279,32.95605],[132.49214,32.93988],[132.46875,32.93985],[132.47641,32.90464],[132.51527,32.90322],[132.52708,32.91983],[132.50077,32.91494],[132.51525,32.93155],[132.51267,32.95013],[132.5481,32.94487],[132.57185,32.94615],[132.58606,32.93456],[132.59903,32.91262],[132.64728,32.92811],[132.65553,32.9252],[132.66668,32.91914],[132.68945,32.92658],[132.70826,32.92596],[132.717,32.90861],[132.71112,32.89352],[132.69062,32.88241],[132.66261,32.85625],[132.66861,32.84141],[132.65994,32.8268],[132.64444,32.814],[132.64735,32.80041],[132.63564,32.78918],[132.64039,32.76948],[132.65456,32.78116],[132.68381,32.78366],[132.68722,32.79154],[132.7185,32.79783],[132.72297,32.78881],[132.74776,32.76725],[132.75763,32.75309],[132.77068,32.76198],[132.78931,32.74965],[132.81555,32.75334],[132.845,32.78095],[132.86164,32.79073],[132.88028,32.78312],[132.88737,32.79075],[132.91272,32.788],[132.93091,32.78147],[132.95365,32.75734],[132.96392,32.75794],[132.97146,32.74511],[132.96593,32.7332],[132.99384,32.73125],[133.00522,32.72171],[133.02211,32.72899],[133.01035,32.76735],[132.99136,32.79041],[132.9655,32.79904],[132.95186,32.81296],[132.95598,32.85063],[132.95099,32.86009],[132.9668,32.86594],[132.99375,32.86835],[133.00937,32.88121],[133.00867,32.91148],[132.9947,32.93173],[132.99996,32.94608],[132.99301,32.95233],[133.00391,32.97644],[132.9994,32.98166],[133.00833,33.00933],[133.01862,33.02322],[133.04446,33.0389],[133.07252,33.03747],[133.08118,33.02761],[133.09305,33.03405],[133.09932,33.05813],[133.11811,33.08639],[133.13836,33.09408],[133.16592,33.13849],[133.17062,33.15042],[133.19192,33.16742],[133.21456,33.15139],[133.21899,33.16693],[133.21053,33.18369],[133.21525,33.19232],[133.23581,33.19816],[133.23916,33.21666],[133.25607,33.22519],[133.25609,33.23787],[133.24773,33.24965],[133.25836,33.26115],[133.25161,33.27991],[133.23852,33.29708],[133.2532,33.30806],[133.23221,33.32832],[133.25608,33.33284],[133.26325,33.34358],[133.26159,33.36918],[133.29002,33.38313],[133.29949,33.37882],[133.32447,33.37917],[133.34571,33.40091],[133.36556,33.40063],[133.43585,33.41567],[133.45826,33.42766],[133.44164,33.43935],[133.43529,33.42859],[133.41648,33.43917],[133.39972,33.41945],[133.38426,33.41105],[133.36061,33.42126],[133.36985,33.43048],[133.39698,33.42963],[133.40569,33.44759],[133.4302,33.43733],[133.4472,33.45172],[133.45922,33.44855],[133.51433,33.47557],[133.563,33.49651],[133.54762,33.51756],[133.5482,33.52523],[133.56538,33.53115],[133.5626,33.50411],[133.58823,33.50887],[133.59741,33.51864],[133.65767,33.53075],[133.6996,33.53671],[133.73819,33.53813],[133.75591,33.5315],[133.75436,33.5205],[133.76686,33.51582],[133.81454,33.51583],[133.83565,33.51246],[133.84358,33.50619],[133.88064,33.50262],[133.92255,33.49191],[133.9443,33.47525],[133.94163,33.46341],[133.95859,33.44255],[133.9828,33.43469],[134.02867,33.41436],[134.03783,33.39251],[134.03377,33.37841],[134.06669,33.35765],[134.07579,33.34265],[134.10549,33.32291],[134.11159,33.29393],[134.13605,33.29717],[134.1501,33.284],[134.16759,33.26039],[134.18146,33.24922],[134.18653,33.29235],[134.1985,33.32968],[134.20542,33.36796],[134.21191,33.37733],[134.2119,33.4006],[134.2416,33.45074],[134.24209,33.46392],[134.27036,33.50285],[134.28988,33.52042],[134.28558,33.53098],[134.30586,33.54844],[134.31592,33.55387],[134.30881,33.57186],[134.31784,33.58183],[134.33883,33.57814],[134.35422,33.58348],[134.37147,33.60959],[134.38808,33.62442],[134.36457,33.6243],[134.37051,33.63467],[134.38927,33.65046],[134.41879,33.66537],[134.44413,33.66649],[134.46554,33.67993],[134.4866,33.68773],[134.54316,33.72013],[134.54173,33.73434],[134.55378,33.74195],[134.56186,33.73425],[134.57485,33.75335],[134.58039,33.77008],[134.60531,33.77289],[134.62023,33.78666],[134.64809,33.78909],[134.66969,33.80201],[134.68897,33.80551],[134.69536,33.8125],[134.74822,33.8323],[134.73788,33.8398],[134.72116,33.83226],[134.70082,33.83619],[134.7078,33.85057],[134.69034,33.85164],[134.64284,33.84302],[134.64616,33.85016],[134.63574,33.86874],[134.6562,33.8724],[134.69589,33.90355],[134.70563,33.92594],[134.69598,33.95172],[134.67073,33.96108],[134.65768,33.97538],[134.64542,34.00044],[134.63365,34.01042],[134.62752,33.99139],[134.61191,33.99169],[134.59175,34.00795],[134.59828,34.02308],[134.58882,34.02798],[134.59099,34.04455],[134.58562,34.05232],[134.59691,34.068],[134.60828,34.10283],[134.60153,34.10719],[134.60906,34.12472],[134.62328,34.12819],[134.61624,34.14443],[134.64191,34.18],[134.62437,34.18075],[134.61113,34.19082],[134.58645,34.20133],[134.58236,34.21035],[134.5905,34.2241],[134.58621,34.23237],[134.5861,34.23985],[134.57076,34.23736],[134.55941,34.22159],[134.54142,34.22636],[134.49654,34.2244],[134.47179,34.20877],[134.44021,34.20785]]],[[[148.75263,45.55693],[148.74448,45.54988],[148.71013,45.54156],[148.67004,45.53666],[148.6517,45.53734],[148.63913,45.52258],[148.6391,45.50879],[148.60683,45.49135],[148.57818,45.48945],[148.55693,45.45802],[148.54583,45.45149],[148.52066,45.44732],[148.51215,45.43213],[148.48621,45.42053],[148.47035,45.4],[148.47998,45.38622],[148.46031,45.37663],[148.44362,45.35234],[148.42552,45.34595],[148.40737,45.33116],[148.40286,45.32749],[148.35179,45.3066],[148.33987,45.28902],[148.27175,45.27203],[148.23021,45.26542],[148.16638,45.25859],[148.1036,45.25666],[148.07355,45.25915],[148.06998,45.25944],[148.02948,45.27095],[148.01794,45.28929],[148.00872,45.29033],[148.00672,45.30848],[147.99511,45.33085],[148.0048,45.33524],[147.98403,45.3509],[147.96915,45.38356],[147.96176,45.41251],[147.92548,45.43798],[147.90431,45.43015],[147.87733,45.40684],[147.84925,45.36701],[147.85684,45.32071],[147.87229,45.29571],[147.86635,45.26454],[147.8816,45.25081],[147.86783,45.23315],[147.86969,45.22405],[147.85421,45.21142],[147.83793,45.20795],[147.82686,45.21742],[147.79667,45.20808],[147.77938,45.20897],[147.76584,45.19496],[147.73492,45.19375],[147.7268,45.17529],[147.70703,45.1658],[147.70128,45.14562],[147.69193,45.13308],[147.69892,45.12338],[147.69826,45.1126],[147.69774,45.10413],[147.68954,45.09472],[147.63823,45.07534],[147.63475,45.07673],[147.62246,45.08168],[147.59066,45.08324],[147.55136,45.1095],[147.52683,45.09892],[147.53202,45.08519],[147.5236,45.06005],[147.52409,45.04764],[147.51187,45.02466],[147.51491,45.00907],[147.51721,44.99735],[147.5066,44.9893],[147.48874,44.99006],[147.45339,44.9717],[147.41911,44.93825],[147.38314,44.91146],[147.33391,44.88916],[147.27367,44.87285],[147.27302,44.87267],[147.27239,44.87213],[147.26567,44.86629],[147.26329,44.86422],[147.26351,44.84872],[147.25281,44.83326],[147.24511,44.80995],[147.22814,44.80261],[147.19288,44.7972],[147.16958,44.81877],[147.15908,44.81846],[147.13264,44.82979],[147.10723,44.82214],[147.1009,44.80139],[147.11348,44.77933],[147.13975,44.76808],[147.16063,44.76938],[147.16982,44.7636],[147.19008,44.7652],[147.20017,44.7421],[147.19427,44.71455],[147.17886,44.68814],[147.16439,44.68279],[147.12977,44.65229],[147.10789,44.64164],[147.07387,44.63714],[147.06127,44.65391],[147.02837,44.66224],[147.00395,44.65547],[147.03319,44.63861],[147.03376,44.61902],[147.02642,44.59861],[146.99164,44.57514],[146.9775,44.57805],[146.95953,44.59448],[146.9565,44.61051],[146.94595,44.62792],[146.93512,44.60575],[146.93201,44.58012],[146.95404,44.55599],[146.93656,44.53388],[146.92119,44.52406],[146.89724,44.52028],[146.87641,44.49975],[146.85813,44.45332],[146.86475,44.44316],[146.90789,44.42863],[146.94709,44.4258],[146.98323,44.44476],[147.00517,44.48989],[147.0278,44.51846],[147.07468,44.55568],[147.10906,44.56889],[147.13229,44.56074],[147.15441,44.56011],[147.19145,44.57202],[147.20814,44.57299],[147.23323,44.59306],[147.25098,44.59989],[147.25915,44.61257],[147.26533,44.63669],[147.28294,44.6589],[147.30074,44.66818],[147.30751,44.68266],[147.33615,44.71491],[147.35959,44.72203],[147.38217,44.74322],[147.38485,44.74574],[147.4116,44.75992],[147.43349,44.76554],[147.46248,44.77986],[147.46666,44.78009],[147.48621,44.78118],[147.49369,44.79509],[147.49621,44.79978],[147.51598,44.81275],[147.52753,44.81386],[147.55035,44.81607],[147.593,44.85019],[147.59689,44.8533],[147.59825,44.86498],[147.64043,44.91427],[147.63594,44.92618],[147.61101,44.93974],[147.61689,44.9608],[147.63839,44.98374],[147.65439,44.99421],[147.68573,45.00521],[147.72625,45.00281],[147.72753,44.98101],[147.74349,44.96613],[147.77587,44.95165],[147.78478,44.94766],[147.81226,44.95189],[147.85069,44.9654],[147.87806,44.96211],[147.89012,44.96872],[147.90424,44.96097],[147.92612,44.9819],[147.95189,44.99621],[147.98081,45.00222],[148.00829,45.03552],[148.04113,45.06526],[148.05502,45.06701],[148.06694,45.08634],[148.09965,45.11265],[148.16755,45.14688],[148.19268,45.14907],[148.1994,45.15803],[148.24023,45.18388],[148.26382,45.18853],[148.29529,45.21177],[148.32414,45.22221],[148.4019,45.23215],[148.41881,45.24448],[148.44243,45.25348],[148.45361,45.24925],[148.46944,45.2582],[148.50116,45.26097],[148.50537,45.27886],[148.51761,45.28016],[148.5737,45.31653],[148.59534,45.3183],[148.62193,45.33091],[148.73997,45.33757],[148.77672,45.32265],[148.79967,45.33493],[148.84248,45.33675],[148.85654,45.36747],[148.87555,45.38778],[148.87469,45.39725],[148.85232,45.41946],[148.82858,45.42835],[148.82622,45.44103],[148.83181,45.45948],[148.87447,45.47458],[148.89054,45.48691],[148.88956,45.51784],[148.85657,45.54046],[148.81079,45.55273],[148.75263,45.55693]]],[[[146.1667,44.5175],[146.15911,44.51168],[146.1293,44.50792],[146.10841,44.49022],[146.08166,44.47409],[146.07182,44.45048],[146.05095,44.41758],[146.00595,44.38032],[146.00991,44.37161],[146.00023,44.33628],[145.9879,44.3188],[145.94655,44.27922],[145.93565,44.27875],[145.88584,44.24769],[145.86102,44.21942],[145.85521,44.20175],[145.81781,44.16581],[145.78772,44.14883],[145.75389,44.10937],[145.74251,44.09204],[145.74758,44.06084],[145.73596,44.04694],[145.71702,44.0375],[145.67788,44.02558],[145.67638,44.01174],[145.65504,44.00397],[145.64082,43.98903],[145.63011,43.98766],[145.59417,43.96782],[145.58987,43.95161],[145.55683,43.94109],[145.53326,43.92895],[145.53393,43.92157],[145.47308,43.89861],[145.46336,43.88929],[145.44088,43.85051],[145.40692,43.8425],[145.39868,43.82798],[145.40834,43.82063],[145.42611,43.78021],[145.41818,43.7518],[145.4214,43.73796],[145.43339,43.72092],[145.49148,43.73303],[145.52685,43.73494],[145.55059,43.73082],[145.53775,43.69049],[145.535,43.67074],[145.55432,43.67034],[145.5604,43.72417],[145.57191,43.77808],[145.56934,43.79403],[145.57535,43.84117],[145.59089,43.86921],[145.60413,43.86802],[145.62411,43.88336],[145.63827,43.9024],[145.65921,43.9108],[145.6734,43.90548],[145.72129,43.91364],[145.76518,43.93199],[145.77863,43.93168],[145.78916,43.94863],[145.79099,43.97933],[145.81064,44.01284],[145.83243,44.0306],[145.85498,44.02943],[145.87098,44.06998],[145.88069,44.0858],[145.90511,44.09974],[145.89933,44.1082],[145.90609,44.12087],[145.94529,44.15288],[145.966,44.15277],[145.98004,44.16872],[146.02439,44.17706],[146.04162,44.18359],[146.05683,44.21932],[146.06855,44.23401],[146.10455,44.25944],[146.12607,44.2664],[146.14345,44.26447],[146.16893,44.27141],[146.17772,44.26894],[146.22485,44.2728],[146.23684,44.27063],[146.2728,44.27575],[146.29615,44.27567],[146.30209,44.28558],[146.36123,44.32008],[146.36611,44.33823],[146.38851,44.35943],[146.42669,44.37472],[146.45347,44.37713],[146.49069,44.35398],[146.50147,44.36567],[146.51639,44.36868],[146.53367,44.38032],[146.53464,44.39442],[146.55144,44.42714],[146.5456,44.43705],[146.50868,44.42639],[146.47674,44.42113],[146.4377,44.41888],[146.39755,44.42196],[146.33772,44.41743],[146.3128,44.42862],[146.28329,44.43448],[146.25577,44.45179],[146.23951,44.45541],[146.22604,44.48211],[146.19864,44.49133],[146.1667,44.5175]]],[[[128.25781,26.87544],[128.2441,26.85867],[128.25333,26.84276],[128.22624,26.79723],[128.22354,26.78903],[128.18952,26.76069],[128.18366,26.74957],[128.15562,26.74015],[128.16049,26.72982],[128.15613,26.7187],[128.13319,26.70467],[128.1161,26.70181],[128.09887,26.68099],[128.10475,26.67308],[128.12136,26.66784],[128.12317,26.66011],[128.09715,26.66218],[128.07964,26.64452],[128.04897,26.63437],[128.0395,26.63661],[128.02456,26.62739],[128.00668,26.63063],[127.9888,26.65536],[127.99639,26.67686],[127.99698,26.69154],[127.98364,26.6936],[127.95251,26.70821],[127.9038,26.699],[127.88019,26.70357],[127.87426,26.68463],[127.88904,26.67245],[127.89055,26.66388],[127.87897,26.65409],[127.88028,26.63627],[127.89449,26.61468],[127.89492,26.60655],[127.91181,26.60115],[127.92073,26.60931],[127.94358,26.60281],[127.96502,26.59086],[127.983,26.58496],[127.97597,26.55897],[127.9417,26.53579],[127.93435,26.53859],[127.91664,26.51589],[127.90582,26.51798],[127.88359,26.50259],[127.86646,26.50925],[127.83997,26.4948],[127.84474,26.4805],[127.81264,26.46329],[127.80185,26.45223],[127.80171,26.44027],[127.78705,26.43481],[127.77368,26.44237],[127.74393,26.42407],[127.73627,26.42238],[127.72497,26.44003],[127.71446,26.4409],[127.71554,26.40396],[127.73796,26.36286],[127.74723,26.33972],[127.74275,26.33098],[127.76008,26.30987],[127.75049,26.28998],[127.73286,26.28217],[127.72609,26.27354],[127.70661,26.27313],[127.67989,26.24392],[127.66893,26.25063],[127.66512,26.22155],[127.63046,26.20619],[127.63189,26.1757],[127.64421,26.17808],[127.65512,26.16212],[127.66906,26.15214],[127.64796,26.1453],[127.66018,26.13684],[127.66445,26.11459],[127.65655,26.08439],[127.68036,26.07493],[127.70693,26.09005],[127.72559,26.09091],[127.74718,26.11826],[127.75584,26.11979],[127.77535,26.135],[127.7929,26.13495],[127.81189,26.15529],[127.82977,26.1654],[127.82926,26.17863],[127.82096,26.19166],[127.79502,26.18559],[127.79051,26.17123],[127.77781,26.1725],[127.77811,26.18728],[127.76568,26.20475],[127.78735,26.22607],[127.78952,26.24854],[127.79799,26.26546],[127.8162,26.27737],[127.81049,26.29379],[127.81623,26.30515],[127.82927,26.31318],[127.83983,26.33275],[127.86263,26.34446],[127.8714,26.33121],[127.89922,26.30452],[127.92133,26.29487],[127.92359,26.30206],[127.91552,26.32195],[127.88802,26.34085],[127.87293,26.36201],[127.87126,26.38811],[127.84416,26.40613],[127.82671,26.42281],[127.84039,26.42701],[127.85389,26.45137],[127.87134,26.4576],[127.89087,26.4555],[127.9164,26.44695],[127.92407,26.43913],[127.94264,26.44157],[127.9534,26.47366],[127.96559,26.46814],[127.99111,26.47506],[128.0024,26.48939],[127.99157,26.50426],[128.01049,26.51476],[128.02549,26.51059],[128.03244,26.51893],[128.05323,26.52093],[128.03583,26.54882],[128.07292,26.54893],[128.09109,26.53649],[128.11082,26.55107],[128.13959,26.55516],[128.14821,26.56865],[128.12413,26.60214],[128.14544,26.59816],[128.15521,26.60819],[128.14539,26.62233],[128.15939,26.63088],[128.18146,26.62412],[128.21275,26.62622],[128.23443,26.63048],[128.25089,26.65075],[128.274,26.67084],[128.2798,26.69165],[128.29135,26.69973],[128.30642,26.72996],[128.31786,26.74326],[128.32653,26.78153],[128.31735,26.79424],[128.31985,26.81162],[128.30462,26.83062],[128.30655,26.84348],[128.28414,26.84808],[128.26195,26.86644],[128.25781,26.87544]]],[[[129.69004,28.52999],[129.67692,28.52656],[129.65732,28.50003],[129.65659,28.48146],[129.67171,28.46797],[129.67345,28.45784],[129.66066,28.44635],[129.65891,28.43207],[129.64633,28.42808],[129.63954,28.41651],[129.62027,28.41825],[129.61963,28.4392],[129.60646,28.43565],[129.60497,28.45135],[129.61503,28.4656],[129.61557,28.47752],[129.59518,28.47491],[129.58836,28.46693],[129.5729,28.46363],[129.56122,28.45342],[129.54653,28.46147],[129.53567,28.45001],[129.52141,28.44487],[129.51898,28.42618],[129.50768,28.39916],[129.48594,28.40654],[129.46791,28.40209],[129.45643,28.41132],[129.44999,28.38229],[129.42875,28.38835],[129.39948,28.38033],[129.36656,28.35462],[129.33914,28.36851],[129.31354,28.33583],[129.29354,28.32734],[129.26762,28.32646],[129.23498,28.30829],[129.2126,28.3026],[129.23559,28.28222],[129.22727,28.27357],[129.19938,28.26216],[129.17861,28.26924],[129.16596,28.25609],[129.14172,28.25743],[129.15226,28.23681],[129.17333,28.23929],[129.17751,28.22399],[129.19462,28.22774],[129.20532,28.21858],[129.22183,28.22218],[129.24189,28.21677],[129.25419,28.21936],[129.25309,28.23224],[129.26633,28.23206],[129.2803,28.22127],[129.29525,28.21947],[129.26446,28.19327],[129.27388,28.18171],[129.28943,28.18961],[129.29673,28.16114],[129.29146,28.15344],[129.32613,28.13545],[129.34836,28.1311],[129.36035,28.13492],[129.36197,28.12012],[129.37684,28.11127],[129.37833,28.1258],[129.3547,28.15643],[129.33701,28.16707],[129.35077,28.17405],[129.36816,28.16545],[129.38348,28.16484],[129.40172,28.15614],[129.40738,28.17078],[129.40627,28.19362],[129.42102,28.18992],[129.45353,28.19953],[129.46946,28.21225],[129.47164,28.22127],[129.45277,28.23238],[129.44403,28.22961],[129.42641,28.24151],[129.44317,28.25088],[129.45997,28.26808],[129.45452,28.27726],[129.46182,28.29736],[129.48629,28.28952],[129.49999,28.2983],[129.5377,28.30645],[129.54487,28.31224],[129.53274,28.32406],[129.53677,28.33051],[129.56242,28.33281],[129.58542,28.36546],[129.60805,28.38845],[129.61175,28.39908],[129.63091,28.40722],[129.66585,28.39899],[129.67318,28.41066],[129.69414,28.41345],[129.70896,28.42118],[129.71897,28.43912],[129.71724,28.47078],[129.69826,28.48409],[129.69026,28.50279],[129.69367,28.51015],[129.69004,28.52999]]],[[[138.50296,38.33222],[138.47333,38.3222],[138.45308,38.30845],[138.43998,38.28676],[138.44386,38.27758],[138.42866,38.25432],[138.40505,38.24953],[138.37632,38.22744],[138.35109,38.2044],[138.32625,38.19398],[138.29005,38.13387],[138.27098,38.12158],[138.26123,38.09805],[138.24408,38.08895],[138.24786,38.07603],[138.23319,38.06219],[138.23892,38.03147],[138.2214,38.01447],[138.23313,38.00893],[138.23463,37.98387],[138.22718,37.97972],[138.25311,37.96424],[138.2742,38.0022],[138.3065,38.00532],[138.31863,37.99917],[138.34131,37.97784],[138.34369,37.96545],[138.32932,37.94979],[138.30543,37.9397],[138.28518,37.92023],[138.27846,37.90747],[138.28945,37.8969],[138.28986,37.88546],[138.28017,37.86286],[138.26921,37.84784],[138.24535,37.83812],[138.21673,37.83724],[138.20449,37.82024],[138.21513,37.81052],[138.24967,37.80309],[138.26408,37.80614],[138.3044,37.82662],[138.32473,37.82445],[138.35956,37.83048],[138.38149,37.8433],[138.40032,37.86068],[138.42725,37.87977],[138.47066,37.89703],[138.48994,37.91963],[138.49915,37.91975],[138.50286,37.94391],[138.53919,38.00324],[138.54641,38.00803],[138.55354,38.03119],[138.56358,38.04218],[138.57256,38.0623],[138.5726,38.07865],[138.56092,38.0863],[138.52115,38.07137],[138.49202,38.06987],[138.48018,38.06233],[138.45111,38.0719],[138.43653,38.08212],[138.43516,38.11485],[138.45007,38.14612],[138.47669,38.17997],[138.49114,38.2022],[138.49378,38.22502],[138.50325,38.24074],[138.50807,38.26346],[138.50795,38.29551],[138.51224,38.31465],[138.52101,38.32233],[138.50296,38.33222]]],[[[135.00425,34.60833],[134.97656,34.59805],[134.96026,34.57572],[134.93507,34.54942],[134.91345,34.53603],[134.88775,34.53031],[134.86932,34.51315],[134.84703,34.47693],[134.83596,34.46674],[134.81857,34.46831],[134.7962,34.44553],[134.78964,34.42843],[134.77559,34.41141],[134.76377,34.38695],[134.75495,34.38477],[134.73087,34.33456],[134.71347,34.3223],[134.6935,34.32448],[134.67397,34.31755],[134.66217,34.29693],[134.66153,34.27703],[134.67178,34.26857],[134.6719,34.24987],[134.70018,34.24442],[134.71807,34.25675],[134.72083,34.24492],[134.71017,34.23892],[134.69978,34.2222],[134.73068,34.20663],[134.73409,34.18872],[134.77524,34.20047],[134.80044,34.19999],[134.82927,34.22161],[134.84635,34.23103],[134.88462,34.24422],[134.89844,34.25215],[134.95164,34.26653],[134.94396,34.29712],[134.92854,34.30523],[134.91816,34.31734],[134.9149,34.33654],[134.89371,34.35321],[134.89801,34.36914],[134.89471,34.39902],[134.9011,34.41862],[134.93431,34.45478],[134.95845,34.48885],[134.97958,34.50363],[134.99265,34.52255],[134.99546,34.54557],[135.01761,34.56446],[135.0257,34.57658],[135.02104,34.58976],[135.00425,34.60833]]],[[[131.05651,30.83976],[131.00291,30.78238],[131.0088,30.76614],[130.99869,30.74478],[130.99009,30.74022],[130.99374,30.72724],[130.97894,30.72548],[130.97416,30.70916],[130.94011,30.66873],[130.94768,30.66543],[130.94182,30.64803],[130.95001,30.63473],[130.94935,30.60601],[130.95341,30.59337],[130.94512,30.57118],[130.91547,30.51986],[130.89579,30.4938],[130.88327,30.48735],[130.86954,30.46394],[130.85101,30.46818],[130.85129,30.44839],[130.86513,30.41809],[130.86614,30.39876],[130.85748,30.37135],[130.87006,30.34685],[130.88409,30.34395],[130.89323,30.35792],[130.9119,30.36729],[130.94121,30.37602],[130.96596,30.37491],[130.96539,30.39258],[130.97893,30.40258],[130.9677,30.42187],[130.97768,30.43294],[130.97476,30.44552],[130.96139,30.45426],[130.96909,30.47015],[130.96262,30.4786],[130.97892,30.50183],[130.979,30.51506],[130.99516,30.53093],[130.99935,30.54811],[131.02716,30.55666],[131.03323,30.56862],[131.03385,30.58895],[131.05512,30.60488],[131.05287,30.62912],[131.05874,30.64036],[131.04977,30.64681],[131.05617,30.67085],[131.06705,30.69206],[131.07776,30.69556],[131.0728,30.71773],[131.07158,30.76785],[131.08338,30.78271],[131.07154,30.79736],[131.07171,30.81216],[131.06374,30.8159],[131.05651,30.83976]]],[[[129.44979,34.70644],[129.44134,34.69642],[129.41893,34.68803],[129.40245,34.66399],[129.37888,34.64261],[129.36535,34.63849],[129.3585,34.64938],[129.34219,34.64543],[129.31966,34.64683],[129.31773,34.6259],[129.30501,34.60274],[129.30618,34.58913],[129.2868,34.56922],[129.28866,34.55622],[129.3075,34.56048],[129.32651,34.54724],[129.31195,34.51988],[129.30382,34.52024],[129.28881,34.48448],[129.27328,34.46612],[129.2782,34.44406],[129.27062,34.42602],[129.27634,34.37702],[129.25157,34.36541],[129.23266,34.36628],[129.23357,34.35328],[129.27607,34.35473],[129.29928,34.37021],[129.31397,34.3404],[129.32584,34.35092],[129.32366,34.36731],[129.34933,34.36374],[129.35587,34.33904],[129.33321,34.31878],[129.33628,34.30677],[129.35712,34.30083],[129.36566,34.31102],[129.37961,34.31291],[129.378,34.32421],[129.39286,34.33664],[129.38813,34.34069],[129.38755,34.35042],[129.3935,34.35982],[129.37589,34.38163],[129.39358,34.3923],[129.38964,34.40095],[129.36587,34.39823],[129.3786,34.4134],[129.36957,34.45193],[129.38666,34.4582],[129.38954,34.46684],[129.41284,34.49005],[129.43713,34.50747],[129.43844,34.51538],[129.46051,34.53714],[129.45894,34.55253],[129.47163,34.55303],[129.46934,34.5693],[129.4794,34.59458],[129.45724,34.61592],[129.47927,34.61772],[129.49057,34.6429],[129.47455,34.64525],[129.4908,34.6638],[129.47805,34.67767],[129.47078,34.69558],[129.44979,34.70644]]],[[[130.17664,32.55024],[130.14733,32.54959],[130.11795,32.54347],[130.06602,32.51588],[130.04355,32.515],[130.02564,32.53777],[130.01249,32.52938],[130.0354,32.51742],[130.04737,32.49104],[130.03522,32.47665],[130.03795,32.46649],[130.01949,32.44077],[130.00664,32.42796],[129.99817,32.40352],[129.9939,32.37676],[129.9748,32.35584],[129.98105,32.34184],[129.98084,32.3251],[129.99249,32.32322],[129.99379,32.30739],[130.02841,32.30897],[130.03819,32.31294],[130.0657,32.30578],[130.06279,32.27853],[130.04403,32.29813],[130.035,32.30235],[130.01094,32.29841],[129.98176,32.26872],[129.97055,32.2477],[129.98981,32.23965],[130.01253,32.23527],[130.0147,32.22242],[129.99989,32.21798],[130.00194,32.19322],[130.02294,32.18873],[130.0403,32.209],[130.07341,32.2113],[130.08217,32.23013],[130.10055,32.2317],[130.10287,32.24899],[130.12274,32.27836],[130.13367,32.2882],[130.14931,32.28297],[130.16647,32.29588],[130.14805,32.30193],[130.15872,32.32406],[130.17269,32.31048],[130.18562,32.31388],[130.20337,32.33281],[130.2185,32.3648],[130.21939,32.39255],[130.19783,32.40548],[130.20985,32.41403],[130.20809,32.43764],[130.19696,32.4585],[130.20856,32.47232],[130.19246,32.49613],[130.19797,32.50476],[130.19504,32.53217],[130.18797,32.54855],[130.17664,32.55024]]],[[[124.31647,24.61212],[124.31158,24.59466],[124.29754,24.57005],[124.28258,24.55879],[124.29385,24.54825],[124.27993,24.52074],[124.275,24.50472],[124.25849,24.51971],[124.23887,24.49876],[124.22929,24.49789],[124.22082,24.46857],[124.22289,24.45536],[124.19269,24.45763],[124.17873,24.44875],[124.15259,24.45449],[124.13363,24.47588],[124.12327,24.47444],[124.1167,24.4626],[124.11845,24.44608],[124.11062,24.44419],[124.09466,24.45405],[124.08058,24.44917],[124.06993,24.42882],[124.08777,24.42321],[124.10296,24.43341],[124.12055,24.43452],[124.14309,24.41377],[124.13723,24.38546],[124.11631,24.37434],[124.11147,24.3671],[124.12561,24.35616],[124.14416,24.34944],[124.16978,24.32989],[124.19238,24.33511],[124.20282,24.35469],[124.21511,24.35531],[124.23606,24.3451],[124.24975,24.35944],[124.25308,24.39868],[124.25809,24.41236],[124.24999,24.43029],[124.2575,24.44647],[124.25102,24.46268],[124.26028,24.47707],[124.28145,24.49037],[124.28379,24.50833],[124.29555,24.51466],[124.30893,24.53185],[124.30449,24.54652],[124.33443,24.5711],[124.34052,24.58733],[124.3381,24.60498],[124.31647,24.61212]]],[[[130.49798,30.46947],[130.49656,30.45593],[130.4715,30.46145],[130.46004,30.43221],[130.45241,30.4327],[130.43069,30.40545],[130.41917,30.39611],[130.39057,30.39666],[130.38135,30.39356],[130.37664,30.37569],[130.39203,30.32167],[130.40527,30.31262],[130.41376,30.28809],[130.4142,30.27108],[130.42093,30.26768],[130.43644,30.24064],[130.48884,30.22745],[130.51203,30.2318],[130.52164,30.22659],[130.53237,30.23407],[130.55348,30.23468],[130.58556,30.24035],[130.60472,30.25318],[130.6116,30.26546],[130.65366,30.29941],[130.66212,30.32273],[130.66614,30.35726],[130.67155,30.3718],[130.66315,30.38595],[130.6387,30.4012],[130.59934,30.40978],[130.5978,30.4174],[130.57325,30.42604],[130.57086,30.43227],[130.54341,30.44713],[130.52175,30.44703],[130.49798,30.46947]]],[[[128.80881,32.7981],[128.77936,32.77794],[128.76527,32.76047],[128.75182,32.75984],[128.73534,32.74801],[128.72606,32.75568],[128.70682,32.73855],[128.69841,32.74805],[128.69732,32.76643],[128.6817,32.77888],[128.6557,32.7795],[128.64707,32.76907],[128.65209,32.74652],[128.64512,32.72443],[128.66002,32.71079],[128.64887,32.69673],[128.66522,32.66678],[128.63643,32.63455],[128.65061,32.62011],[128.6398,32.60988],[128.61919,32.63074],[128.60925,32.62869],[128.59825,32.61264],[128.6302,32.60501],[128.64074,32.59255],[128.66564,32.6084],[128.6884,32.60252],[128.73678,32.60701],[128.75157,32.59078],[128.7529,32.57946],[128.77289,32.57446],[128.78225,32.58749],[128.79319,32.5914],[128.78884,32.60581],[128.76929,32.61826],[128.76595,32.63856],[128.7701,32.64475],[128.8064,32.65546],[128.82593,32.63564],[128.87072,32.6437],[128.88252,32.63958],[128.88666,32.65584],[128.88286,32.66961],[128.84725,32.69661],[128.83954,32.72476],[128.84495,32.75121],[128.82879,32.75414],[128.80951,32.774],[128.80881,32.7981]]],[[[129.113,33.16425],[129.10718,33.15828],[129.09909,33.12494],[129.10799,33.10274],[129.1016,33.08005],[129.08559,33.07543],[129.07927,33.03417],[129.08602,33.02256],[129.07023,33.01929],[129.06596,33.03986],[129.0582,33.04069],[129.0423,33.02772],[129.04286,32.99078],[129.03293,32.96724],[129.01138,32.97595],[128.9971,32.96438],[129.00682,32.94037],[129.04079,32.9316],[129.06137,32.90862],[129.06096,32.89639],[129.04242,32.87565],[129.04724,32.86839],[129.04662,32.82911],[129.04924,32.81952],[129.06344,32.81696],[129.06909,32.83165],[129.06122,32.84486],[129.06569,32.8558],[129.07768,32.86158],[129.10022,32.86017],[129.09232,32.88884],[129.09596,32.91786],[129.11826,32.93848],[129.14198,32.93833],[129.14843,32.95604],[129.1823,32.97147],[129.17603,33.00736],[129.16256,33.00707],[129.13672,32.99909],[129.123,32.98539],[129.09116,32.98896],[129.09607,32.99927],[129.08949,33.01776],[129.09764,33.02469],[129.09128,33.03855],[129.11714,33.0853],[129.12083,33.10674],[129.1032,33.12477],[129.11401,33.14221],[129.113,33.16425]]],[[[146.83199,43.88693],[146.81842,43.88612],[146.82241,43.86666],[146.79329,43.86914],[146.77353,43.87604],[146.74978,43.85818],[146.72073,43.84489],[146.72239,43.83746],[146.68174,43.8257],[146.66227,43.82838],[146.62748,43.81856],[146.60986,43.82028],[146.585,43.8027],[146.60758,43.76794],[146.59214,43.75859],[146.61868,43.74083],[146.63034,43.72066],[146.6486,43.71055],[146.67619,43.70743],[146.68679,43.71873],[146.68313,43.73335],[146.7017,43.7468],[146.72142,43.73364],[146.73358,43.74795],[146.76008,43.74966],[146.78181,43.75684],[146.79342,43.7687],[146.7968,43.78639],[146.83446,43.79118],[146.82607,43.80114],[146.84182,43.80951],[146.85682,43.80633],[146.87903,43.81463],[146.89239,43.81104],[146.90561,43.819],[146.90261,43.82997],[146.91967,43.83609],[146.88314,43.85469],[146.8637,43.87476],[146.84013,43.88887],[146.83199,43.88693]]],[[[129.55455,33.40954],[129.54278,33.4087],[129.52648,33.39228],[129.54478,33.38981],[129.54694,33.37652],[129.51841,33.3646],[129.50763,33.37922],[129.50191,33.35723],[129.4693,33.35421],[129.43724,33.34715],[129.44349,33.33135],[129.43253,33.31439],[129.44691,33.29699],[129.42313,33.28896],[129.40935,33.2766],[129.41414,33.2475],[129.39466,33.23785],[129.38026,33.22388],[129.38042,33.20799],[129.39309,33.19696],[129.39598,33.18149],[129.373,33.1846],[129.35896,33.19207],[129.3513,33.18281],[129.37514,33.16869],[129.3975,33.17501],[129.43399,33.19093],[129.48489,33.24138],[129.48782,33.25117],[129.50124,33.25923],[129.50462,33.26928],[129.49482,33.28239],[129.51229,33.28982],[129.50426,33.30021],[129.53165,33.31035],[129.52044,33.32967],[129.53665,33.33307],[129.54598,33.34884],[129.56688,33.35864],[129.55737,33.37398],[129.56292,33.382],[129.55455,33.40954]]],[[[123.78199,24.43732],[123.77026,24.4369],[123.77272,24.41761],[123.76115,24.41436],[123.74602,24.3888],[123.75299,24.37697],[123.74304,24.36842],[123.7535,24.35323],[123.74806,24.32228],[123.72833,24.33387],[123.7086,24.32369],[123.68314,24.33085],[123.68,24.32221],[123.66166,24.3084],[123.68024,24.28328],[123.6964,24.28359],[123.71903,24.27833],[123.72306,24.29961],[123.73318,24.29622],[123.75488,24.27968],[123.78974,24.27515],[123.80568,24.2696],[123.83328,24.27202],[123.86255,24.2563],[123.88058,24.25624],[123.89094,24.28048],[123.90346,24.28852],[123.89907,24.30101],[123.91035,24.31947],[123.92972,24.32805],[123.92796,24.34457],[123.93616,24.34958],[123.93851,24.36562],[123.92256,24.36657],[123.91695,24.37843],[123.90284,24.3856],[123.88234,24.38862],[123.88111,24.39944],[123.87002,24.40457],[123.86167,24.3948],[123.84848,24.40449],[123.83249,24.40753],[123.81697,24.39106],[123.80954,24.39991],[123.81187,24.41126],[123.78199,24.43732]]],[[[129.20537,34.33152],[129.19619,34.31329],[129.19882,34.30157],[129.19555,34.26855],[129.18525,34.24599],[129.19129,34.23537],[129.17965,34.21963],[129.17963,34.18496],[129.1692,34.14628],[129.17088,34.1115],[129.19612,34.1131],[129.22939,34.09472],[129.23126,34.10482],[129.24576,34.10566],[129.26096,34.11445],[129.26376,34.1263],[129.27941,34.13079],[129.28437,34.14493],[129.28044,34.15565],[129.29707,34.17257],[129.29189,34.19037],[129.30553,34.2162],[129.32579,34.22605],[129.31531,34.2427],[129.33062,34.27592],[129.3488,34.27811],[129.34648,34.29422],[129.33078,34.29828],[129.29927,34.28238],[129.30409,34.30449],[129.29394,34.31669],[129.28051,34.31602],[129.25948,34.30046],[129.25,34.30542],[129.2315,34.29223],[129.22312,34.29582],[129.22907,34.31878],[129.22199,34.32999],[129.20537,34.33152]]],[[[125.26887,24.91285],[125.27273,24.88027],[125.27874,24.87555],[125.29641,24.84547],[125.27713,24.83683],[125.27998,24.82745],[125.27509,24.80663],[125.2561,24.79441],[125.26926,24.78237],[125.28271,24.76328],[125.28386,24.75157],[125.25248,24.75647],[125.26293,24.73416],[125.30807,24.71197],[125.32829,24.71969],[125.35801,24.72285],[125.37242,24.72899],[125.3828,24.72495],[125.40645,24.73006],[125.42478,24.72635],[125.45433,24.73463],[125.43335,24.761],[125.40369,24.7661],[125.38513,24.7865],[125.36934,24.7925],[125.35473,24.78881],[125.3314,24.80513],[125.33542,24.82223],[125.31524,24.835],[125.30624,24.84892],[125.30613,24.86127],[125.29643,24.87709],[125.28508,24.88261],[125.26887,24.91285]]],[[[133.27905,36.34889],[133.28003,36.34049],[133.2634,36.32789],[133.24747,36.33437],[133.23357,36.32876],[133.22466,36.31341],[133.21059,36.30092],[133.19628,36.2978],[133.17772,36.24978],[133.19265,36.24546],[133.18536,36.2147],[133.20762,36.20994],[133.20858,36.19808],[133.23857,36.1833],[133.23496,36.16892],[133.27802,36.16961],[133.30055,36.17667],[133.32541,36.16734],[133.33929,36.16964],[133.33495,36.20278],[133.34505,36.21527],[133.35469,36.20268],[133.37011,36.20671],[133.37774,36.23059],[133.37269,36.251],[133.38521,36.26755],[133.37908,36.27651],[133.3291,36.30901],[133.31635,36.32367],[133.29695,36.32818],[133.27905,36.34889]]],[[[128.90669,27.89376],[128.89694,27.89085],[128.88879,27.87696],[128.89193,27.85258],[128.87912,27.82651],[128.88752,27.81968],[128.88989,27.78676],[128.90618,27.76549],[128.89974,27.73602],[128.88101,27.72226],[128.89349,27.70799],[128.91656,27.69625],[128.92052,27.67423],[128.93621,27.661],[128.96575,27.67097],[128.98216,27.66844],[128.9976,27.68449],[128.99898,27.69723],[129.01916,27.72442],[129.03224,27.74657],[129.03769,27.76824],[129.01487,27.78091],[129.00955,27.7931],[128.98602,27.80433],[128.96642,27.82373],[128.97165,27.85515],[128.956,27.86281],[128.97591,27.8726],[128.96954,27.89288],[128.92761,27.88863],[128.90669,27.89376]]],[[[130.46033,32.53035],[130.44152,32.52858],[130.42452,32.51841],[130.38945,32.51403],[130.36867,32.51805],[130.35952,32.52732],[130.31572,32.51759],[130.28178,32.48408],[130.25903,32.479],[130.25096,32.47028],[130.2046,32.45143],[130.21042,32.43132],[130.2251,32.41206],[130.24388,32.41241],[130.24596,32.39688],[130.27485,32.41209],[130.27845,32.40281],[130.30861,32.396],[130.3294,32.39924],[130.3418,32.40632],[130.35385,32.38705],[130.39986,32.39538],[130.41534,32.42246],[130.40775,32.43523],[130.42893,32.45529],[130.43761,32.48626],[130.45234,32.5075],[130.46033,32.53035]]],[[[141.19919,45.25882],[141.1791,45.25],[141.17046,45.23847],[141.15321,45.23241],[141.13238,45.21346],[141.14065,45.18923],[141.12925,45.18439],[141.14098,45.16218],[141.16138,45.14665],[141.1657,45.13746],[141.19335,45.12462],[141.20459,45.11387],[141.23751,45.09701],[141.28627,45.11458],[141.32947,45.14908],[141.32461,45.18366],[141.30355,45.21464],[141.25386,45.23523],[141.23413,45.23393],[141.22757,45.24427],[141.19919,45.25882]]],[[[132.23399,33.96763],[132.22934,33.95958],[132.21106,33.96038],[132.20279,33.94906],[132.18337,33.95053],[132.188,33.93471],[132.17316,33.92392],[132.17524,33.90272],[132.20419,33.87868],[132.19958,33.87116],[132.20937,33.85941],[132.2227,33.87397],[132.2586,33.87762],[132.26897,33.89021],[132.28856,33.90214],[132.29602,33.89659],[132.31967,33.89328],[132.33768,33.87806],[132.32494,33.86432],[132.36843,33.8673],[132.36267,33.89805],[132.37579,33.91405],[132.41829,33.91809],[132.45391,33.93493],[132.42392,33.95406],[132.40183,33.94087],[132.39506,33.92585],[132.36977,33.92839],[132.35782,33.91094],[132.3351,33.90152],[132.31673,33.90602],[132.30168,33.93],[132.28733,33.9419],[132.28584,33.95542],[132.26791,33.94814],[132.24885,33.95412],[132.23399,33.96763]]],[[[139.5597,42.24942],[139.53695,42.23306],[139.47272,42.22198],[139.4629,42.2158],[139.43572,42.21599],[139.42553,42.19748],[139.4066,42.1782],[139.40531,42.1643],[139.42312,42.13621],[139.41779,42.11463],[139.42533,42.10063],[139.42643,42.0714],[139.45042,42.06089],[139.45762,42.06842],[139.48532,42.07416],[139.49614,42.08308],[139.51951,42.13804],[139.52262,42.15402],[139.51709,42.17635],[139.53369,42.19738],[139.54564,42.20363],[139.56094,42.22902],[139.5597,42.24942]]],[[[134.34682,34.56479],[134.31477,34.55909],[134.29522,34.54672],[134.27135,34.54772],[134.25643,34.54318],[134.22995,34.52699],[134.17865,34.51766],[134.16514,34.51879],[134.16547,34.50001],[134.18223,34.48692],[134.21208,34.48152],[134.21812,34.47428],[134.23346,34.47645],[134.242,34.45836],[134.23449,34.44396],[134.23865,34.43252],[134.22456,34.42505],[134.23929,34.41545],[134.26763,34.46788],[134.29267,34.47583],[134.31024,34.47752],[134.32996,34.44585],[134.34942,34.46121],[134.3536,34.47766],[134.3428,34.48793],[134.35638,34.51168],[134.35499,34.53877],[134.3452,34.54084],[134.34682,34.56479]]],[[[129.78506,31.79109],[129.78187,31.77384],[129.78913,31.76877],[129.7739,31.74029],[129.74918,31.7378],[129.7396,31.7323],[129.70571,31.72254],[129.70182,31.70641],[129.68388,31.68057],[129.68225,31.66256],[129.65877,31.65997],[129.66618,31.64105],[129.69658,31.62279],[129.73781,31.65478],[129.72548,31.67112],[129.74463,31.69455],[129.7395,31.70596],[129.7482,31.71729],[129.7589,31.71013],[129.77132,31.71555],[129.79647,31.76761],[129.79668,31.78237],[129.78506,31.79109]]],[[[129.20941,28.20123],[129.19593,28.19667],[129.1851,28.17373],[129.18827,28.15678],[129.1991,28.14515],[129.20986,28.14647],[129.21552,28.13457],[129.21569,28.11257],[129.22895,28.08917],[129.24069,28.10007],[129.25882,28.10682],[129.26131,28.07826],[129.28355,28.06278],[129.29151,28.09054],[129.30385,28.0867],[129.32058,28.09675],[129.31559,28.07092],[129.34023,28.07639],[129.35187,28.10049],[129.34115,28.11383],[129.31755,28.10617],[129.3069,28.11529],[129.29064,28.10847],[129.27122,28.11512],[129.26718,28.13561],[129.2459,28.12797],[129.25063,28.15314],[129.27488,28.15112],[129.27137,28.16394],[129.24538,28.15172],[129.22699,28.15534],[129.2101,28.1672],[129.20517,28.18343],[129.20941,28.20123]]],[[[129.70426,33.86352],[129.67638,33.8454],[129.67045,33.82644],[129.68372,33.80496],[129.65868,33.80319],[129.65428,33.77106],[129.64726,33.75308],[129.66729,33.74823],[129.68459,33.73833],[129.67659,33.72829],[129.69344,33.71414],[129.71517,33.70702],[129.73847,33.73803],[129.7624,33.73841],[129.78609,33.7441],[129.78708,33.7691],[129.75868,33.77388],[129.7647,33.78464],[129.7845,33.78595],[129.75561,33.80635],[129.76422,33.81957],[129.76489,33.8341],[129.77308,33.84225],[129.72431,33.85054],[129.70426,33.86352]]],[[[128.69403,27.4409],[128.67872,27.43011],[128.65495,27.42351],[128.63494,27.40932],[128.61312,27.4091],[128.59105,27.3995],[128.5772,27.40118],[128.55886,27.39575],[128.52955,27.40199],[128.52005,27.37317],[128.53148,27.3486],[128.55021,27.33242],[128.56815,27.32987],[128.5925,27.33682],[128.60693,27.34467],[128.62359,27.36196],[128.63609,27.36524],[128.67725,27.41412],[128.70124,27.42386],[128.71374,27.43479],[128.69403,27.4409]]],[[[140.96735,45.46422],[140.99405,45.42031],[140.98269,45.38309],[140.99949,45.35141],[141.00641,45.3243],[141.02033,45.31283],[141.02674,45.29619],[141.01675,45.28347],[141.02543,45.27399],[141.04648,45.27818],[141.04498,45.29515],[141.05665,45.31934],[141.04934,45.34065],[141.05892,45.35155],[141.05657,45.40854],[141.06698,45.42251],[141.04948,45.45075],[141.01332,45.43303],[140.98513,45.44379],[140.96735,45.46422]]],[[[132.47969,34.29627],[132.48108,34.28682],[132.43531,34.28482],[132.44302,34.26123],[132.43551,34.24744],[132.46881,34.24655],[132.47922,34.23249],[132.47442,34.20863],[132.45866,34.22862],[132.44501,34.22289],[132.42546,34.25446],[132.41331,34.25949],[132.38383,34.25709],[132.3893,34.23119],[132.3844,34.22675],[132.40681,34.20416],[132.4209,34.19694],[132.42216,34.1808],[132.44357,34.16961],[132.44169,34.13587],[132.4604,34.13395],[132.48203,34.14468],[132.49018,34.15465],[132.4719,34.18276],[132.47406,34.19537],[132.48965,34.20221],[132.4898,34.2199],[132.49569,34.23198],[132.49253,34.2477],[132.49852,34.26848],[132.47969,34.29627]]],[[[130.17427,32.22942],[130.14831,32.2167],[130.12065,32.21234],[130.10574,32.21352],[130.09643,32.18504],[130.10874,32.17054],[130.11692,32.15034],[130.11305,32.12544],[130.15718,32.08952],[130.16685,32.09728],[130.17643,32.11548],[130.17937,32.13708],[130.19302,32.14749],[130.20525,32.14881],[130.20646,32.1626],[130.18724,32.16641],[130.18434,32.1793],[130.19959,32.19533],[130.18523,32.2094],[130.17427,32.22942]]],[[[132.53486,34.20046],[132.50295,34.18533],[132.49321,34.1625],[132.50419,34.13338],[132.4888,34.1307],[132.47215,34.11827],[132.45184,34.11195],[132.44754,34.10435],[132.4623,34.08236],[132.4844,34.09096],[132.49852,34.09096],[132.50211,34.10333],[132.53771,34.09462],[132.55621,34.08248],[132.5678,34.09701],[132.56982,34.11524],[132.5376,34.12105],[132.54702,34.12879],[132.54949,34.14936],[132.53089,34.14746],[132.52172,34.15747],[132.54123,34.17332],[132.5559,34.17844],[132.54744,34.18955],[132.53555,34.18754],[132.53486,34.20046]]],[[[133.06921,36.14274],[133.05532,36.12971],[133.03065,36.13757],[133.01249,36.13577],[133.01278,36.11549],[132.98605,36.11625],[132.9723,36.10799],[132.94728,36.07972],[132.94604,36.06488],[132.97324,36.0573],[132.99359,36.05672],[132.9767,36.08339],[132.99108,36.09206],[133.00543,36.09042],[133.02208,36.06389],[133.05107,36.06601],[133.05695,36.08313],[133.04234,36.11088],[133.08087,36.12082],[133.09091,36.13424],[133.06921,36.14274]]],[[[130.01915,28.37852],[130.00868,28.3757],[129.97434,28.34266],[129.9494,28.32827],[129.9231,28.32383],[129.91318,28.31186],[129.91525,28.29649],[129.93012,28.29222],[129.93776,28.27808],[129.95401,28.27577],[129.97781,28.28801],[130.0029,28.33177],[130.0177,28.33783],[130.03012,28.35198],[130.0338,28.36821],[130.01915,28.37852]]],[[[139.36109,34.79907],[139.34957,34.78255],[139.3491,34.75903],[139.35623,34.74326],[139.3525,34.71916],[139.37257,34.69962],[139.39572,34.68393],[139.43868,34.67867],[139.44954,34.69828],[139.4437,34.70298],[139.44878,34.7196],[139.43679,34.76763],[139.40797,34.78619],[139.38422,34.79],[139.36109,34.79907]]],[[[139.76001,33.15898],[139.74914,33.15699],[139.73899,33.14552],[139.73981,33.13142],[139.75757,33.10262],[139.77883,33.09586],[139.78027,33.07564],[139.7962,33.06256],[139.82001,33.05791],[139.84003,33.076],[139.8575,33.07892],[139.8574,33.09839],[139.84487,33.11629],[139.81704,33.12022],[139.81447,33.12831],[139.79803,33.13352],[139.79608,33.14247],[139.77595,33.15626],[139.76001,33.15898]]],[[[133.01152,34.29968],[132.99519,34.28911],[132.98073,34.28666],[132.9868,34.26339],[132.99532,34.24712],[132.99058,34.22498],[132.96485,34.2271],[132.94663,34.20944],[132.95866,34.19216],[132.99283,34.20189],[133.00047,34.20933],[133.03248,34.2085],[133.05014,34.21415],[133.05178,34.23982],[133.04817,34.25903],[133.02595,34.29506],[133.01152,34.29968]]],[[[126.77613,26.39134],[126.7589,26.38921],[126.74021,26.37833],[126.71721,26.3746],[126.70941,26.36742],[126.71732,26.35328],[126.74617,26.3458],[126.76343,26.33442],[126.78063,26.30485],[126.79986,26.29355],[126.80541,26.32382],[126.82391,26.34638],[126.80471,26.3705],[126.79797,26.36856],[126.78635,26.38582],[126.77613,26.39134]]],[[[146.13499,43.5489],[146.11952,43.54067],[146.08362,43.53377],[146.07307,43.52117],[146.08945,43.50056],[146.10695,43.48838],[146.10791,43.47924],[146.12454,43.46203],[146.14721,43.47196],[146.18766,43.48353],[146.17836,43.50182],[146.19733,43.52784],[146.16146,43.5348],[146.13499,43.5489]]],[[[137.03775,37.1681],[137.02556,37.15846],[137.02426,37.14503],[137.00807,37.13721],[136.99401,37.13892],[136.96885,37.15456],[136.96231,37.14284],[136.93965,37.14078],[136.9018,37.15227],[136.90661,37.13849],[136.92277,37.12359],[136.93894,37.11588],[136.94649,37.09893],[136.97846,37.10433],[136.99394,37.11778],[137.01432,37.11193],[137.04108,37.11713],[137.05003,37.12308],[137.04065,37.13785],[137.05335,37.15093],[137.03775,37.1681]]],[[[129.85206,31.88302],[129.83489,31.88161],[129.82783,31.86799],[129.81714,31.86166],[129.82157,31.84831],[129.84246,31.8599],[129.85275,31.85203],[129.84772,31.83268],[129.87352,31.82032],[129.87399,31.80938],[129.89915,31.81375],[129.90767,31.82208],[129.919,31.81691],[129.92999,31.82437],[129.93112,31.85044],[129.92382,31.86156],[129.90984,31.86534],[129.91073,31.84295],[129.88154,31.85732],[129.87362,31.86804],[129.85206,31.88302]]],[[[133.03703,34.19529],[133.02081,34.17819],[133.03374,34.17187],[133.03963,34.15335],[133.02424,34.14917],[133.01874,34.1392],[133.02157,34.12056],[133.01273,34.11082],[133.0351,34.10772],[133.06105,34.13445],[133.07905,34.14525],[133.0868,34.15726],[133.10147,34.1591],[133.10689,34.17442],[133.08329,34.16942],[133.06855,34.19173],[133.03703,34.19529]]],[[[130.14693,30.4903],[130.14999,30.47892],[130.1662,30.4704],[130.17772,30.45558],[130.18983,30.45357],[130.19262,30.43906],[130.20998,30.42536],[130.22613,30.42401],[130.23453,30.43501],[130.26588,30.43985],[130.26288,30.44779],[130.23535,30.46998],[130.21332,30.473],[130.20026,30.48127],[130.19101,30.47187],[130.1814,30.48384],[130.15568,30.48505],[130.14693,30.4903]]],[[[132.93094,34.2846],[132.90799,34.26467],[132.89873,34.248],[132.88672,34.26162],[132.85732,34.24011],[132.84728,34.24426],[132.84197,34.22328],[132.85597,34.20816],[132.87998,34.20603],[132.89321,34.2124],[132.91803,34.2169],[132.91672,34.23394],[132.92925,34.24728],[132.93844,34.27278],[132.93094,34.2846]]],[[[139.53238,34.12463],[139.49279,34.11963],[139.49395,34.10554],[139.47401,34.07835],[139.48018,34.07064],[139.48238,34.05149],[139.50111,34.04578],[139.52863,34.04677],[139.56272,34.0687],[139.56525,34.09376],[139.55896,34.11089],[139.53238,34.12463]]],[[[128.02076,27.0945],[127.99568,27.08887],[127.98732,27.07476],[127.9699,27.06296],[127.95128,27.04501],[127.93308,27.02194],[127.93243,27.01414],[127.96672,27.02532],[127.96472,27.03486],[127.99136,27.04423],[128.00118,27.07475],[128.02076,27.0945]]],[[[132.33364,34.31127],[132.31534,34.2957],[132.2902,34.28747],[132.28346,34.27224],[132.2671,34.25034],[132.2727,34.23376],[132.30409,34.24475],[132.31414,34.25773],[132.34104,34.27505],[132.3486,34.29184],[132.33364,34.31127]]],[[[128.98997,32.933],[128.98746,32.90971],[128.99058,32.89432],[128.96104,32.89924],[128.97392,32.87574],[128.9858,32.8664],[129.0118,32.85956],[129.0201,32.8465],[129.03026,32.85339],[129.02711,32.88536],[129.03303,32.89501],[129.0238,32.91222],[129.01097,32.92592],[128.98997,32.933]]],[[[133.11256,36.12012],[133.09411,36.11709],[133.08182,36.1035],[133.06436,36.09815],[133.079,36.07268],[133.07038,36.05923],[133.06827,36.04198],[133.07797,36.03701],[133.09702,36.04932],[133.11574,36.07912],[133.13149,36.07341],[133.13733,36.08432],[133.12771,36.09056],[133.13596,36.10209],[133.11256,36.12012]]],[[[129.76823,33.14344],[129.74703,33.12539],[129.74289,33.11501],[129.74656,33.09847],[129.72883,33.10008],[129.74349,33.07336],[129.76501,33.0534],[129.77292,33.07778],[129.79337,33.08265],[129.78651,33.10414],[129.79363,33.11089],[129.79385,33.13761],[129.76823,33.14344]]],[[[133.15327,34.35818],[133.13793,34.34367],[133.14128,34.32625],[133.15595,34.2991],[133.1739,34.29246],[133.18058,34.28068],[133.20669,34.29324],[133.19337,34.29985],[133.21086,34.31391],[133.19571,34.33568],[133.17685,34.3434],[133.1734,34.35767],[133.15327,34.35818]]],[[[128.86397,32.84476],[128.85752,32.83649],[128.83758,32.83002],[128.83935,32.81388],[128.83485,32.79621],[128.84173,32.78103],[128.86607,32.76344],[128.88302,32.76474],[128.88601,32.77595],[128.90248,32.78845],[128.90064,32.82165],[128.88588,32.82501],[128.88333,32.83387],[128.86397,32.84476]]],[[[129.85176,29.88374],[129.84058,29.87637],[129.83409,29.86003],[129.83977,29.84549],[129.85209,29.83864],[129.86059,29.82196],[129.87909,29.81682],[129.88832,29.82232],[129.91551,29.82087],[129.91297,29.83005],[129.8953,29.84397],[129.89709,29.86035],[129.88628,29.87245],[129.85176,29.88374]]],[[[139.2793,34.43139],[139.27643,34.41577],[139.25572,34.40028],[139.25246,34.37644],[139.24204,34.36386],[139.24449,34.34849],[139.25256,34.3393],[139.27185,34.33089],[139.27628,34.34782],[139.27788,34.39035],[139.29136,34.40817],[139.28852,34.42686],[139.2793,34.43139]]],[[[133.13424,34.31653],[133.11809,34.31051],[133.08408,34.30821],[133.0673,34.2675],[133.08245,34.25596],[133.11225,34.26622],[133.11385,34.27212],[133.14609,34.28734],[133.1491,34.30122],[133.13424,34.31653]]],[[[130.45576,32.58917],[130.44655,32.595],[130.45693,32.61084],[130.44443,32.6256],[130.41207,32.60582],[130.39373,32.58887],[130.41697,32.58104],[130.404,32.55229],[130.4307,32.54725],[130.44847,32.55747],[130.45576,32.58917]]],[[[128.94158,32.88468],[128.94918,32.87267],[128.94204,32.85963],[128.91631,32.87013],[128.8795,32.86777],[128.8898,32.85613],[128.91872,32.84316],[128.92982,32.82752],[128.95423,32.83386],[128.963,32.84962],[128.95837,32.86905],[128.94158,32.88468]]],[[[129.75495,33.47045],[129.74999,33.44383],[129.71877,33.41868],[129.73126,33.40637],[129.74521,33.40758],[129.76404,33.42912],[129.79035,33.42993],[129.77106,33.44291],[129.77126,33.46037],[129.75495,33.47045]]],[[[129.12865,33.30224],[129.12517,33.29454],[129.08838,33.28469],[129.06978,33.27096],[129.09257,33.25911],[129.09448,33.25179],[129.12314,33.2462],[129.14976,33.26985],[129.13591,33.30077],[129.12865,33.30224]]],[[[132.64565,34.01828],[132.64516,34.01034],[132.62257,33.99321],[132.61024,33.99333],[132.58727,33.9698],[132.59038,33.95228],[132.60493,33.95067],[132.61688,33.95763],[132.64166,33.95657],[132.64479,33.98165],[132.64083,34.00312],[132.65193,34.01328],[132.64565,34.01828]]],[[[125.16327,24.86542],[125.15663,24.85671],[125.15534,24.83719],[125.1775,24.81182],[125.2054,24.80397],[125.2162,24.80673],[125.22115,24.8238],[125.21218,24.84378],[125.17889,24.86157],[125.16327,24.86542]]],[[[141.32632,24.81412],[141.31222,24.81145],[141.28996,24.79488],[141.292,24.77298],[141.28478,24.75284],[141.29639,24.75336],[141.34576,24.77299],[141.35019,24.78609],[141.33718,24.80882],[141.32632,24.81412]]],[[[142.126,26.71429],[142.12328,26.70575],[142.13081,26.68908],[142.14513,26.67493],[142.15401,26.63727],[142.17273,26.63613],[142.17434,26.65437],[142.16354,26.66257],[142.16491,26.68685],[142.14974,26.68368],[142.1458,26.69338],[142.126,26.71429]]],[[[131.85809,33.99005],[131.84901,33.96751],[131.85054,33.95531],[131.83191,33.95458],[131.82414,33.94506],[131.8119,33.95472],[131.80533,33.942],[131.82025,33.93207],[131.83583,33.93377],[131.85511,33.94845],[131.85821,33.96368],[131.87334,33.9745],[131.85809,33.99005]]],[[[129.74011,29.67182],[129.72144,29.67018],[129.69314,29.66013],[129.68362,29.65195],[129.68974,29.6219],[129.69799,29.60325],[129.73353,29.6276],[129.73928,29.64024],[129.74011,29.67182]]],[[[146.09865,43.44812],[146.08232,43.43702],[146.08664,43.42767],[146.05585,43.42291],[146.05226,43.42961],[146.02424,43.41148],[146.04613,43.40297],[146.06052,43.41634],[146.08521,43.41972],[146.09354,43.43083],[146.10662,43.43166],[146.09865,43.44812]]],[[[123.00656,24.47437],[122.97968,24.46851],[122.96257,24.47256],[122.94343,24.45816],[122.94016,24.44414],[122.96661,24.43763],[122.98453,24.44297],[123.01197,24.43738],[123.02949,24.44994],[123.03855,24.46294],[123.00656,24.47437]]],[[[129.79697,33.41464],[129.81354,33.39908],[129.80757,33.39342],[129.81005,33.35621],[129.8355,33.36254],[129.85869,33.37555],[129.85117,33.38583],[129.8339,33.38383],[129.83364,33.3999],[129.81973,33.41075],[129.79697,33.41464]]],[[[131.24073,25.87242],[131.2206,25.86656],[131.21729,25.83111],[131.21347,25.82289],[131.23353,25.81261],[131.25711,25.8175],[131.26744,25.83007],[131.2733,25.85256],[131.26521,25.86691],[131.24073,25.87242]]],[[[133.21547,34.40909],[133.17012,34.38744],[133.17438,34.36641],[133.19001,34.35736],[133.21344,34.35989],[133.22107,34.38245],[133.23689,34.39142],[133.23525,34.40659],[133.21547,34.40909]]],[[[133.10781,34.24167],[133.0788,34.23004],[133.05928,34.22664],[133.07754,34.19558],[133.09532,34.20441],[133.10505,34.19456],[133.12368,34.19408],[133.11978,34.20641],[133.13141,34.21261],[133.10874,34.22245],[133.10781,34.24167]]],[[[131.24626,34.4383],[131.2174,34.42565],[131.18605,34.42341],[131.17086,34.42589],[131.17281,34.40838],[131.19645,34.39805],[131.22235,34.42405],[131.25509,34.42168],[131.24626,34.4383]]],[[[132.712,34.20381],[132.68951,34.19643],[132.68582,34.18259],[132.71661,34.17329],[132.73906,34.17305],[132.74891,34.16261],[132.76534,34.17692],[132.75941,34.19202],[132.72109,34.19699],[132.712,34.20381]]],[[[139.14331,34.24374],[139.13689,34.22597],[139.12843,34.22115],[139.13164,34.20123],[139.12017,34.19302],[139.13038,34.18474],[139.14437,34.18876],[139.15728,34.20506],[139.17466,34.2066],[139.17035,34.23112],[139.14331,34.24374]]],[[[129.43459,33.44069],[129.42058,33.43188],[129.42164,33.40849],[129.41247,33.39804],[129.40851,33.37494],[129.4009,33.35876],[129.42002,33.35126],[129.43507,33.35482],[129.43074,33.3747],[129.43675,33.39638],[129.42837,33.40932],[129.43331,33.4188],[129.43459,33.44069]]],[[[142.19329,27.10583],[142.18169,27.10041],[142.19041,27.08927],[142.20639,27.08623],[142.2058,27.07486],[142.18894,27.0486],[142.22274,27.04423],[142.23186,27.05682],[142.23286,27.07751],[142.21144,27.10346],[142.19329,27.10583]]],[[[130.25726,32.3064],[130.23334,32.29981],[130.21367,32.28004],[130.21345,32.25243],[130.2354,32.26146],[130.26917,32.28252],[130.25726,32.3064]]],[[[132.84904,34.19629],[132.82355,34.18718],[132.80335,34.17259],[132.80263,34.15498],[132.81795,34.15103],[132.84605,34.15981],[132.86863,34.1768],[132.84904,34.19629]]],[[[132.07141,33.85841],[132.06763,33.8485],[132.08111,33.83615],[132.07838,33.82736],[132.05847,33.8144],[132.06053,33.80246],[132.08853,33.82583],[132.1042,33.82473],[132.11137,33.83167],[132.1024,33.8437],[132.08358,33.84479],[132.07141,33.85841]]],[[[129.91673,30.00739],[129.91463,29.99145],[129.90081,29.97409],[129.91368,29.95753],[129.93446,29.94896],[129.94715,29.9599],[129.92259,29.98901],[129.91673,30.00739]]],[[[132.2094,33.81729],[132.18786,33.80768],[132.21566,33.78194],[132.25955,33.77964],[132.24751,33.79653],[132.23572,33.79807],[132.22343,33.81329],[132.2094,33.81729]]],[[[127.80791,26.73918],[127.79201,26.73363],[127.76032,26.73773],[127.74904,26.72292],[127.76161,26.7084],[127.79202,26.70956],[127.80993,26.70593],[127.82783,26.70995],[127.82848,26.7244],[127.80791,26.73918]]],[[[139.60315,33.90106],[139.5909,33.89807],[139.57809,33.88247],[139.57919,33.86042],[139.591,33.85486],[139.62001,33.85185],[139.63166,33.8719],[139.61833,33.89232],[139.60315,33.90106]]],[[[129.21393,28.05497],[129.20556,28.0343],[129.21154,28.02283],[129.22574,28.02523],[129.25332,28.0141],[129.2694,28.01732],[129.2657,28.03648],[129.24777,28.03945],[129.23577,28.03103],[129.21393,28.05497]]],[[[127.35717,26.22647],[127.34825,26.21063],[127.33928,26.18233],[127.34827,26.16705],[127.34477,26.15418],[127.36328,26.1567],[127.36045,26.18317],[127.37388,26.20213],[127.37211,26.21533],[127.35717,26.22647]]],[[[134.08554,34.49945],[134.06947,34.49702],[134.05879,34.48808],[134.04185,34.48839],[134.05179,34.47226],[134.06556,34.47053],[134.08132,34.45917],[134.1027,34.47909],[134.08554,34.49945]]],[[[145.88774,43.46222],[145.89607,43.44707],[145.90058,43.42347],[145.91954,43.42678],[145.94951,43.42335],[145.92799,43.4489],[145.89792,43.44865],[145.88774,43.46222]]],[[[134.64366,34.23954],[134.61768,34.23015],[134.61463,34.21958],[134.59108,34.20141],[134.61514,34.19437],[134.62735,34.20785],[134.64366,34.23954]]],[[[129.9392,30.85147],[129.92493,30.84924],[129.9049,30.83127],[129.91724,30.81743],[129.93735,30.81216],[129.95305,30.81836],[129.96456,30.83007],[129.9392,30.85147]]],[[[135.23333,34.43409],[135.25242,34.44693],[135.24158,34.45522],[135.20117,34.42809],[135.21912,34.42222],[135.22769,34.41348],[135.25652,34.43376],[135.25176,34.44412],[135.23333,34.43409]]],[[[133.7105,34.3991],[133.70914,34.38726],[133.69044,34.37773],[133.68453,34.36125],[133.69885,34.35201],[133.70886,34.35325],[133.73051,34.37029],[133.7249,34.38442],[133.7105,34.3991]]],[[[146.31216,43.65147],[146.31026,43.63954],[146.29379,43.629],[146.30831,43.62074],[146.3568,43.61759],[146.35214,43.63829],[146.32793,43.63912],[146.31216,43.65147]]],[[[128.99295,32.791],[128.97922,32.76046],[128.96286,32.75087],[128.97282,32.74367],[129.00426,32.7505],[129.00735,32.77008],[128.99295,32.791]]],[[[124.71079,24.67735],[124.68252,24.67327],[124.6729,24.66521],[124.67539,24.6433],[124.70818,24.63814],[124.72602,24.65047],[124.72652,24.66678],[124.71079,24.67735]]],[[[128.432,27.06811],[128.41521,27.05989],[128.41248,27.02832],[128.42298,27.02329],[128.4574,27.02362],[128.45511,27.0477],[128.44046,27.06582],[128.432,27.06811]]],[[[127.93761,26.9557],[127.91969,26.9479],[127.91195,26.93677],[127.92212,26.93121],[127.92146,26.91907],[127.93892,26.91189],[127.95716,26.93507],[127.95534,26.94577],[127.93761,26.9557]]],[[[129.60878,33.0653],[129.60151,33.05094],[129.59179,33.04674],[129.58721,33.02777],[129.60675,33.02359],[129.62487,33.03308],[129.63449,33.05087],[129.62525,33.06002],[129.60878,33.0653]]],[[[133.22905,34.29181],[133.19884,34.2688],[133.20056,34.24006],[133.214,34.24401],[133.20854,34.25747],[133.22696,34.2666],[133.23683,34.27713],[133.22905,34.29181]]],[[[129.55644,33.51076],[129.5277,33.49942],[129.52744,33.48473],[129.53474,33.47471],[129.55379,33.4694],[129.57493,33.48372],[129.55385,33.48927],[129.55644,33.51076]]],[[[139.25607,38.49097],[139.22331,38.45859],[139.22646,38.43735],[139.24799,38.45329],[139.25869,38.48248],[139.25607,38.49097]]],[[[130.35529,32.35213],[130.34462,32.34883],[130.32978,32.33338],[130.3338,32.31748],[130.3449,32.31233],[130.37408,32.34299],[130.35529,32.35213]]],[[[129.05692,33.22001],[129.02837,33.20098],[129.07336,33.18786],[129.08288,33.1956],[129.08015,33.20994],[129.06619,33.20801],[129.05692,33.22001]]],[[[130.30353,30.80842],[130.2761,30.79171],[130.26538,30.77905],[130.31358,30.78093],[130.32157,30.79143],[130.30353,30.80842]]],[[[141.58515,38.27645],[141.57911,38.2869],[141.58884,38.29868],[141.56798,38.30941],[141.54784,38.30244],[141.55804,38.28207],[141.57437,38.26948],[141.58515,38.27645]]],[[[132.69121,33.92651],[132.6795,33.92106],[132.66246,33.87397],[132.68195,33.87983],[132.67404,33.90092],[132.69361,33.90553],[132.69121,33.92651]]],[[[125.14169,24.84257],[125.13536,24.83491],[125.14718,24.80654],[125.16182,24.8025],[125.17548,24.81396],[125.15794,24.83232],[125.14169,24.84257]]],[[[129.17252,28.06886],[129.16615,28.0679],[129.15052,28.04742],[129.14395,28.02332],[129.14769,28.01394],[129.16551,28.02142],[129.17205,28.04868],[129.17252,28.06886]]],[[[131.2859,25.961],[131.28507,25.94838],[131.29424,25.93369],[131.30535,25.92841],[131.32315,25.9319],[131.33211,25.95109],[131.2859,25.961]]],[[[134.1667,34.49376],[134.15644,34.49204],[134.14469,34.4788],[134.15173,34.4613],[134.16827,34.46475],[134.19006,34.48462],[134.17285,34.48903],[134.1667,34.49376]]],[[[139.34083,41.52511],[139.33467,41.51453],[139.34048,41.49511],[139.37219,41.5014],[139.38307,41.50762],[139.3759,41.52251],[139.34083,41.52511]]],[[[123.78712,24.07175],[123.75423,24.06286],[123.76044,24.04851],[123.79535,24.04587],[123.80988,24.05861],[123.80705,24.06645],[123.78712,24.07175]]],[[[135.22,34.68278],[135.20144,34.67363],[135.20236,34.65924],[135.21715,34.65008],[135.24511,34.65082],[135.23189,34.67343],[135.22,34.68278]]],[[[135.81174,33.48136],[135.79983,33.46955],[135.82917,33.45616],[135.85403,33.4617],[135.8561,33.47071],[135.81174,33.48136]]],[[[139.75501,35.61771],[139.749,35.60073],[139.74933,35.58911],[139.75592,35.57707],[139.78301,35.5771],[139.75501,35.61771]]],[[[142.19167,27.14417],[142.18795,27.12976],[142.22004,27.10888],[142.22662,27.12406],[142.21646,27.13254],[142.20503,27.12886],[142.19167,27.14417]]],[[[136.89862,34.53869],[136.8757,34.52931],[136.87187,34.51909],[136.8586,34.51756],[136.85821,34.50586],[136.89421,34.5231],[136.89862,34.53869]]],[[[130.9122,33.95421],[130.8953,33.94421],[130.90255,33.91471],[130.92344,33.91434],[130.92836,33.92636],[130.9122,33.95421]]],[[[130.80889,33.94873],[130.77742,33.94607],[130.78422,33.93499],[130.82226,33.93037],[130.84505,33.93924],[130.83229,33.94984],[130.80889,33.94873]]],[[[133.1525,34.28041],[133.13247,34.2651],[133.13379,34.24103],[133.15246,34.24604],[133.16557,34.26062],[133.1525,34.28041]]],[[[131.1307,34.79865],[131.13086,34.76913],[131.13763,34.75812],[131.16091,34.76365],[131.16238,34.77195],[131.14676,34.77972],[131.1461,34.78827],[131.1307,34.79865]]],[[[124.00424,24.25386],[123.99101,24.24726],[124.00133,24.22415],[124.0138,24.22146],[124.03025,24.23783],[124.00424,24.25386]]],[[[134.48733,34.6716],[134.48617,34.66135],[134.46707,34.6616],[134.4603,34.65086],[134.46765,34.64036],[134.48084,34.6499],[134.50091,34.64551],[134.48733,34.6716]]],[[[133.00383,36.03292],[133.0093,36.00194],[133.04205,36.00835],[133.04459,36.01881],[133.03529,36.02864],[133.00383,36.03292]]],[[[132.54564,32.75515],[132.54,32.73028],[132.55055,32.7166],[132.57064,32.714],[132.57013,32.73628],[132.54564,32.75515]]],[[[123.97439,24.3548],[123.963,24.3327],[123.98333,24.33104],[123.99364,24.32352],[124.00243,24.33273],[123.99231,24.34677],[123.97439,24.3548]]],[[[131.77298,34.05032],[131.74905,34.0366],[131.73319,34.03755],[131.72871,34.02264],[131.74557,34.02306],[131.77298,34.05032]]],[[[129.38425,34.30344],[129.36945,34.30266],[129.35098,34.2929],[129.35084,34.28332],[129.36251,34.27449],[129.39316,34.29677],[129.38425,34.30344]]],[[[130.85762,30.76579],[130.84232,30.74893],[130.83833,30.72698],[130.8567,30.72537],[130.86798,30.74104],[130.85762,30.76579]]],[[[130.49347,32.60973],[130.47402,32.60323],[130.4865,32.5921],[130.49212,32.5762],[130.50933,32.59174],[130.50914,32.60717],[130.49347,32.60973]]],[[[141.6243,38.88541],[141.60496,38.87746],[141.6047,38.8604],[141.61757,38.84127],[141.63136,38.87756],[141.6243,38.88541]]],[[[133.96982,34.47798],[133.9669,34.46648],[133.97628,34.44902],[134.00255,34.44518],[133.99926,34.46097],[133.96982,34.47798]]],[[[130.43857,33.91544],[130.42823,33.90932],[130.40972,33.91055],[130.40711,33.8965],[130.42651,33.8869],[130.44777,33.91244],[130.43857,33.91544]]],[[[134.29835,34.7302],[134.28032,34.72234],[134.28191,34.70671],[134.30287,34.70817],[134.32138,34.70314],[134.32304,34.7141],[134.31096,34.72723],[134.29835,34.7302]]],[[[139.73562,35.49414],[139.70322,35.48108],[139.71271,35.46425],[139.74184,35.47702],[139.73562,35.49414]]],[[[141.15025,38.35668],[141.14939,38.34218],[141.13151,38.3387],[141.14096,38.32476],[141.16652,38.32735],[141.16762,38.34235],[141.15025,38.35668]]],[[[141.3267,44.44239],[141.29298,44.41958],[141.3196,44.41559],[141.33557,44.43229],[141.3267,44.44239]]],[[[130.4734,32.58796],[130.46028,32.57285],[130.4657,32.54622],[130.48743,32.5702],[130.4734,32.58796]]],[[[132.675,34.2023],[132.65662,34.19628],[132.64862,34.18641],[132.66809,34.17081],[132.68446,34.18771],[132.675,34.2023]]],[[[133.11221,34.36016],[133.10456,34.35724],[133.09922,34.32805],[133.11583,34.31934],[133.12655,34.33765],[133.12248,34.35325],[133.11221,34.36016]]],[[[139.82706,35.59694],[139.82032,35.60739],[139.79343,35.5928],[139.81343,35.57873],[139.83219,35.58894],[139.82706,35.59694]]],[[[131.58618,34.02352],[131.56888,34.01342],[131.56616,33.98696],[131.59158,33.99937],[131.5957,34.01121],[131.58618,34.02352]]],[[[129.2013,29.15904],[129.1867,29.15341],[129.20037,29.13872],[129.22012,29.12674],[129.21859,29.15857],[129.2013,29.15904]]],[[[129.60282,32.95034],[129.59146,32.93492],[129.6052,32.91819],[129.61651,32.91723],[129.62387,32.93729],[129.60282,32.95034]]],[[[141.47027,38.28364],[141.45952,38.27447],[141.47572,38.25258],[141.49384,38.25648],[141.47953,38.2794],[141.47027,38.28364]]],[[[129.59533,29.47708],[129.58678,29.45976],[129.59372,29.4463],[129.61278,29.4452],[129.62017,29.45015],[129.60948,29.47217],[129.59533,29.47708]]],[[[127.23129,26.60207],[127.21657,26.59266],[127.20813,26.57598],[127.23467,26.57995],[127.24821,26.58632],[127.24008,26.60002],[127.23129,26.60207]]],[[[131.97065,33.79799],[131.95888,33.78079],[131.9641,33.76855],[131.99354,33.77974],[131.99141,33.78608],[131.97065,33.79799]]],[[[129.83959,31.81909],[129.82125,31.81421],[129.81356,31.79754],[129.81609,31.78038],[129.83563,31.79753],[129.83959,31.81909]]],[[[129.18439,28.30578],[129.17847,28.29742],[129.20744,28.28225],[129.22071,28.28514],[129.2125,28.29835],[129.18439,28.30578]]],[[[134.53559,34.68655],[134.51053,34.6767],[134.51357,34.67073],[134.5419,34.65819],[134.54538,34.67411],[134.53559,34.68655]]],[[[133.31869,34.37275],[133.30161,34.36793],[133.28882,34.35599],[133.30193,34.3424],[133.32122,34.35367],[133.31869,34.37275]]],[[[135.41694,34.64464],[135.39851,34.63817],[135.42216,34.62191],[135.4417,34.62921],[135.4393,34.64121],[135.41694,34.64464]]],[[[134.60724,34.25165],[134.59331,34.2422],[134.58783,34.23074],[134.59821,34.22134],[134.6174,34.23422],[134.60724,34.25165]]],[[[132.38548,34.1775],[132.38348,34.15656],[132.39996,34.14785],[132.4137,34.15066],[132.41219,34.16649],[132.38548,34.1775]]],[[[128.63462,32.67982],[128.61523,32.65509],[128.62245,32.63761],[128.63563,32.64679],[128.63462,32.67982]]],[[[131.93535,33.01604],[131.92351,33.0117],[131.9248,32.99999],[131.91054,32.98943],[131.91682,32.98139],[131.93106,32.99031],[131.93535,33.01604]]],[[[128.02012,26.68051],[128.00024,26.67458],[127.99731,26.65608],[128.0315,26.65912],[128.02012,26.68051]]],[[[136.80583,34.87764],[136.79845,34.87558],[136.80648,34.84586],[136.82447,34.84874],[136.81538,34.87206],[136.80583,34.87764]]],[[[130.31461,32.36803],[130.31104,32.35777],[130.32137,32.34041],[130.34067,32.35181],[130.31461,32.36803]]],[[[141.42574,44.44657],[141.38639,44.43801],[141.39385,44.43099],[141.41581,44.42772],[141.42909,44.43349],[141.42574,44.44657]]],[[[133.07877,34.33308],[133.06624,34.32586],[133.0619,34.31462],[133.07808,34.30163],[133.08713,34.31324],[133.07877,34.33308]]],[[[139.75901,32.47355],[139.75468,32.45144],[139.77135,32.44353],[139.78079,32.45714],[139.75901,32.47355]]],[[[131.67154,33.73879],[131.65493,33.73016],[131.66572,33.71683],[131.69038,33.73237],[131.67154,33.73879]]],[[[132.79512,34.16786],[132.79937,34.17609],[132.78655,34.18882],[132.77137,34.1764],[132.77221,34.16111],[132.79512,34.16786]]],[[[130.29954,33.6895],[130.29007,33.68483],[130.28972,33.67115],[130.29856,33.66032],[130.31592,33.66602],[130.29954,33.6895]]],[[[127.96568,26.36509],[127.94622,26.35061],[127.95943,26.33826],[127.97431,26.35014],[127.97003,26.35499],[127.96568,26.36509]]],[[[135.2814,34.6973],[135.25221,34.6933],[135.25446,34.67776],[135.2905,34.6817],[135.2814,34.6973]]],[[[127.31006,26.25196],[127.29146,26.22712],[127.30336,26.21976],[127.31423,26.2274],[127.31006,26.25196]]],[[[127.98799,26.38508],[127.97369,26.37649],[127.97064,26.35535],[127.98093,26.3555],[127.99489,26.36471],[127.98799,26.38508]]],[[[124.08687,24.34049],[124.076,24.32529],[124.08023,24.31344],[124.10202,24.32088],[124.08687,24.34049]]],[[[133.77766,34.401],[133.76019,34.37902],[133.77201,34.37722],[133.78839,34.38673],[133.77766,34.401]]],[[[142.18922,27.19003],[142.18327,27.16605],[142.19626,27.15457],[142.20216,27.16914],[142.18922,27.19003]]],[[[136.8309,35.04937],[136.81004,35.04931],[136.81086,35.02667],[136.83897,35.0302],[136.8309,35.04937]]],[[[129.24732,33.0232],[129.23297,33.01103],[129.23264,33.00075],[129.24598,32.99352],[129.25457,32.99987],[129.24732,33.0232]]],[[[133.54264,34.40202],[133.5275,34.38804],[133.5281,34.37858],[133.545,34.37738],[133.55115,34.39192],[133.54264,34.40202]]],[[[141.28411,25.44877],[141.27372,25.44167],[141.27614,25.41943],[141.29328,25.42572],[141.29318,25.43647],[141.28411,25.44877]]],[[[129.12276,33.21372],[129.11492,33.20797],[129.12447,33.18776],[129.1349,33.19673],[129.12276,33.21372]]],[[[135.43767,34.55563],[135.42023,34.53798],[135.43067,34.534],[135.44081,34.54926],[135.43767,34.55563]]],[[[134.00756,34.49804],[134.01911,34.48008],[134.02388,34.50684],[134.00756,34.49804]]]]}},{"type":"Feature","properties":{"id":"kab","country_id":"KAB","level":"country","countryCode":"kab","countryName":"Baykonur Cosmodrome","nameZh":"拜科努尔","nameEn":"Baikonur","source":"Natural Earth Admin 0 Countries","sourceVersion":"5.1.1","sourceYear":2022,"license":"Public Domain","boundaryPolicy":"de facto","mapCluster":"global-country","sourceSimplification":"2%","sourceMapshaperPackage":"mapshaper@0.7.47","sourceComponentCountryIds":["KAB"],"sourceComponentRegionIds":[]},"geometry":{"type":"Polygon","coordinates":[[[63.38391,45.56582],[63.86755,45.7477],[63.9553,46.06143],[63.7549,46.29666],[63.21049,46.37226],[62.90027,46.20896],[62.90027,45.7477],[63.38391,45.56582]]]}},{"type":"Feature","properties":{"id":"kas","country_id":"KAS","level":"country","countryCode":"kas","countryName":"Siachen Glacier","nameZh":"锡亚琴冰川","nameEn":"Siachen Glacier","source":"Natural Earth Admin 0 Countries","sourceVersion":"5.1.1","sourceYear":2022,"license":"Public Domain","boundaryPolicy":"de facto","mapCluster":"global-country","sourceSimplification":"2%","sourceMapshaperPackage":"mapshaper@0.7.47","sourceComponentCountryIds":["KAS"],"sourceComponentRegionIds":[]},"geometry":{"type":"Polygon","coordinates":[[[77.04897,35.11044],[77.80035,35.49541],[77.41277,35.46941],[76.77735,35.64611],[77.04897,35.11044]]]}},{"type":"Feature","properties":{"id":"ke","country_id":"KE","level":"country","countryCode":"ke","countryName":"Kenya","nameZh":"Kenya","nameEn":"Kenya","source":"Natural Earth Admin 1 States/Provinces dissolved to countries + Footprint policy overrides","sourceVersion":"5.1.1","sourceYear":2022,"license":"Public Domain","boundaryPolicy":"de facto","mapCluster":"global-country","sourceSimplification":"2%","sourceMapshaperPackage":"mapshaper@0.7.47","sourceComponentCountryIds":["KE"],"sourceComponentRegionIds":["KE-110","KE-200","KE-300","KE-400","KE-500","KE-600","KE-700","KE-800"]},"geometry":{"type":"Polygon","coordinates":[[[41.53594,-1.67631],[41.52287,-1.57277],[40.97975,-0.8708],[40.96849,1.2303],[40.96539,2.81414],[41.34273,3.20115],[41.88502,3.97723],[41.11452,3.96234],[40.76374,4.28493],[39.84845,3.86728],[39.53633,3.40501],[39.29634,3.49199],[39.09044,3.51833],[38.49691,3.62394],[38.10189,3.61265],[36.84409,4.43224],[36.64886,4.43118],[36.04532,4.44372],[35.92084,4.61933],[35.61064,4.62001],[35.57084,4.90431],[35.24573,4.98172],[34.38119,4.62016],[33.97708,4.21969],[34.27887,3.70972],[34.54556,3.0975],[34.92358,2.47732],[34.92234,2.21072],[34.97867,1.67595],[34.78075,1.37179],[34.56688,1.10302],[34.56006,1.09315],[34.50748,1.10252],[34.46335,0.99999],[34.29625,0.74675],[34.13159,0.56943],[33.96027,0.19868],[33.95248,-0.1157],[33.90421,-1.00257],[34.71889,-1.41241],[35.24637,-1.70682],[37.42421,-2.92275],[37.68,-3.19215],[37.59029,-3.40408],[37.77096,-3.65543],[38.41617,-4.11998],[39.1906,-4.6775],[39.55112,-4.40211],[39.84897,-3.62518],[40.12908,-3.25189],[40.17498,-2.76263],[40.38982,-2.56032],[40.82862,-2.37477],[40.90431,-2.08034],[41.30348,-1.95615],[41.53509,-1.6963],[41.53594,-1.67631]]]}},{"type":"Feature","properties":{"id":"kg","country_id":"KG","level":"country","countryCode":"kg","countryName":"Kyrgyzstan","nameZh":"Kyrgyzstan","nameEn":"Kyrgyzstan","source":"Natural Earth Admin 1 States/Provinces dissolved to countries + Footprint policy overrides","sourceVersion":"5.1.1","sourceYear":2022,"license":"Public Domain","boundaryPolicy":"de facto","mapCluster":"global-country","sourceSimplification":"2%","sourceMapshaperPackage":"mapshaper@0.7.47","sourceComponentCountryIds":["KG"],"sourceComponentRegionIds":["KG-B","KG-C","KG-GB","KG-J","KG-N","KG-O","KG-T","KG-Y"]},"geometry":{"type":"Polygon","coordinates":[[[70.95896,40.23837],[70.6274,39.99389],[69.96956,40.2116],[69.31399,39.98691],[69.28619,39.53971],[69.66942,39.57779],[70.65556,39.49464],[70.73974,39.38623],[71.50965,39.585],[72.22867,39.1895],[72.65048,39.39377],[73.16786,39.35538],[73.63264,39.44834],[74.00399,40.06081],[74.36986,40.10582],[74.83231,40.50812],[75.19389,40.44125],[75.55986,40.63287],[75.68182,40.2917],[76.44911,40.41552],[76.86097,41.01321],[78.07495,41.03951],[78.23134,41.17286],[78.3599,41.37753],[79.30413,41.78755],[80.18191,42.02098],[80.21033,42.18952],[79.91794,42.42444],[79.47642,42.45397],[79.03087,42.75615],[78.49612,42.8756],[77.21189,42.90994],[76.95688,42.98851],[76.40446,42.88924],[75.80706,42.93677],[75.17859,42.84966],[74.25865,43.21576],[73.63409,43.06246],[73.41002,42.58965],[73.50508,42.42156],[71.84774,42.83405],[71.40461,42.79488],[71.00319,42.56353],[70.88883,42.33858],[70.94779,42.24815],[71.24987,42.19839],[70.16929,41.57834],[70.47078,41.40488],[71.27615,41.11315],[71.58553,41.32353],[72.16989,41.16865],[72.19549,41.00636],[73.13504,40.83527],[72.58578,40.50874],[72.22833,40.45961],[72.01324,40.26207],[71.67307,40.14789],[71.36513,40.29413],[70.95896,40.23837]]]}},{"type":"Feature","properties":{"id":"kh","country_id":"KH","level":"country","countryCode":"kh","countryName":"Cambodia","nameZh":"Cambodia","nameEn":"Cambodia","source":"Natural Earth Admin 1 States/Provinces dissolved to countries + Footprint policy overrides","sourceVersion":"5.1.1","sourceYear":2022,"license":"Public Domain","boundaryPolicy":"de facto","mapCluster":"global-country","sourceSimplification":"2%","sourceMapshaperPackage":"mapshaper@0.7.47","sourceComponentCountryIds":["KH"],"sourceComponentRegionIds":["KH-1","KH-10","KH-11","KH-12","KH-13","KH-14","KH-15","KH-16","KH-17","KH-18","KH-19","KH-2","KH-20","KH-21","KH-22","KH-23","KH-24","KH-3","KH-4","KH-5","KH-6","KH-7","KH-8","KH-9"]},"geometry":{"type":"Polygon","coordinates":[[[102.32953,13.4846],[102.32919,13.27263],[102.4901,12.99519],[102.4952,12.74603],[102.49588,12.65415],[102.76375,12.42526],[102.76501,12.04456],[102.91358,11.6459],[103.11451,11.45824],[103.09555,10.93399],[103.68873,10.74299],[103.91688,10.61597],[104.26857,10.55207],[104.42419,10.45105],[104.45135,10.41966],[104.70063,10.52423],[104.72442,10.52134],[105.06623,10.74643],[105.03855,10.92258],[105.20915,10.89165],[105.5236,10.95129],[105.61724,10.97084],[106.15505,10.78485],[106.17039,10.9706],[105.84344,11.30409],[105.79318,11.58288],[105.82099,11.64147],[106.01542,11.7705],[106.43459,11.67843],[106.3954,11.96581],[106.79056,12.06741],[107.22782,12.31059],[107.55667,12.47268],[107.54008,12.71669],[107.4604,13.02161],[107.5616,13.26201],[107.57491,13.29363],[107.44599,13.92164],[107.31994,14.11984],[107.52039,14.70458],[107.41492,14.54343],[106.94611,14.32352],[106.62205,14.45759],[106.34,14.44899],[105.96917,14.33202],[106.14456,14.0724],[105.89558,13.9248],[105.18431,14.34574],[104.91562,14.39322],[104.45851,14.35704],[104.04572,14.35729],[104.04506,14.35697],[103.55025,14.42186],[103.24328,14.34193],[103.01693,14.23887],[102.91393,14.16495],[102.69862,13.7618],[102.32953,13.4846]]]}},{"type":"Feature","properties":{"id":"ki","country_id":"KI","level":"country","countryCode":"ki","countryName":"Kiribati","nameZh":"Kiribati","nameEn":"Kiribati","source":"Natural Earth Admin 1 States/Provinces dissolved to countries + Footprint policy overrides","sourceVersion":"5.1.1","sourceYear":2022,"license":"Public Domain","boundaryPolicy":"de facto","mapCluster":"global-country","sourceSimplification":"2%","sourceMapshaperPackage":"mapshaper@0.7.47","sourceComponentCountryIds":["KI"],"sourceComponentRegionIds":["KI-X01~"]},"geometry":{"type":"Polygon","coordinates":[[[-157.19099,1.7639],[-157.38207,1.90217],[-157.44896,1.80024],[-157.19099,1.7639]]]}},{"type":"Feature","properties":{"id":"km","country_id":"KM","level":"country","countryCode":"km","countryName":"Comoros","nameZh":"Comoros","nameEn":"Comoros","source":"Natural Earth Admin 1 States/Provinces dissolved to countries + Footprint policy overrides","sourceVersion":"5.1.1","sourceYear":2022,"license":"Public Domain","boundaryPolicy":"de facto","mapCluster":"global-country","sourceSimplification":"2%","sourceMapshaperPackage":"mapshaper@0.7.47","sourceComponentCountryIds":["KM"],"sourceComponentRegionIds":["KM-A","KM-G","KM-M"]},"geometry":{"type":"MultiPolygon","coordinates":[[[[43.46656,-11.82171],[43.27654,-11.37957],[43.26287,-11.81805],[43.46656,-11.82171]]],[[[44.52906,-12.23284],[44.48414,-12.08554],[44.33058,-12.23626],[44.52849,-12.35475],[44.52906,-12.23284]]],[[[43.78875,-12.30804],[43.62989,-12.25172],[43.68141,-12.35809],[43.78875,-12.30804]]]]}},{"type":"Feature","properties":{"id":"kn","country_id":"KN","level":"country","countryCode":"kn","countryName":"Saint Kitts and Nevis","nameZh":"Saint Kitts and Nevis","nameEn":"Saint Kitts and Nevis","source":"Natural Earth Admin 1 States/Provinces dissolved to countries + Footprint policy overrides","sourceVersion":"5.1.1","sourceYear":2022,"license":"Public Domain","boundaryPolicy":"de facto","mapCluster":"global-country","sourceSimplification":"2%","sourceMapshaperPackage":"mapshaper@0.7.47","sourceComponentCountryIds":["KN"],"sourceComponentRegionIds":["KN-01","KN-02","KN-03","KN-04","KN-05","KN-06","KN-07","KN-08","KN-09","KN-10","KN-11","KN-12","KN-13","KN-14"]},"geometry":{"type":"MultiPolygon","coordinates":[[[[-62.76942,17.387],[-62.82234,17.4101],[-62.85664,17.38043],[-62.83161,17.33015],[-62.77163,17.29802],[-62.72381,17.29169],[-62.68116,17.2994],[-62.70356,17.3416],[-62.73051,17.36461],[-62.76942,17.387]]],[[[-62.53696,17.13839],[-62.61255,17.18913],[-62.62637,17.14069],[-62.62157,17.12833],[-62.56574,17.10053],[-62.53696,17.13839]]]]}},{"type":"Feature","properties":{"id":"kos","country_id":"KOS","level":"country","countryCode":"kos","countryName":"Kosovo","nameZh":"科索沃","nameEn":"Kosovo","source":"Natural Earth Admin 0 Countries","sourceVersion":"5.1.1","sourceYear":2022,"license":"Public Domain","boundaryPolicy":"de facto","mapCluster":"global-country","sourceSimplification":"2%","sourceMapshaperPackage":"mapshaper@0.7.47","sourceComponentCountryIds":["KOS"],"sourceComponentRegionIds":[]},"geometry":{"type":"Polygon","coordinates":[[[20.06496,42.54676],[20.50079,42.21122],[20.56715,41.87318],[21.09848,42.19595],[21.56407,42.24629],[21.73865,42.68215],[21.37867,42.74414],[20.83855,43.17047],[20.34535,42.82744],[20.06496,42.54676]]]}},{"type":"Feature","properties":{"id":"kp","country_id":"KP","level":"country","countryCode":"kp","countryName":"North Korea","nameZh":"North Korea","nameEn":"North Korea","source":"Natural Earth Admin 1 States/Provinces dissolved to countries + Footprint policy overrides","sourceVersion":"5.1.1","sourceYear":2022,"license":"Public Domain","boundaryPolicy":"de facto","mapCluster":"global-country","sourceSimplification":"2%","sourceMapshaperPackage":"mapshaper@0.7.47","sourceComponentCountryIds":["KP"],"sourceComponentRegionIds":["KP-01","KP-02","KP-03","KP-04","KP-05","KP-06","KP-07","KP-08","KP-09","KP-10","KP-13"]},"geometry":{"type":"Polygon","coordinates":[[[125.63009,38.65901],[125.64723,38.62856],[125.05824,38.56847],[124.88388,38.35529],[125.01319,37.90599],[125.60922,37.8063],[126.40164,37.88901],[126.66746,37.82781],[126.94013,38.17417],[126.96606,38.21304],[127.15749,38.30722],[128.03986,38.30428],[128.36492,38.62434],[127.43808,39.40517],[127.52084,39.74698],[128.00685,40.04515],[128.30209,40.03343],[129.16061,40.5646],[129.71656,40.83459],[129.7999,41.3686],[129.69082,41.64972],[130.20227,42.17355],[130.69996,42.29511],[130.53077,42.53048],[130.45215,42.54956],[130.23901,42.90224],[129.87975,42.99603],[129.70333,42.44237],[129.2431,42.37871],[128.88317,42.03041],[128.03459,41.99374],[128.303,41.58341],[128.18569,41.40445],[127.26906,41.50496],[126.99962,41.75203],[126.61788,41.66593],[126.00784,40.89931],[125.70409,40.85919],[125.41516,40.65268],[124.89551,40.48363],[124.36997,40.09829],[124.43442,39.83076],[125.28598,39.52119],[125.45175,39.57128],[125.4319,39.30073],[125.13722,38.80353],[125.63009,38.65901]]]}},{"type":"Feature","properties":{"id":"kr","country_id":"KR","level":"country","countryCode":"kr","countryName":"South Korea","nameZh":"South Korea","nameEn":"South Korea","source":"Natural Earth Admin 1 States/Provinces dissolved to countries + Footprint policy overrides","sourceVersion":"5.1.1","sourceYear":2022,"license":"Public Domain","boundaryPolicy":"de facto","mapCluster":"global-country","sourceSimplification":"2%","sourceMapshaperPackage":"mapshaper@0.7.47","sourceComponentCountryIds":["KR"],"sourceComponentRegionIds":["KR-11","KR-26","KR-27","KR-28","KR-29","KR-30","KR-31","KR-41","KR-42","KR-43","KR-44","KR-45","KR-46","KR-47","KR-48","KR-49","KR-50"]},"geometry":{"type":"MultiPolygon","coordinates":[[[[129.19927,35.16364],[129.26884,35.31572],[129.45906,35.61078],[129.53559,35.93904],[129.38233,36.20185],[129.42262,36.61664],[129.33107,37.28217],[128.6316,38.14496],[128.36492,38.62434],[128.03986,38.30428],[127.15749,38.30722],[126.96606,38.21304],[126.94013,38.17417],[126.66746,37.82781],[126.60379,37.5493],[126.59599,37.43966],[126.72005,37.37705],[126.75522,37.04881],[126.96169,36.90511],[126.56617,36.99079],[126.33603,36.82465],[126.69247,35.9999],[126.81208,36.0473],[126.4369,35.37056],[126.40927,34.84447],[126.27109,34.64248],[126.80983,34.45124],[127.01026,34.61249],[127.31593,34.4449],[127.74985,34.73713],[127.80499,34.95715],[128.43531,34.84317],[128.52638,35.10346],[128.96278,35.13339],[129.19927,35.16364]]],[[[126.94606,33.47801],[126.31057,33.46448],[126.28614,33.20038],[126.84059,33.31021],[126.94606,33.47801]]]]}},{"type":"Feature","properties":{"id":"kw","country_id":"KW","level":"country","countryCode":"kw","countryName":"Kuwait","nameZh":"Kuwait","nameEn":"Kuwait","source":"Natural Earth Admin 1 States/Provinces dissolved to countries + Footprint policy overrides","sourceVersion":"5.1.1","sourceYear":2022,"license":"Public Domain","boundaryPolicy":"de facto","mapCluster":"global-country","sourceSimplification":"2%","sourceMapshaperPackage":"mapshaper@0.7.47","sourceComponentCountryIds":["KW"],"sourceComponentRegionIds":["KW-AH","KW-FA","KW-HA","KW-JA","KW-KU","KW-MU"]},"geometry":{"type":"Polygon","coordinates":[[[48.43278,28.54048],[48.10613,29.21352],[48.09383,29.31042],[48.00836,29.36916],[47.85849,29.3232],[48.02174,29.77973],[47.94801,29.99405],[47.35823,30.09212],[47.11049,29.96091],[46.85345,29.44456],[46.56147,29.12417],[46.53244,29.09574],[47.44632,28.97624],[47.66813,28.5335],[48.43278,28.54048]]]}},{"type":"Feature","properties":{"id":"ky","country_id":"KY","level":"country","countryCode":"ky","countryName":"Cayman Islands","nameZh":"Cayman Islands","nameEn":"Cayman Islands","source":"Natural Earth Admin 1 States/Provinces dissolved to countries + Footprint policy overrides","sourceVersion":"5.1.1","sourceYear":2022,"license":"Public Domain","boundaryPolicy":"de facto","mapCluster":"global-country","sourceSimplification":"2%","sourceMapshaperPackage":"mapshaper@0.7.47","sourceComponentCountryIds":["KY"],"sourceComponentRegionIds":["KY-X01~"]},"geometry":{"type":"Polygon","coordinates":[[[-81.1361,19.35489],[-81.28628,19.36848],[-81.3035,19.30905],[-81.1351,19.29074],[-81.1361,19.35489]]]}},{"type":"Feature","properties":{"id":"kz","country_id":"KZ","level":"country","countryCode":"kz","countryName":"Kazakhstan","nameZh":"Kazakhstan","nameEn":"Kazakhstan","source":"Natural Earth Admin 1 States/Provinces dissolved to countries + Footprint policy overrides","sourceVersion":"5.1.1","sourceYear":2022,"license":"Public Domain","boundaryPolicy":"de facto","mapCluster":"global-country","sourceSimplification":"2%","sourceMapshaperPackage":"mapshaper@0.7.47","sourceComponentCountryIds":["KZ"],"sourceComponentRegionIds":["KZ-AKM","KZ-AKT","KZ-ALA","KZ-AST","KZ-ATY","KZ-KAR","KZ-KUS","KZ-KZY","KZ-MAN","KZ-PAV","KZ-SEV","KZ-VOS","KZ-YUZ","KZ-ZAP","KZ-ZHA"]},"geometry":{"type":"Polygon","coordinates":[[[54.54552,50.53052],[54.47857,50.85349],[53.6103,51.38841],[53.15327,51.51267],[52.50582,51.47887],[52.33487,51.76371],[51.6205,51.51869],[50.76701,51.7594],[50.32538,51.30346],[49.36942,50.82677],[48.67339,50.57955],[48.88568,50.01989],[48.41759,49.81169],[47.62467,50.4408],[47.43446,50.37653],[47.30872,50.0448],[46.89991,49.82032],[46.77511,49.33255],[47.02088,49.09685],[46.62019,48.6696],[46.47931,48.41022],[47.11212,48.2422],[47.05116,47.97464],[48.04449,47.7697],[48.52508,47.41023],[49.00629,46.76911],[48.45511,46.6608],[49.22713,46.32788],[49.46925,46.56265],[49.81739,46.54043],[50.16879,46.74909],[51.18702,47.11689],[52.23894,46.80683],[52.4559,47.00117],[52.91993,46.95746],[53.18816,46.718],[53.0866,46.02049],[52.86189,45.76746],[52.56666,45.4007],[51.39723,45.33259],[50.97071,44.84715],[51.31935,44.59638],[50.29908,44.65534],[50.23015,44.39094],[50.84718,44.18928],[51.31959,43.44253],[51.93279,42.83495],[52.57423,42.79853],[52.74464,42.65738],[52.40203,42.09252],[52.43767,41.74888],[52.97871,42.12663],[54.04717,42.3454],[54.73829,42.04821],[55.42952,41.29081],[55.97842,41.32172],[55.97677,43.61638],[55.97842,44.99622],[56.70761,45.16191],[58.53144,45.55872],[59.05513,45.32402],[61.0363,44.38282],[61.16167,44.16811],[62.02832,43.48092],[63.20801,43.62747],[64.42674,43.54703],[64.95653,43.69736],[65.51691,43.29723],[65.79524,42.8772],[66.10127,42.99032],[66.01316,42.37287],[66.01724,41.99762],[66.50414,41.99348],[66.75789,41.15314],[67.93743,41.20038],[68.2665,40.6627],[68.62742,40.66713],[68.64952,40.95169],[69.04445,41.37918],[69.87086,41.69957],[70.31507,42.03459],[70.61024,42.02741],[70.94779,42.24815],[70.88883,42.33858],[71.00319,42.56353],[71.40461,42.79488],[71.84774,42.83405],[73.50508,42.42156],[73.41002,42.58965],[73.63409,43.06246],[74.25865,43.21576],[75.17859,42.84966],[75.80706,42.93677],[76.40446,42.88924],[76.95688,42.98851],[77.21189,42.90994],[78.49612,42.8756],[79.03087,42.75615],[79.47642,42.45397],[79.91794,42.42444],[80.21033,42.18952],[80.14005,42.62296],[80.36815,43.02846],[80.77339,43.11293],[80.71273,43.45887],[80.3451,44.1031],[80.37631,44.67128],[80.06171,45.01896],[80.85386,45.1265],[81.73928,45.33806],[81.95012,45.14448],[82.58522,45.17683],[82.61571,45.43542],[82.29714,45.55454],[82.83895,46.73245],[83.15036,47.21154],[83.90535,46.97396],[84.66354,46.98385],[84.91604,46.85055],[85.49864,47.05183],[85.67036,47.38434],[85.51538,47.92028],[85.78368,48.40759],[86.56508,48.52732],[86.88734,49.10682],[87.3238,49.08527],[86.90506,49.35192],[86.6102,49.79551],[86.11152,49.52018],[85.26309,49.58152],[84.97577,50.07519],[84.24998,50.25993],[84.0886,50.63461],[83.43396,50.99265],[82.07311,50.71567],[81.46023,50.73034],[81.4008,50.95911],[80.68275,51.30201],[80.43905,50.95813],[79.99008,50.78812],[79.30432,51.68638],[77.78466,53.32744],[76.5257,53.96131],[76.76609,54.36459],[75.69123,54.11314],[75.02791,53.80793],[73.4507,53.44856],[73.22967,53.66241],[73.48526,53.87485],[72.06674,54.22238],[71.1823,54.10156],[71.18034,54.72736],[70.97715,55.07798],[70.46859,55.28546],[70.19704,55.13348],[69.67387,55.33404],[68.73423,55.35171],[68.26238,55.19405],[68.16605,54.95613],[66.09778,54.63716],[65.47738,54.63269],[64.91064,54.40273],[63.32859,54.16311],[62.55058,54.02683],[61.1935,54.01825],[61.00757,53.63575],[61.1903,53.01315],[60.69617,52.73492],[61.03992,52.335],[60.02978,51.99261],[60.5151,51.61791],[61.4738,51.4258],[61.64626,51.26319],[61.3721,50.78248],[60.71849,50.65267],[60.02128,50.85405],[59.77468,50.53371],[58.92594,50.67815],[58.59501,51.02337],[57.7688,51.11967],[56.508,51.06626],[55.65999,50.53004],[54.63825,51.02769],[54.54552,50.53052]],[[63.38391,45.56582],[62.90027,45.7477],[62.90027,46.20896],[63.21049,46.37226],[63.7549,46.29666],[63.9553,46.06143],[63.86755,45.7477],[63.38391,45.56582]]]}},{"type":"Feature","properties":{"id":"la","country_id":"LA","level":"country","countryCode":"la","countryName":"Laos","nameZh":"Laos","nameEn":"Laos","source":"Natural Earth Admin 1 States/Provinces dissolved to countries + Footprint policy overrides","sourceVersion":"5.1.1","sourceYear":2022,"license":"Public Domain","boundaryPolicy":"de facto","mapCluster":"global-country","sourceSimplification":"2%","sourceMapshaperPackage":"mapshaper@0.7.47","sourceComponentCountryIds":["LA"],"sourceComponentRegionIds":["LA-AT","LA-BK","LA-BL","LA-CH","LA-HO","LA-KH","LA-LM","LA-LP","LA-OU","LA-PH","LA-SL","LA-SV","LA-VI","LA-XA","LA-XE","LA-XI"]},"geometry":{"type":"Polygon","coordinates":[[[107.52039,14.70458],[107.50239,15.04404],[107.57636,15.40305],[107.16026,15.75873],[107.43329,16.05546],[107.13599,16.18478],[107.06798,16.29081],[106.75151,16.42827],[106.53508,16.68353],[106.53355,16.95064],[106.40402,17.01464],[105.73528,17.66404],[105.60343,17.96918],[105.25692,18.24746],[105.16948,18.61833],[104.72196,18.79201],[104.2596,19.10413],[103.85674,19.31719],[104.2002,19.69859],[104.50585,19.60281],[104.94569,19.99237],[104.54264,20.5357],[104.61407,20.64262],[104.05668,20.95883],[103.66538,20.65828],[103.38911,20.79429],[103.22583,20.82641],[102.92588,21.14064],[102.9478,21.73712],[102.59103,21.90135],[102.11866,22.39755],[101.65455,22.44612],[101.51823,22.22821],[101.75155,21.80637],[101.82149,21.22107],[101.76845,21.16045],[101.20899,21.24553],[101.15902,21.55269],[100.72541,21.31167],[100.60778,20.83988],[100.21133,20.69739],[100.0993,20.3178],[100.3644,20.36896],[100.54335,20.06658],[100.40766,19.79426],[100.39005,19.72439],[100.57476,19.50835],[100.8746,19.61291],[101.19287,19.45279],[101.2401,18.67364],[101.07409,18.37161],[101.16517,18.05342],[100.95588,17.70753],[100.93774,17.55549],[101.13231,17.46167],[101.5455,17.81367],[102.05553,18.19234],[102.10739,18.21238],[102.59558,17.85007],[103.0877,18.13867],[103.2963,18.29517],[103.39677,18.44141],[104.00004,18.31844],[104.20333,18.01864],[104.28198,17.86149],[104.81642,17.37279],[104.74634,16.94353],[104.75791,16.81889],[104.75452,16.52891],[104.98803,16.29396],[105.10698,16.09585],[105.42323,16.00504],[105.59224,15.42755],[105.44378,15.13381],[105.58356,14.97759],[105.41597,14.42816],[105.18431,14.34574],[105.89558,13.9248],[106.14456,14.0724],[105.96917,14.33202],[106.34,14.44899],[106.62205,14.45759],[106.94611,14.32352],[107.41492,14.54343],[107.52039,14.70458]]]}},{"type":"Feature","properties":{"id":"lb","country_id":"LB","level":"country","countryCode":"lb","countryName":"Lebanon","nameZh":"Lebanon","nameEn":"Lebanon","source":"Natural Earth Admin 1 States/Provinces dissolved to countries + Footprint policy overrides","sourceVersion":"5.1.1","sourceYear":2022,"license":"Public Domain","boundaryPolicy":"de facto","mapCluster":"global-country","sourceSimplification":"2%","sourceMapshaperPackage":"mapshaper@0.7.47","sourceComponentCountryIds":["LB"],"sourceComponentRegionIds":["LB-AS","LB-BA","LB-BI","LB-JA","LB-JL","LB-NA"]},"geometry":{"type":"Polygon","coordinates":[[[35.64496,34.21766],[35.54809,33.9062],[35.47047,33.90209],[35.483,33.86517],[35.37705,33.58949],[35.10524,33.08902],[35.28882,33.0992],[35.48014,33.08739],[35.8211,33.40672],[35.84512,33.41874],[35.87009,33.43124],[36.05044,33.81644],[36.60355,34.2001],[36.32985,34.4986],[36.11214,34.62953],[35.9699,34.64985],[35.64496,34.21766]]]}},{"type":"Feature","properties":{"id":"lc","country_id":"LC","level":"country","countryCode":"lc","countryName":"Saint Lucia","nameZh":"Saint Lucia","nameEn":"Saint Lucia","source":"Natural Earth Admin 1 States/Provinces dissolved to countries + Footprint policy overrides","sourceVersion":"5.1.1","sourceYear":2022,"license":"Public Domain","boundaryPolicy":"de facto","mapCluster":"global-country","sourceSimplification":"2%","sourceMapshaperPackage":"mapshaper@0.7.47","sourceComponentCountryIds":["LC"],"sourceComponentRegionIds":["LC-01","LC-02","LC-03","LC-04","LC-05","LC-06","LC-07","LC-08","LC-09","LC-10","LC-11"]},"geometry":{"type":"Polygon","coordinates":[[[-61.06688,13.909],[-61.0681,13.79218],[-61.01892,13.75625],[-60.96709,13.73064],[-60.91804,13.774],[-60.8922,13.8332],[-60.89023,13.90848],[-60.88296,13.98062],[-60.90103,14.07339],[-60.97997,14.04352],[-61.0266,13.98737],[-61.06688,13.909]]]}},{"type":"Feature","properties":{"id":"li","country_id":"LI","level":"country","countryCode":"li","countryName":"Liechtenstein","nameZh":"Liechtenstein","nameEn":"Liechtenstein","source":"Natural Earth Admin 1 States/Provinces dissolved to countries + Footprint policy overrides","sourceVersion":"5.1.1","sourceYear":2022,"license":"Public Domain","boundaryPolicy":"de facto","mapCluster":"global-country","sourceSimplification":"2%","sourceMapshaperPackage":"mapshaper@0.7.47","sourceComponentCountryIds":["LI"],"sourceComponentRegionIds":["LI-01","LI-02","LI-03","LI-04","LI-05","LI-06","LI-07","LI-08","LI-09","LI-10","LI-11"]},"geometry":{"type":"Polygon","coordinates":[[[9.53313,47.05553],[9.5812,47.05687],[9.58825,47.06298],[9.60513,47.07759],[9.61416,47.1107],[9.60951,47.12241],[9.56711,47.16082],[9.55206,47.16689],[9.55195,47.17557],[9.56188,47.19061],[9.55433,47.21162],[9.54313,47.23482],[9.53418,47.25118],[9.52115,47.2628],[9.49704,47.22893],[9.48643,47.19692],[9.49553,47.15595],[9.51185,47.12937],[9.50286,47.0947],[9.47702,47.0639],[9.53313,47.05553]]]}},{"type":"Feature","properties":{"id":"lk","country_id":"LK","level":"country","countryCode":"lk","countryName":"Sri Lanka","nameZh":"Sri Lanka","nameEn":"Sri Lanka","source":"Natural Earth Admin 1 States/Provinces dissolved to countries + Footprint policy overrides","sourceVersion":"5.1.1","sourceYear":2022,"license":"Public Domain","boundaryPolicy":"de facto","mapCluster":"global-country","sourceSimplification":"2%","sourceMapshaperPackage":"mapshaper@0.7.47","sourceComponentCountryIds":["LK"],"sourceComponentRegionIds":["LK-11","LK-12","LK-13","LK-21","LK-22","LK-23","LK-31","LK-32","LK-33","LK-41","LK-42","LK-43","LK-44","LK-45","LK-51","LK-52","LK-53","LK-61","LK-62","LK-71","LK-72","LK-81","LK-82","LK-91","LK-92"]},"geometry":{"type":"Polygon","coordinates":[[[79.90036,6.71201],[79.98211,6.44103],[80.18523,6.04116],[80.38499,5.96382],[80.7297,5.97564],[81.36207,6.22541],[81.71205,6.51027],[81.89031,7.01992],[81.77003,7.46084],[81.69679,7.753],[81.41668,8.25385],[81.36573,8.48216],[80.92292,8.98892],[80.62598,9.45475],[80.44174,9.5769],[80.29067,9.68081],[80.25603,9.61559],[80.45639,9.52871],[80.61476,9.44619],[80.27223,9.50414],[80.10979,9.20946],[79.94711,8.94868],[79.91278,8.57201],[79.76385,7.99014],[79.82789,7.27599],[79.84929,6.96495],[79.90036,6.71201]]]}},{"type":"Feature","properties":{"id":"lr","country_id":"LR","level":"country","countryCode":"lr","countryName":"Liberia","nameZh":"Liberia","nameEn":"Liberia","source":"Natural Earth Admin 1 States/Provinces dissolved to countries + Footprint policy overrides","sourceVersion":"5.1.1","sourceYear":2022,"license":"Public Domain","boundaryPolicy":"de facto","mapCluster":"global-country","sourceSimplification":"2%","sourceMapshaperPackage":"mapshaper@0.7.47","sourceComponentCountryIds":["LR"],"sourceComponentRegionIds":["LR-BG","LR-BM","LR-CM","LR-GB","LR-GG","LR-GK","LR-LO","LR-MG","LR-MO","LR-MY","LR-NI","LR-RI","LR-SI","LR-X1~","LR-X2~"]},"geometry":{"type":"Polygon","coordinates":[[[-9.4871,7.3732],[-9.36775,7.75755],[-9.57918,8.38729],[-9.8728,8.50036],[-10.28224,8.48463],[-10.36492,8.14821],[-10.61622,8.02251],[-10.61519,7.76904],[-10.86403,7.54368],[-11.14421,7.34519],[-11.47619,6.91942],[-11.07707,6.59253],[-10.80662,6.40236],[-10.63681,6.22191],[-10.36704,6.15106],[-9.73315,5.58119],[-9.41823,5.27123],[-8.70357,4.82189],[-8.25731,4.57998],[-7.844,4.45561],[-7.54067,4.35284],[-7.606,4.81736],[-7.40985,5.51342],[-7.41796,5.62776],[-7.79965,5.97447],[-7.93489,6.27143],[-8.17058,6.27401],[-8.61872,6.49283],[-8.44165,6.65531],[-8.28411,7.01787],[-8.48545,7.55799],[-8.56741,7.68821],[-8.72758,7.62202],[-8.85783,7.27305],[-9.10609,7.20298],[-9.4871,7.3732]]]}},{"type":"Feature","properties":{"id":"ls","country_id":"LS","level":"country","countryCode":"ls","countryName":"Lesotho","nameZh":"Lesotho","nameEn":"Lesotho","source":"Natural Earth Admin 1 States/Provinces dissolved to countries + Footprint policy overrides","sourceVersion":"5.1.1","sourceYear":2022,"license":"Public Domain","boundaryPolicy":"de facto","mapCluster":"global-country","sourceSimplification":"2%","sourceMapshaperPackage":"mapshaper@0.7.47","sourceComponentCountryIds":["LS"],"sourceComponentRegionIds":["LS-A","LS-B","LS-C","LS-D","LS-E","LS-F","LS-G","LS-H","LS-J","LS-K"]},"geometry":{"type":"Polygon","coordinates":[[[27.30031,-29.52012],[27.01487,-29.62558],[27.17135,-29.9215],[27.37771,-30.31232],[27.53336,-30.39342],[28.0547,-30.6497],[28.3556,-30.17324],[29.01579,-29.97859],[29.1136,-29.75285],[29.2752,-29.52829],[29.43591,-29.34239],[29.31178,-29.0898],[28.85901,-28.77299],[28.82794,-28.75954],[28.66655,-28.59722],[28.21812,-28.70065],[27.74743,-28.90862],[27.63448,-29.09104],[27.51069,-29.27075],[27.30031,-29.52012]]]}},{"type":"Feature","properties":{"id":"lt","country_id":"LT","level":"country","countryCode":"lt","countryName":"Lithuania","nameZh":"Lithuania","nameEn":"Lithuania","source":"Natural Earth Admin 1 States/Provinces dissolved to countries + Footprint policy overrides","sourceVersion":"5.1.1","sourceYear":2022,"license":"Public Domain","boundaryPolicy":"de facto","mapCluster":"global-country","sourceSimplification":"2%","sourceMapshaperPackage":"mapshaper@0.7.47","sourceComponentCountryIds":["LT"],"sourceComponentRegionIds":["LT-AL","LT-KL","LT-KU","LT-MR","LT-PN","LT-SA","LT-TA","LT-TE","LT-UT","LT-VL"]},"geometry":{"type":"Polygon","coordinates":[[[24.85098,54.14495],[25.53,54.34614],[25.78269,54.86968],[26.17032,54.99326],[26.7399,55.24278],[26.4455,55.3375],[26.59453,55.66699],[26.22691,55.79693],[25.96125,55.95846],[25.7955,56.04013],[25.64968,56.14381],[25.34909,56.15988],[24.87097,56.4426],[24.57277,56.30981],[24.14042,56.2576],[23.98131,56.3124],[23.87111,56.33207],[23.37804,56.35463],[23.17257,56.35796],[22.8596,56.39707],[22.57822,56.387],[21.98317,56.38835],[21.96532,56.38368],[21.73651,56.32373],[21.48549,56.26579],[21.0534,56.07262],[21.26759,55.24868],[22.26988,55.06954],[22.57117,55.06399],[22.80887,54.89376],[22.6804,54.45321],[22.76722,54.35627],[22.81134,54.39263],[23.33599,54.22629],[23.48563,53.93929],[24.82136,54.01991],[24.85098,54.14495]]]}},{"type":"Feature","properties":{"id":"lu","country_id":"LU","level":"country","countryCode":"lu","countryName":"Luxembourg","nameZh":"Luxembourg","nameEn":"Luxembourg","source":"Natural Earth Admin 1 States/Provinces dissolved to countries + Footprint policy overrides","sourceVersion":"5.1.1","sourceYear":2022,"license":"Public Domain","boundaryPolicy":"de facto","mapCluster":"global-country","sourceSimplification":"2%","sourceMapshaperPackage":"mapshaper@0.7.47","sourceComponentCountryIds":["LU"],"sourceComponentRegionIds":["LU-D","LU-G","LU-L"]},"geometry":{"type":"Polygon","coordinates":[[[6.02297,50.15082],[5.71493,49.88187],[5.8564,49.70581],[5.79068,49.53775],[5.92814,49.48231],[6.25112,49.48946],[6.34531,49.45535],[6.34881,49.52529],[6.29557,49.84862],[6.11749,50.12046],[6.02297,50.15082]]]}},{"type":"Feature","properties":{"id":"lv","country_id":"LV","level":"country","countryCode":"lv","countryName":"Latvia","nameZh":"Latvia","nameEn":"Latvia","source":"Natural Earth Admin 1 States/Provinces dissolved to countries + Footprint policy overrides","sourceVersion":"5.1.1","sourceYear":2022,"license":"Public Domain","boundaryPolicy":"de facto","mapCluster":"global-country","sourceSimplification":"2%","sourceMapshaperPackage":"mapshaper@0.7.47","sourceComponentCountryIds":["LV"],"sourceComponentRegionIds":["LV-001","LV-002","LV-003","LV-004","LV-005","LV-006","LV-007","LV-008","LV-009","LV-010","LV-011","LV-012","LV-013","LV-014","LV-015","LV-016","LV-017","LV-018","LV-019","LV-020","LV-021","LV-022","LV-023","LV-024","LV-026","LV-027","LV-028","LV-029","LV-030","LV-031","LV-032","LV-033","LV-034","LV-035","LV-036","LV-037","LV-038","LV-039","LV-040","LV-043","LV-044","LV-045","LV-046","LV-047","LV-048","LV-049","LV-050","LV-051","LV-052","LV-053","LV-054","LV-055","LV-056","LV-057","LV-058","LV-059","LV-060","LV-061","LV-062","LV-063","LV-064","LV-065","LV-066","LV-067","LV-068","LV-069","LV-070","LV-071","LV-072","LV-073","LV-074","LV-075","LV-076","LV-078","LV-079","LV-080","LV-081","LV-082","LV-083","LV-084","LV-085","LV-086","LV-087","LV-088","LV-089","LV-090","LV-091","LV-092","LV-093","LV-094","LV-095","LV-096","LV-097","LV-098","LV-099","LV-100","LV-101","LV-102","LV-103","LV-104","LV-105","LV-107","LV-108","LV-109","LV-110","LV-DGV","LV-JEL","LV-JKB","LV-JUR","LV-LPX","LV-REZ","LV-RIX","LV-VEN","LV-VMR"]},"geometry":{"type":"Polygon","coordinates":[[[25.7955,56.04013],[25.96125,55.95846],[26.22691,55.79693],[26.59453,55.66699],[26.97943,55.82629],[27.59271,55.79424],[27.76006,55.97542],[28.0511,56.14067],[28.14891,56.14241],[28.16787,56.42713],[28.09325,56.50159],[27.86546,56.74269],[27.64438,56.84177],[27.74578,57.03146],[27.69441,57.35638],[27.35293,57.5276],[26.79576,57.57132],[26.43068,57.56176],[26.35133,57.5802],[25.7038,57.92133],[25.55182,57.94986],[25.41973,58.00825],[25.09421,58.06731],[25.03486,58.04857],[24.82742,57.98188],[24.58245,57.94601],[24.30616,57.86819],[24.39489,57.40001],[24.40484,57.34808],[24.33085,57.19975],[24.11303,57.08872],[23.92693,57.00633],[23.5786,56.98209],[23.16015,57.31861],[23.03142,57.39448],[22.99459,57.41189],[22.58717,57.66498],[22.19451,57.65762],[21.62167,57.47324],[21.51153,57.37866],[21.32819,56.97363],[21.04615,56.6562],[21.02064,56.61505],[21.05291,56.51105],[21.06324,56.49396],[21.03582,56.47394],[21.00538,56.44587],[20.97104,56.25967],[21.0534,56.07262],[21.48549,56.26579],[21.73651,56.32373],[21.96532,56.38368],[21.98317,56.38835],[22.57822,56.387],[22.8596,56.39707],[23.17257,56.35796],[23.37804,56.35463],[23.87111,56.33207],[23.98131,56.3124],[24.14042,56.2576],[24.57277,56.30981],[24.87097,56.4426],[25.34909,56.15988],[25.64968,56.14381],[25.7955,56.04013]]]}},{"type":"Feature","properties":{"id":"ly","country_id":"LY","level":"country","countryCode":"ly","countryName":"Libya","nameZh":"Libya","nameEn":"Libya","source":"Natural Earth Admin 1 States/Provinces dissolved to countries + Footprint policy overrides","sourceVersion":"5.1.1","sourceYear":2022,"license":"Public Domain","boundaryPolicy":"de facto","mapCluster":"global-country","sourceSimplification":"2%","sourceMapshaperPackage":"mapshaper@0.7.47","sourceComponentCountryIds":["LY"],"sourceComponentRegionIds":["LY-AJ","LY-BA","LY-BU","LY-GD","LY-GT","LY-JA","LY-JI","LY-JU","LY-KF","LY-MB","LY-MI","LY-MJ","LY-MQ","LY-MZ","LY-NQ","LY-QB","LY-SB","LY-SR","LY-TN","LY-WD","LY-WS","LY-ZA"]},"geometry":{"type":"Polygon","coordinates":[[[24.98124,28.0967],[24.98124,29.18137],[24.68834,30.14416],[24.99489,30.7851],[24.86125,31.38036],[25.15089,31.65648],[24.9817,31.96792],[24.09067,32.00576],[23.66969,32.18325],[23.25136,32.21673],[23.08644,32.64647],[21.98618,32.91309],[21.60865,32.93073],[21.35704,32.78034],[21.09669,32.78107],[20.57603,32.56271],[20.07154,32.17642],[19.92066,31.71772],[20.14165,31.22386],[20.03647,30.81908],[19.74887,30.51093],[19.33855,30.29881],[18.78053,30.37592],[18.1753,30.78608],[17.3659,31.08662],[16.72804,31.22382],[16.13738,31.26124],[15.76149,31.38813],[15.49041,31.66486],[15.37045,32.15908],[15.19597,32.3898],[14.75583,32.44968],[13.95444,32.75824],[13.1032,32.87742],[12.57322,32.81257],[12.34832,32.83267],[11.50511,33.18123],[11.44993,32.63796],[11.52609,32.41786],[11.18234,32.26222],[10.60595,31.95361],[10.1081,31.41183],[10.27015,30.91563],[9.87131,30.35515],[9.51971,30.22891],[9.36949,30.02279],[9.66771,29.60832],[9.82615,29.12853],[9.82728,28.61865],[9.77695,28.26758],[9.93127,27.81864],[9.72135,27.29188],[9.91059,26.84312],[9.83576,26.50422],[9.4826,26.35255],[9.40116,26.11339],[9.9695,25.3954],[10.03203,24.85634],[10.45019,24.47693],[10.72067,24.5523],[11.46724,24.32634],[11.71014,24.00014],[11.96886,23.51735],[13.48226,23.17967],[14.23172,22.61795],[14.97991,22.99566],[15.9851,23.44472],[17.43483,22.72879],[18.91712,21.99685],[19.18584,21.86418],[20.89333,21.02094],[22.25211,20.35008],[23.98131,19.49612],[23.98131,19.99542],[24.98052,20.00839],[24.98124,21.99535],[24.98124,23.74628],[24.98124,26.08084],[24.98124,27.04924],[24.98124,27.6665],[24.98124,28.0967]]]}},{"type":"Feature","properties":{"id":"ma","country_id":"MA","level":"country","countryCode":"ma","countryName":"Morocco","nameZh":"Morocco","nameEn":"Morocco","source":"Natural Earth Admin 1 States/Provinces dissolved to countries + Footprint policy overrides","sourceVersion":"5.1.1","sourceYear":2022,"license":"Public Domain","boundaryPolicy":"de facto","mapCluster":"global-country","sourceSimplification":"2%","sourceMapshaperPackage":"mapshaper@0.7.47","sourceComponentCountryIds":["MA"],"sourceComponentRegionIds":["MA-01","MA-02","MA-03","MA-04","MA-05","MA-06","MA-07","MA-08","MA-09","MA-10","MA-11","MA-12","MA-13","MA-14","MA-15","MA-16"]},"geometry":{"type":"Polygon","coordinates":[[[-5.39886,35.9245],[-5.92724,35.78075],[-6.24921,35.0014],[-6.72265,34.18244],[-7.11701,33.83487],[-7.34114,33.73111],[-7.88602,33.50915],[-8.01157,33.46643],[-8.24315,33.40453],[-9.25992,32.57689],[-9.27001,32.22748],[-9.45877,31.94462],[-9.84752,31.40241],[-9.82361,30.95995],[-9.88671,30.68667],[-9.61164,30.40436],[-9.82022,29.83893],[-10.39906,29.16125],[-11.0476,28.7617],[-11.48559,28.32563],[-11.7823,28.21014],[-12.06143,28.08902],[-12.96809,27.91462],[-13.17125,27.685],[-13.61998,26.68891],[-14.41015,26.26008],[-14.78205,25.44693],[-14.83605,24.91869],[-15.01225,24.59155],[-15.62011,24.02627],[-16.28962,22.89981],[-16.52184,22.31489],[-16.70678,22.27546],[-16.96691,21.78115],[-17.01374,21.41997],[-15.74996,21.49032],[-14.83981,21.45027],[-14.62985,21.86042],[-14.22019,22.30965],[-14.01999,23.41025],[-13.76998,23.79013],[-13.31001,23.98055],[-12.94688,24.49675],[-12.43014,24.83017],[-12.05623,25.99529],[-11.71724,26.10358],[-11.3369,26.6329],[-11.39157,26.88291],[-10.92184,27.00983],[-10.25045,26.86043],[-9.73436,26.86043],[-9.41206,27.08796],[-8.75287,27.19049],[-8.68239,27.66144],[-8.68239,28.6659],[-7.61945,29.38942],[-7.14693,29.50924],[-6.78351,29.44634],[-6.34391,29.57207],[-6.00077,29.57913],[-5.5395,29.52322],[-5.17608,29.97749],[-4.77073,30.22909],[-4.37237,30.50864],[-3.64553,30.71132],[-3.55467,30.95593],[-3.81498,31.22052],[-3.65951,31.64782],[-3.16172,31.73255],[-2.93873,32.04864],[-2.51615,32.1322],[-1.24956,32.08166],[-1.27342,32.22944],[-1.0475,32.51701],[-1.42335,32.7424],[-1.67423,33.23797],[-1.67209,34.09202],[-1.87112,34.59665],[-1.78772,34.75669],[-2.22256,35.0893],[-2.91291,35.27692],[-2.94305,35.26787],[-2.96692,35.31387],[-2.94782,35.32978],[-3.41291,35.19794],[-3.82193,35.20677],[-4.49543,35.18077],[-4.7705,35.24103],[-5.24942,35.58462],[-5.34073,35.84736],[-5.39886,35.9245]]]}},{"type":"Feature","properties":{"id":"mc","country_id":"MC","level":"country","countryCode":"mc","countryName":"Monaco","nameZh":"Monaco","nameEn":"Monaco","source":"Natural Earth Admin 1 States/Provinces dissolved to countries + Footprint policy overrides","sourceVersion":"5.1.1","sourceYear":2022,"license":"Public Domain","boundaryPolicy":"de facto","mapCluster":"global-country","sourceSimplification":"2%","sourceMapshaperPackage":"mapshaper@0.7.47","sourceComponentCountryIds":["MC"],"sourceComponentRegionIds":["MC-X01~"]},"geometry":{"type":"Polygon","coordinates":[[[7.36575,43.72273],[7.43745,43.74336],[7.40697,43.76351],[7.36575,43.72273]]]}},{"type":"Feature","properties":{"id":"md","country_id":"MD","level":"country","countryCode":"md","countryName":"Moldova","nameZh":"Moldova","nameEn":"Moldova","source":"Natural Earth Admin 1 States/Provinces dissolved to countries + Footprint policy overrides","sourceVersion":"5.1.1","sourceYear":2022,"license":"Public Domain","boundaryPolicy":"de facto","mapCluster":"global-country","sourceSimplification":"2%","sourceMapshaperPackage":"mapshaper@0.7.47","sourceComponentCountryIds":["MD"],"sourceComponentRegionIds":["MD-AN","MD-BA","MD-BD","MD-BR","MD-BS","MD-CA","MD-CAM","MD-CL","MD-CM","MD-CR","MD-CS","MD-CT","MD-CU","MD-DO","MD-DR","MD-ED","MD-FA","MD-FL","MD-GA","MD-GL","MD-GRI","MD-HI","MD-IA","MD-LE","MD-NI","MD-OC","MD-OR","MD-RE","MD-RI","MD-SD","MD-SI","MD-SN","MD-SO","MD-ST","MD-SV","MD-TA","MD-TE","MD-UN"]},"geometry":{"type":"Polygon","coordinates":[[[29.56063,46.96126],[29.37088,47.30443],[29.13719,47.48401],[29.23861,47.756],[28.93609,47.94216],[28.86209,48.0005],[28.49979,48.10891],[28.00318,48.32588],[27.88537,48.37844],[27.50383,48.47237],[27.25193,48.37831],[26.61789,48.25897],[27.04795,48.12141],[27.17827,47.9421],[27.28811,47.75068],[27.4294,47.57813],[27.43134,47.57264],[27.58872,47.36739],[28.03815,47.01548],[28.10499,46.92018],[28.12262,46.84227],[28.24509,46.63145],[28.2268,46.39555],[28.11051,46.10149],[28.10782,46.0961],[28.1995,45.46177],[28.27042,45.52147],[28.50374,45.5661],[28.56353,45.73549],[28.93196,45.99316],[28.9841,46.22121],[29.05591,46.49874],[29.18306,46.53804],[29.45672,46.48437],[29.89883,46.55313],[29.93066,46.80309],[29.56063,46.96126]]]}},{"type":"Feature","properties":{"id":"me","country_id":"ME","level":"country","countryCode":"me","countryName":"Montenegro","nameZh":"Montenegro","nameEn":"Montenegro","source":"Natural Earth Admin 1 States/Provinces dissolved to countries + Footprint policy overrides","sourceVersion":"5.1.1","sourceYear":2022,"license":"Public Domain","boundaryPolicy":"de facto","mapCluster":"global-country","sourceSimplification":"2%","sourceMapshaperPackage":"mapshaper@0.7.47","sourceComponentCountryIds":["ME"],"sourceComponentRegionIds":["ME-01","ME-02","ME-03","ME-04","ME-05","ME-06","ME-07","ME-08","ME-09","ME-10","ME-11","ME-12","ME-13","ME-14","ME-15","ME-16","ME-17","ME-18","ME-19","ME-20","ME-21"]},"geometry":{"type":"Polygon","coordinates":[[[19.74688,42.58893],[19.82906,42.46872],[20.06496,42.54676],[20.10392,42.65311],[20.03701,42.70736],[20.05564,42.76387],[20.31917,42.82414],[20.34535,42.82744],[20.12946,42.9736],[20.05634,43.0208],[20.05439,43.02222],[19.54784,43.21881],[19.19534,43.5328],[19.02254,43.29655],[18.98951,43.27202],[18.66432,43.23318],[18.62113,43.12458],[18.45275,42.9934],[18.54283,42.62643],[18.5068,42.59849],[18.43735,42.55921],[18.49643,42.41633],[18.65414,42.45181],[18.68566,42.47675],[18.64495,42.41836],[18.65854,42.38662],[18.69361,42.35758],[18.78874,42.27602],[18.97144,42.18327],[19.14118,42.01981],[19.36508,41.85236],[19.37,42.10651],[19.28336,42.19805],[19.65804,42.63461],[19.74688,42.58893]]]}},{"type":"Feature","properties":{"id":"mf","country_id":"MF","level":"country","countryCode":"mf","countryName":"Saint Martin","nameZh":"Saint Martin","nameEn":"Saint Martin","source":"Natural Earth Admin 1 States/Provinces dissolved to countries + Footprint policy overrides","sourceVersion":"5.1.1","sourceYear":2022,"license":"Public Domain","boundaryPolicy":"de facto","mapCluster":"global-country","sourceSimplification":"2%","sourceMapshaperPackage":"mapshaper@0.7.47","sourceComponentCountryIds":["MF"],"sourceComponentRegionIds":["MF-X00~"]},"geometry":{"type":"Polygon","coordinates":[[[-63.01757,18.03339],[-63.01765,18.12214],[-63.107,18.06212],[-63.01757,18.03339]]]}},{"type":"Feature","properties":{"id":"mg","country_id":"MG","level":"country","countryCode":"mg","countryName":"Madagascar","nameZh":"Madagascar","nameEn":"Madagascar","source":"Natural Earth Admin 1 States/Provinces dissolved to countries + Footprint policy overrides","sourceVersion":"5.1.1","sourceYear":2022,"license":"Public Domain","boundaryPolicy":"de facto","mapCluster":"global-country","sourceSimplification":"2%","sourceMapshaperPackage":"mapshaper@0.7.47","sourceComponentCountryIds":["MG"],"sourceComponentRegionIds":["MG-A","MG-D","MG-F","MG-M","MG-T","MG-U"]},"geometry":{"type":"Polygon","coordinates":[[[50.13087,-15.91937],[50.24155,-15.95827],[50.50392,-15.31618],[50.2837,-14.87916],[50.14291,-13.78314],[49.86427,-12.88047],[49.63551,-12.67457],[49.5394,-12.37819],[48.98463,-12.33343],[48.95533,-12.8117],[48.74741,-13.41155],[48.18133,-13.74676],[48.03108,-14.0636],[47.70948,-14.36956],[47.75294,-14.60052],[47.48243,-15.08025],[47.29176,-14.92344],[47.05787,-15.21624],[47.14763,-15.44647],[46.87941,-15.22503],[46.33269,-15.63014],[45.63836,-15.94305],[45.26637,-15.92392],[44.87778,-16.20916],[44.45281,-16.1867],[44.43067,-16.70037],[43.94313,-17.45574],[44.03566,-17.76946],[44.04965,-18.42653],[44.25733,-18.80389],[44.2718,-19.14605],[44.45965,-19.41766],[44.47934,-19.91277],[44.25473,-20.37607],[43.90154,-20.88291],[43.81275,-21.2243],[43.54225,-21.3095],[43.33619,-21.76881],[43.22291,-22.25482],[43.3567,-22.82969],[43.58318,-23.07586],[43.65626,-24.18532],[44.02882,-24.99896],[44.36948,-25.25677],[44.72779,-25.30364],[45.13608,-25.58416],[45.4922,-25.57366],[46.23764,-25.19817],[46.65366,-25.18385],[47.13746,-24.90927],[47.42806,-24.12479],[47.5687,-23.85263],[47.8825,-22.59561],[48.20183,-21.79616],[48.61622,-20.41977],[49.07691,-19.06561],[49.35922,-18.424],[49.50961,-17.72772],[49.47501,-17.51369],[49.52898,-17.04168],[49.84946,-16.55242],[49.84571,-16.21209],[49.63844,-15.54461],[49.90113,-15.4223],[50.13087,-15.91937]]]}},{"type":"Feature","properties":{"id":"mh","country_id":"MH","level":"country","countryCode":"mh","countryName":"Marshall Islands","nameZh":"Marshall Islands","nameEn":"Marshall Islands","source":"Natural Earth Admin 1 States/Provinces dissolved to countries + Footprint policy overrides","sourceVersion":"5.1.1","sourceYear":2022,"license":"Public Domain","boundaryPolicy":"de facto","mapCluster":"global-country","sourceSimplification":"2%","sourceMapshaperPackage":"mapshaper@0.7.47","sourceComponentCountryIds":["MH"],"sourceComponentRegionIds":["MH-L","MH-T"]},"geometry":{"type":"MultiPolygon","coordinates":[[[[169.59034,5.80093],[169.61524,5.79877],[169.63502,5.82905],[169.6478,5.87002],[169.65252,5.89985],[169.66521,5.93879],[169.72145,5.97663],[169.70021,5.97602],[169.65553,5.94286],[169.64519,5.91714],[169.63868,5.87035],[169.61752,5.81826],[169.59034,5.80093]]],[[[171.39357,7.10993],[171.22641,7.07575],[171.26319,7.06769],[171.29347,7.08369],[171.36687,7.09447],[171.39357,7.10993]]]]}},{"type":"Feature","properties":{"id":"mk","country_id":"MK","level":"country","countryCode":"mk","countryName":"Macedonia","nameZh":"Macedonia","nameEn":"Macedonia","source":"Natural Earth Admin 1 States/Provinces dissolved to countries + Footprint policy overrides","sourceVersion":"5.1.1","sourceYear":2022,"license":"Public Domain","boundaryPolicy":"de facto","mapCluster":"global-country","sourceSimplification":"2%","sourceMapshaperPackage":"mapshaper@0.7.47","sourceComponentCountryIds":["MK"],"sourceComponentRegionIds":["MK-01","MK-02","MK-03","MK-04","MK-05","MK-06","MK-07","MK-08","MK-09","MK-10","MK-11","MK-12","MK-13","MK-14","MK-15","MK-16","MK-17","MK-18","MK-19","MK-20","MK-21","MK-22","MK-23","MK-24","MK-25","MK-26","MK-27","MK-28","MK-29","MK-30","MK-31","MK-32","MK-33","MK-34","MK-35","MK-36","MK-37","MK-38","MK-39","MK-40","MK-41","MK-42","MK-43","MK-44","MK-45","MK-46","MK-47","MK-48","MK-49","MK-50","MK-51","MK-52","MK-53","MK-54","MK-55","MK-56","MK-57","MK-58","MK-60","MK-61","MK-62","MK-63","MK-64","MK-65","MK-66","MK-67","MK-68","MK-69","MK-70","MK-71","MK-72","MK-73","MK-74","MK-75","MK-76","MK-77","MK-78","MK-79","MK-80","MK-81","MK-82","MK-83","MK-84","MK-85"]},"geometry":{"type":"Polygon","coordinates":[[[22.98543,41.6772],[22.88209,41.87162],[22.84562,42.00741],[22.62718,42.07913],[22.50694,42.14893],[22.34502,42.31344],[22.13811,42.31912],[22.04541,42.30242],[21.71952,42.26096],[21.67689,42.23494],[21.56407,42.24629],[21.48151,42.24778],[21.47197,42.23913],[21.3606,42.22011],[21.3008,42.09843],[21.24573,42.09617],[21.2293,42.10382],[21.09848,42.19595],[21.04094,42.15997],[20.97515,42.13466],[20.90417,42.11667],[20.78491,42.08203],[20.75144,41.94034],[20.75105,41.91022],[20.7144,41.85916],[20.56715,41.87318],[20.54079,41.84486],[20.55014,41.80006],[20.53467,41.58732],[20.4816,41.46827],[20.53905,41.40294],[20.47811,41.32159],[20.49544,41.25026],[20.51268,41.21015],[20.59742,41.08627],[20.65386,41.07527],[20.66409,41.05915],[20.83654,40.9239],[20.96526,40.84939],[21.24582,40.86323],[21.50573,40.9009],[21.75709,40.92251],[21.89633,41.0647],[21.92555,41.10675],[22.21364,41.16068],[22.58663,41.12408],[22.65719,41.17699],[22.742,41.28703],[22.76229,41.3225],[22.79682,41.33704],[22.91698,41.33577],[22.9436,41.5232],[22.98543,41.6772]]]}},{"type":"Feature","properties":{"id":"ml","country_id":"ML","level":"country","countryCode":"ml","countryName":"Mali","nameZh":"Mali","nameEn":"Mali","source":"Natural Earth Admin 1 States/Provinces dissolved to countries + Footprint policy overrides","sourceVersion":"5.1.1","sourceYear":2022,"license":"Public Domain","boundaryPolicy":"de facto","mapCluster":"global-country","sourceSimplification":"2%","sourceMapshaperPackage":"mapshaper@0.7.47","sourceComponentCountryIds":["ML"],"sourceComponentRegionIds":["ML-1","ML-2","ML-3","ML-4","ML-5","ML-6","ML-7","ML-8","ML-BKO"]},"geometry":{"type":"Polygon","coordinates":[[[-9.88877,12.06056],[-9.02777,12.40475],[-8.72652,11.64947],[-8.53942,11.45631],[-8.50576,11.05279],[-8.31114,11.0008],[-8.29554,10.53745],[-7.98966,10.16199],[-7.70865,10.40247],[-6.95939,10.1855],[-6.66827,10.36584],[-6.52138,10.56421],[-6.20781,10.63754],[-6.18088,10.21584],[-5.80628,10.41347],[-5.52258,10.42549],[-5.43142,10.84469],[-5.5056,11.04798],[-5.21831,11.4222],[-5.30781,11.62901],[-5.16782,11.94366],[-4.73228,12.03726],[-4.65274,12.07163],[-4.40613,12.30747],[-4.46437,12.71725],[-4.24547,12.72894],[-4.35107,13.11832],[-3.96547,13.48922],[-3.47392,13.1676],[-3.24863,13.29278],[-3.25972,13.65831],[-2.93047,13.63852],[-2.84086,14.04299],[-2.67626,14.14173],[-2.46168,14.28091],[-2.08501,14.15967],[-1.96703,14.48374],[-1.69692,14.49612],[-1.04314,14.81806],[-0.77127,15.05662],[-0.50034,15.07972],[0.21847,14.91098],[0.97372,14.99126],[1.33153,15.28362],[3.5071,15.35397],[3.87385,15.72088],[4.06056,16.29833],[4.18396,16.41605],[4.23564,16.99586],[4.23241,17.97523],[4.23027,18.64537],[4.22861,19.14224],[3.79029,19.06077],[3.35869,18.97685],[3.10268,19.15356],[3.25823,19.41039],[3.21679,19.79406],[2.946,19.94165],[2.4004,20.05655],[2.18243,20.2785],[1.77811,20.30429],[1.64396,20.52268],[1.14528,20.79589],[1.14652,21.10171],[0.00373,21.8489],[-0.96358,22.48126],[-2.52323,23.501],[-4.82161,24.99506],[-6.59311,24.99413],[-6.50634,24.27597],[-6.37163,23.12398],[-6.21938,21.82286],[-5.96353,19.62061],[-5.75647,17.74104],[-5.62335,16.52783],[-5.35329,16.31198],[-5.50876,15.5069],[-6.32014,15.49454],[-9.00322,15.49553],[-9.14138,15.49558],[-10.1316,15.37263],[-10.58475,15.42813],[-10.91517,15.1029],[-11.40956,15.6022],[-11.70174,15.53742],[-11.83708,14.8931],[-12.26413,14.77494],[-12.22173,14.39124],[-11.99758,14.16616],[-12.09763,13.70441],[-11.89997,13.38218],[-11.61311,13.36081],[-11.45028,13.07509],[-11.38842,12.4039],[-11.47079,12.13461],[-11.35132,12.0404],[-11.18462,12.02107],[-10.90979,12.20013],[-10.71136,11.89039],[-10.26694,12.21781],[-9.88877,12.06056]]]}},{"type":"Feature","properties":{"id":"mm","country_id":"MM","level":"country","countryCode":"mm","countryName":"Myanmar","nameZh":"Myanmar","nameEn":"Myanmar","source":"Natural Earth Admin 1 States/Provinces dissolved to countries + Footprint policy overrides","sourceVersion":"5.1.1","sourceYear":2022,"license":"Public Domain","boundaryPolicy":"de facto","mapCluster":"global-country","sourceSimplification":"2%","sourceMapshaperPackage":"mapshaper@0.7.47","sourceComponentCountryIds":["MM"],"sourceComponentRegionIds":["MM-01","MM-02","MM-03","MM-04","MM-05","MM-06","MM-07","MM-11","MM-12","MM-13","MM-14","MM-15","MM-16","MM-17"]},"geometry":{"type":"Polygon","coordinates":[[[95.24693,26.6489],[95.04064,26.47559],[95.13955,26.02994],[95.0088,25.73714],[94.65036,25.44665],[94.70856,25.02589],[94.28999,24.31676],[94.12886,23.8539],[93.30256,24.03577],[93.43236,23.64732],[93.3749,23.12973],[93.07952,22.77272],[93.16902,22.24691],[92.57588,21.97757],[92.64104,21.30859],[92.32266,21.4619],[92.26515,21.0611],[92.38111,20.70014],[92.77215,20.20148],[93.14812,19.99433],[93.37485,20.08853],[93.98732,19.3867],[93.75025,18.9704],[94.13356,18.8465],[94.48097,18.09422],[94.56772,17.46288],[94.2151,16.15766],[94.85865,15.78262],[95.39649,15.71638],[96.01726,16.37817],[96.61594,16.518],[96.82715,16.89035],[96.8829,17.4572],[97.19899,16.99746],[97.4026,16.51691],[97.70352,16.57354],[97.74024,16.55927],[97.58229,16.0091],[97.72706,15.84321],[97.79492,14.88015],[98.10857,14.13264],[98.10328,13.701],[98.43165,13.47875],[98.69117,12.71044],[98.55201,12.27961],[98.72023,11.9643],[98.71241,10.92438],[98.45932,10.7154],[98.74741,10.35053],[98.87919,10.7882],[99.14095,11.03941],[99.63002,11.81577],[99.46631,12.12603],[99.40475,12.56694],[99.21413,12.73465],[99.18648,13.21156],[99.14678,13.72367],[98.94531,14.06914],[98.54771,14.37768],[98.19122,14.99321],[98.20769,15.21922],[98.55991,15.35532],[98.54406,15.6751],[98.58378,15.97696],[98.80723,16.11054],[98.45666,16.72322],[98.52456,16.85045],[97.90799,17.55487],[97.75406,17.96903],[97.3729,18.54862],[97.75179,18.58248],[97.86912,19.57049],[98.4778,19.70563],[99.00877,19.84592],[99.01683,20.041],[99.50873,20.1528],[99.5029,20.34522],[100.0993,20.3178],[100.21133,20.69739],[100.60778,20.83988],[100.72541,21.31167],[101.15902,21.55269],[101.06869,21.76203],[100.62174,21.46908],[99.95026,21.72116],[99.94241,22.04553],[99.16638,22.20464],[99.35779,22.49548],[99.21661,23.05738],[98.91069,23.2976],[98.85736,23.60435],[98.50327,24.12127],[98.18153,24.11866],[97.64734,23.86852],[97.70766,24.1253],[97.53609,24.74503],[97.73753,25.09051],[98.6924,25.87899],[98.74925,26.77144],[98.67928,27.57734],[98.40002,27.67573],[98.115,28.14389],[97.52772,28.52953],[97.3235,28.21748],[97.22293,27.89972],[96.87019,27.61909],[97.05883,27.09208],[96.75888,27.34174],[96.14259,27.25751],[95.39266,26.69176],[95.24693,26.6489]]]}},{"type":"Feature","properties":{"id":"mn","country_id":"MN","level":"country","countryCode":"mn","countryName":"Mongolia","nameZh":"Mongolia","nameEn":"Mongolia","source":"Natural Earth Admin 1 States/Provinces dissolved to countries + Footprint policy overrides","sourceVersion":"5.1.1","sourceYear":2022,"license":"Public Domain","boundaryPolicy":"de facto","mapCluster":"global-country","sourceSimplification":"2%","sourceMapshaperPackage":"mapshaper@0.7.47","sourceComponentCountryIds":["MN"],"sourceComponentRegionIds":["MN-035","MN-037","MN-039","MN-041","MN-043","MN-046","MN-047","MN-049","MN-051","MN-053","MN-055","MN-057","MN-059","MN-061","MN-063","MN-064","MN-065","MN-067","MN-069","MN-071","MN-073","MN-1"]},"geometry":{"type":"Polygon","coordinates":[[[108.56997,49.32572],[108.03266,49.58933],[107.7446,49.96735],[107.22491,49.99705],[106.65652,50.32701],[105.32864,50.47645],[104.3495,50.27187],[103.60141,50.13353],[102.61953,50.39901],[102.32763,50.54555],[102.05122,51.38361],[101.3878,51.45056],[100.5109,51.7269],[100.00597,51.73173],[98.93765,52.12469],[98.61871,51.78066],[98.05089,51.46642],[97.80636,51.00113],[98.29346,50.51862],[98.10557,50.06387],[97.08527,49.80584],[95.86705,50.01498],[95.4772,49.89408],[94.62454,50.01519],[94.23759,50.56524],[91.74978,50.68409],[91.41574,50.46137],[91.01205,50.4253],[89.99709,50.00366],[89.63321,49.90794],[89.68231,49.70834],[88.87063,49.436],[88.19997,49.45435],[87.81632,49.16584],[87.94283,48.59949],[88.56512,48.34299],[89.04555,47.99299],[89.5418,48.03102],[90.44123,47.49305],[90.46872,47.30892],[91.01429,46.68984],[90.89619,46.30203],[91.00243,46.02184],[90.65114,45.49314],[90.90549,45.18598],[91.66296,45.05952],[93.07594,45.00519],[93.52528,44.95126],[93.97507,44.65996],[94.69823,44.3435],[95.37943,44.28712],[95.90849,43.21455],[96.36634,42.72292],[97.19068,42.78706],[97.84999,42.72304],[99.47448,42.5642],[99.6219,42.59744],[100.01697,42.67652],[101.6376,42.51544],[102.03416,42.18461],[103.07348,42.00452],[103.72099,41.75557],[104.50078,41.8706],[104.49799,41.66578],[105.01481,41.59614],[105.86861,41.99348],[106.76783,42.28662],[108.04968,42.43912],[108.79685,42.39837],[109.48513,42.4493],[110.40673,42.76861],[110.93372,43.28777],[111.93335,43.69664],[111.40636,44.41646],[111.73853,44.9663],[111.98464,45.08715],[112.61424,44.90884],[113.63506,44.74626],[114.05529,44.94057],[114.53371,45.3855],[115.63783,45.44436],[116.01197,45.67856],[116.58196,46.29801],[117.30171,46.35014],[118.23829,46.71539],[118.81624,46.75818],[119.68012,46.59163],[119.90289,46.84241],[119.69996,47.15953],[118.76741,47.75616],[118.54225,47.96625],[117.74168,47.97759],[117.31711,47.65407],[116.85326,47.87212],[116.24389,47.86289],[115.8527,47.70556],[115.51453,48.1221],[116.68428,49.82326],[116.21764,50.01385],[115.3687,49.89541],[114.75375,50.23621],[114.28628,50.27688],[113.21245,49.82202],[113.04367,49.5886],[112.12641,49.43994],[111.33845,49.36474],[110.73136,49.13767],[110.18142,49.16196],[109.28669,49.33854],[108.56997,49.32572]]]}},{"type":"Feature","properties":{"id":"mo","country_id":"MO","level":"country","countryCode":"mo","countryName":"Macau S.A.R","nameZh":"Macau S.A.R","nameEn":"Macau S.A.R","source":"Natural Earth Admin 1 States/Provinces dissolved to countries + Footprint policy overrides","sourceVersion":"5.1.1","sourceYear":2022,"license":"Public Domain","boundaryPolicy":"de facto","mapCluster":"global-country","sourceSimplification":"2%","sourceMapshaperPackage":"mapshaper@0.7.47","sourceComponentCountryIds":["MO"],"sourceComponentRegionIds":["MO-M"]},"geometry":{"type":"Polygon","coordinates":[[[113.5586,22.16303],[113.53443,22.1612],[113.5468,22.10537],[113.56674,22.12336],[113.5586,22.16303]]]}},{"type":"Feature","properties":{"id":"mp","country_id":"MP","level":"country","countryCode":"mp","countryName":"Northern Mariana Islands","nameZh":"Northern Mariana Islands","nameEn":"Northern Mariana Islands","source":"Natural Earth Admin 1 States/Provinces dissolved to countries + Footprint policy overrides","sourceVersion":"5.1.1","sourceYear":2022,"license":"Public Domain","boundaryPolicy":"de facto","mapCluster":"global-country","sourceSimplification":"2%","sourceMapshaperPackage":"mapshaper@0.7.47","sourceComponentCountryIds":["MP"],"sourceComponentRegionIds":["MP-X01~","MP-X02~","MP-X03~","MP-X04~"]},"geometry":{"type":"MultiPolygon","coordinates":[[[[145.64731,15.07209],[145.57846,15.01748],[145.60646,14.92813],[145.66782,14.98273],[145.64731,15.07209]]],[[[145.78785,15.26728],[145.69825,15.20319],[145.73878,15.13666],[145.78785,15.26728]]],[[[145.77112,18.17521],[145.73951,18.09097],[145.83562,18.12832],[145.77112,18.17521]]],[[[145.20574,14.18138],[145.13071,14.14692],[145.20997,14.11066],[145.20574,14.18138]]]]}},{"type":"Feature","properties":{"id":"mr","country_id":"MR","level":"country","countryCode":"mr","countryName":"Mauritania","nameZh":"Mauritania","nameEn":"Mauritania","source":"Natural Earth Admin 1 States/Provinces dissolved to countries + Footprint policy overrides","sourceVersion":"5.1.1","sourceYear":2022,"license":"Public Domain","boundaryPolicy":"de facto","mapCluster":"global-country","sourceSimplification":"2%","sourceMapshaperPackage":"mapshaper@0.7.47","sourceComponentCountryIds":["MR"],"sourceComponentRegionIds":["MR-01","MR-02","MR-03","MR-04","MR-05","MR-06","MR-07","MR-08","MR-09","MR-10","MR-11","MR-12","MR-NKC"]},"geometry":{"type":"Polygon","coordinates":[[[-6.32014,15.49454],[-5.50876,15.5069],[-5.35329,16.31198],[-5.62335,16.52783],[-5.75647,17.74104],[-5.96353,19.62061],[-6.21938,21.82286],[-6.37163,23.12398],[-6.50634,24.27597],[-6.59311,24.99413],[-4.82161,24.99506],[-5.66152,25.50888],[-7.29704,26.47074],[-8.68239,27.28542],[-8.68081,26.01314],[-9.69865,25.99495],[-12.01531,25.9949],[-12.01531,23.49518],[-12.61943,23.27083],[-13.01525,23.018],[-13.1655,22.7527],[-13.09333,22.49548],[-13.03209,21.58194],[-13.01525,21.33343],[-14.2956,21.33323],[-16.95883,21.33286],[-17.05687,20.76691],[-16.93122,21.15152],[-16.66503,20.67056],[-16.39118,20.56948],[-16.1997,20.21516],[-16.32323,19.45791],[-16.21036,18.99588],[-16.06012,18.39092],[-16.0321,17.8864],[-16.1726,17.26236],[-16.45922,16.64395],[-16.54235,15.80882],[-16.3274,16.47455],[-15.67219,16.48137],[-14.94893,16.67055],[-14.34325,16.63666],[-13.71831,16.15929],[-13.71957,16.13561],[-13.48493,16.15498],[-13.23784,15.62344],[-12.96432,15.50916],[-12.74664,15.13114],[-12.68959,15.09248],[-12.26413,14.77494],[-11.83708,14.8931],[-11.70174,15.53742],[-11.40956,15.6022],[-10.91517,15.1029],[-10.58475,15.42813],[-10.1316,15.37263],[-9.14138,15.49558],[-9.00322,15.49553],[-6.32014,15.49454]]]}},{"type":"Feature","properties":{"id":"ms","country_id":"MS","level":"country","countryCode":"ms","countryName":"Montserrat","nameZh":"Montserrat","nameEn":"Montserrat","source":"Natural Earth Admin 1 States/Provinces dissolved to countries + Footprint policy overrides","sourceVersion":"5.1.1","sourceYear":2022,"license":"Public Domain","boundaryPolicy":"de facto","mapCluster":"global-country","sourceSimplification":"2%","sourceMapshaperPackage":"mapshaper@0.7.47","sourceComponentCountryIds":["MS"],"sourceComponentRegionIds":["MS-A","MS-G","MS-P"]},"geometry":{"type":"Polygon","coordinates":[[[-62.15079,16.72036],[-62.17003,16.777],[-62.22546,16.74781],[-62.15079,16.72036]]]}},{"type":"Feature","properties":{"id":"mt","country_id":"MT","level":"country","countryCode":"mt","countryName":"Malta","nameZh":"Malta","nameEn":"Malta","source":"Natural Earth Admin 1 States/Provinces dissolved to countries + Footprint policy overrides","sourceVersion":"5.1.1","sourceYear":2022,"license":"Public Domain","boundaryPolicy":"de facto","mapCluster":"global-country","sourceSimplification":"2%","sourceMapshaperPackage":"mapshaper@0.7.47","sourceComponentCountryIds":["MT"],"sourceComponentRegionIds":["MT-01","MT-02","MT-03","MT-04","MT-05","MT-06","MT-07","MT-08","MT-09","MT-10","MT-11","MT-12","MT-13","MT-14","MT-15","MT-16","MT-17","MT-18","MT-19","MT-20","MT-21","MT-22","MT-23","MT-24","MT-25","MT-26","MT-27","MT-28","MT-29","MT-30","MT-31","MT-32","MT-33","MT-34","MT-35","MT-36","MT-37","MT-38","MT-39","MT-40","MT-41","MT-42","MT-43","MT-44","MT-45","MT-46","MT-47","MT-48","MT-49","MT-50","MT-51","MT-52","MT-53","MT-54","MT-55","MT-56","MT-57","MT-58","MT-59","MT-60","MT-61","MT-62","MT-63","MT-64","MT-65","MT-66","MT-67","MT-68"]},"geometry":{"type":"MultiPolygon","coordinates":[[[[14.54026,35.82899],[14.56582,35.8417],[14.56089,35.87303],[14.55618,35.87926],[14.54802,35.89004],[14.5249,35.89803],[14.51393,35.90082],[14.51039,35.9246],[14.50143,35.93038],[14.4649,35.94656],[14.43822,35.96257],[14.4058,35.96785],[14.34089,35.92557],[14.34262,35.9002],[14.36481,35.86442],[14.38918,35.83953],[14.42882,35.82258],[14.45358,35.81628],[14.49762,35.80942],[14.54026,35.82899]]],[[[14.30012,36.025],[14.32043,36.04624],[14.28908,36.06447],[14.272,36.071],[14.23352,36.07276],[14.21293,36.07024],[14.1836,36.06476],[14.19484,36.0294],[14.20967,36.02311],[14.233,36.01651],[14.27363,36.01595],[14.30012,36.025]]]]}},{"type":"Feature","properties":{"id":"mu","country_id":"MU","level":"country","countryCode":"mu","countryName":"Mauritius","nameZh":"Mauritius","nameEn":"Mauritius","source":"Natural Earth Admin 1 States/Provinces dissolved to countries + Footprint policy overrides","sourceVersion":"5.1.1","sourceYear":2022,"license":"Public Domain","boundaryPolicy":"de facto","mapCluster":"global-country","sourceSimplification":"2%","sourceMapshaperPackage":"mapshaper@0.7.47","sourceComponentCountryIds":["MU"],"sourceComponentRegionIds":["MU-AG","MU-BL","MU-BR","MU-CU","MU-FL","MU-GP","MU-MO","MU-PA","MU-PL","MU-PW","MU-QB","MU-RO","MU-RR","MU-SA","MU-VP"]},"geometry":{"type":"MultiPolygon","coordinates":[[[[57.39926,-20.49798],[57.63097,-20.49204],[57.77817,-20.30478],[57.73365,-20.09612],[57.58033,-19.99993],[57.49383,-20.12233],[57.46388,-20.16155],[57.39926,-20.49798]]],[[[63.47625,-19.67783],[63.38917,-19.68475],[63.36638,-19.76719],[63.46941,-19.72291],[63.47625,-19.67783]]],[[[56.52418,-10.33001],[56.5298,-10.35296],[56.54851,-10.38201],[56.56861,-10.38641],[56.54282,-10.34645],[56.52418,-10.33001]]]]}},{"type":"Feature","properties":{"id":"mv","country_id":"MV","level":"country","countryCode":"mv","countryName":"Maldives","nameZh":"Maldives","nameEn":"Maldives","source":"Natural Earth Admin 1 States/Provinces dissolved to countries + Footprint policy overrides","sourceVersion":"5.1.1","sourceYear":2022,"license":"Public Domain","boundaryPolicy":"de facto","mapCluster":"global-country","sourceSimplification":"2%","sourceMapshaperPackage":"mapshaper@0.7.47","sourceComponentCountryIds":["MV"],"sourceComponentRegionIds":["MV-00","MV-01","MV-02","MV-03","MV-04","MV-05","MV-07","MV-08","MV-12","MV-13","MV-14","MV-17","MV-20","MV-23","MV-24","MV-25","MV-26","MV-27","MV-28","MV-29"]},"geometry":{"type":"MultiPolygon","coordinates":[[[[73.5462,4.24304],[73.51201,4.1863],[73.53817,4.18331],[73.5462,4.24304]]],[[[73.15952,6.78653],[73.136,6.7412],[73.14479,6.73554],[73.16651,6.78034],[73.15952,6.78653]]],[[[73.0975,-0.5997],[73.0949,-0.60467],[73.11118,-0.64129],[73.11158,-0.61712],[73.0975,-0.5997]]],[[[73.35426,2.4372],[73.35385,2.42902],[73.36256,2.38491],[73.36622,2.41153],[73.35426,2.4372]]],[[[73.55307,1.93244],[73.54982,1.92499],[73.54086,1.8924],[73.54566,1.90156],[73.54884,1.91136],[73.55307,1.93244]]],[[[73.21404,6.91861],[73.20493,6.91177],[73.20102,6.89313],[73.20875,6.8911],[73.21404,6.91861]]],[[[73.62957,5.41852],[73.62778,5.41328],[73.6325,5.38626],[73.63673,5.4029],[73.62957,5.41852]]],[[[73.39283,5.7377],[73.38258,5.72211],[73.38071,5.71459],[73.39283,5.7377]]],[[[72.95704,4.4383],[72.94337,4.43159],[72.95607,4.42211],[72.95704,4.4383]]],[[[72.9284,3.55191],[72.91993,3.55215],[72.91179,3.54173],[72.9284,3.55191]]],[[[72.97934,4.89545],[72.97267,4.89435],[72.97006,4.89037],[72.96966,4.88072],[72.97934,4.89545]]],[[[73.09547,0.22801],[73.09889,0.21638],[73.10434,0.21963],[73.09547,0.22801]]],[[[73.43507,-0.28362],[73.43523,-0.29363],[73.44304,-0.29274],[73.43507,-0.28362]]],[[[72.93165,5.96906],[72.92579,5.96328],[72.93019,5.95694],[72.93165,5.96906]]],[[[73.02231,2.74169],[73.02801,2.73823],[73.03224,2.7451],[73.02231,2.74169]]],[[[73.24171,6.23969],[73.23634,6.23212],[73.24391,6.23163],[73.24171,6.23969]]],[[[73.47731,3.94212],[73.46925,3.93696],[73.46998,3.93513],[73.47731,3.94212]]],[[[73.51344,0.38776],[73.5066,0.38776],[73.50856,0.38056],[73.51344,0.38776]]],[[[72.97788,3.11017],[72.97511,3.10419],[72.98178,3.10505],[72.97788,3.11017]]],[[[73.74757,3.45112],[73.74855,3.44819],[73.7531,3.44644],[73.74757,3.45112]]]]}},{"type":"Feature","properties":{"id":"mw","country_id":"MW","level":"country","countryCode":"mw","countryName":"Malawi","nameZh":"Malawi","nameEn":"Malawi","source":"Natural Earth Admin 1 States/Provinces dissolved to countries + Footprint policy overrides","sourceVersion":"5.1.1","sourceYear":2022,"license":"Public Domain","boundaryPolicy":"de facto","mapCluster":"global-country","sourceSimplification":"2%","sourceMapshaperPackage":"mapshaper@0.7.47","sourceComponentCountryIds":["MW"],"sourceComponentRegionIds":["MW-BA","MW-BL","MW-CK","MW-CR","MW-CT","MW-DE","MW-DO","MW-KS","MW-LI","MW-LK","MW-MC","MW-MG","MW-MH","MW-MU","MW-MW","MW-MZ","MW-NB","MW-NE","MW-NI","MW-NK","MW-NS","MW-NU","MW-PH","MW-RU","MW-SA","MW-TH","MW-ZO"]},"geometry":{"type":"MultiPolygon","coordinates":[[[[34.88661,-16.70085],[35.29167,-17.12937],[35.23725,-16.39909],[35.29916,-16.20872],[35.69759,-16.10749],[35.79659,-15.9332],[35.83756,-15.4592],[35.83762,-15.45828],[35.78858,-15.21143],[35.9043,-14.88689],[35.75054,-14.54314],[35.08409,-13.70423],[34.8639,-13.51628],[34.58276,-13.40363],[34.49446,-12.68739],[34.35558,-12.20494],[34.65125,-11.57004],[34.96461,-11.57356],[34.62107,-11.11973],[34.61784,-10.96574],[34.62086,-10.58242],[34.58009,-10.53184],[34.4833,-9.94616],[34.07849,-9.51019],[33.65014,-9.6109],[32.92086,-9.4079],[33.21671,-9.72705],[33.67385,-10.57305],[33.29096,-10.97509],[33.2303,-11.41656],[33.30505,-11.64403],[33.2549,-12.07265],[33.51389,-12.37428],[33.02484,-12.61267],[32.99507,-13.19087],[32.90549,-13.35139],[32.72284,-13.57338],[33.04943,-13.99661],[33.20271,-14.01387],[33.35711,-14.23057],[33.61841,-14.56184],[34.38044,-14.41364],[34.5018,-14.5757],[34.55909,-15.20018],[34.41912,-15.57533],[34.34222,-15.73032],[34.38522,-16.18645],[34.88661,-16.70085]]],[[[34.69414,-12.0004],[34.65621,-12.09724],[34.73248,-12.10903],[34.75419,-12.02014],[34.69414,-12.0004]]]]}},{"type":"Feature","properties":{"id":"mx","country_id":"MX","level":"country","countryCode":"mx","countryName":"Mexico","nameZh":"Mexico","nameEn":"Mexico","source":"Natural Earth Admin 1 States/Provinces dissolved to countries + Footprint policy overrides","sourceVersion":"5.1.1","sourceYear":2022,"license":"Public Domain","boundaryPolicy":"de facto","mapCluster":"global-country","sourceSimplification":"2%","sourceMapshaperPackage":"mapshaper@0.7.47","sourceComponentCountryIds":["MX"],"sourceComponentRegionIds":["MX-AGU","MX-BCN","MX-BCS","MX-CAM","MX-CHH","MX-CHP","MX-COA","MX-COL","MX-DIF","MX-DUR","MX-GRO","MX-GUA","MX-HID","MX-JAL","MX-MEX","MX-MIC","MX-MOR","MX-NAY","MX-NLE","MX-OAX","MX-PUE","MX-QUE","MX-ROO","MX-SIN","MX-SLP","MX-SON","MX-TAB","MX-TAM","MX-TLA","MX-VER","MX-YUC","MX-ZAC"]},"geometry":{"type":"Polygon","coordinates":[[[-114.72428,32.71284],[-117.12512,32.53167],[-116.84227,31.98652],[-116.6197,31.85757],[-116.67561,31.55264],[-116.06802,30.81318],[-116.04925,30.47959],[-115.8373,30.34647],[-115.69756,29.75583],[-114.97204,29.37775],[-114.04259,28.45844],[-114.06283,28.00049],[-114.0713,28.00039],[-114.09831,28.00028],[-114.1475,28.00015],[-114.20702,27.99999],[-114.1046,27.70771],[-114.9234,27.83628],[-114.48754,27.2381],[-113.06072,26.59912],[-112.3435,26.17813],[-112.07599,25.7134],[-112.08804,24.77338],[-111.67903,24.58633],[-111.44444,24.32439],[-111.03971,24.10418],[-110.57734,23.68156],[-110.30736,23.54103],[-110.09838,23.01756],[-109.89538,22.8742],[-109.53167,23.10821],[-109.47646,23.5602],[-110.17276,24.25298],[-110.56236,24.2125],[-110.73859,24.55457],[-110.65697,24.80692],[-111.02627,25.45861],[-111.30712,25.77921],[-111.31834,26.07374],[-111.56005,26.69565],[-112.01716,26.9785],[-112.37311,27.5641],[-112.59801,27.6543],[-112.76357,27.99942],[-112.90236,28.47534],[-113.10297,28.50458],[-113.26039,28.84011],[-113.47869,28.94625],[-113.77087,29.40776],[-114.39224,29.78301],[-114.6603,30.18325],[-114.72026,30.9411],[-114.88868,31.16289],[-114.78063,31.65583],[-114.93363,31.90876],[-114.15901,31.49451],[-113.87572,31.59675],[-113.54895,31.2957],[-113.04872,31.15669],[-113.12884,30.81244],[-112.87068,30.42853],[-112.68635,29.90778],[-112.26347,29.32998],[-112.15073,28.96298],[-111.70835,28.46014],[-111.4735,28.38105],[-111.25066,28.05201],[-110.58658,27.83706],[-110.55476,27.38475],[-110.28762,27.14839],[-109.91704,27.06007],[-109.85631,26.80097],[-109.5499,26.72796],[-109.13925,26.33177],[-109.15634,26.30806],[-109.23137,26.26342],[-109.28364,26.24063],[-109.29293,26.23694],[-109.44054,25.7934],[-108.4508,25.26935],[-107.99519,24.64838],[-107.62413,24.45848],[-107.03588,23.98078],[-106.79324,23.63235],[-105.72407,22.5095],[-105.63226,21.95574],[-105.18497,21.44302],[-105.29078,20.68515],[-105.32873,20.51374],[-105.69868,20.40691],[-105.52562,20.03193],[-105.01712,19.36848],[-104.59256,19.1496],[-103.97998,18.87494],[-103.74202,18.69041],[-103.4984,18.33348],[-102.16889,17.9212],[-101.81106,17.89026],[-101.64449,17.66829],[-101.00824,17.25298],[-99.99169,16.90974],[-99.74124,16.73062],[-98.85655,16.52818],[-98.55455,16.31828],[-98.12377,16.20917],[-97.77272,15.97945],[-97.26602,15.93591],[-96.55604,15.65903],[-96.23664,15.68333],[-95.43448,15.97538],[-94.85208,16.4289],[-94.11486,16.0572],[-94.09403,16.09897],[-94.08362,16.14886],[-92.824,15.1728],[-92.24626,14.54628],[-92.16173,14.70233],[-92.20336,15.23716],[-92.10593,15.45447],[-91.72378,16.06879],[-90.9948,16.06987],[-90.4482,16.07926],[-90.44784,16.07969],[-90.39879,16.34758],[-90.73531,16.74658],[-91.06687,16.91819],[-91.43327,17.25454],[-90.99199,17.25192],[-90.9909,17.80196],[-89.1605,17.81431],[-89.14634,17.95146],[-88.88033,17.88847],[-88.61406,18.24703],[-88.30382,18.48135],[-87.77123,18.4064],[-87.42321,19.55801],[-87.444,20.19115],[-86.87531,20.85505],[-86.74157,21.16413],[-86.99791,21.5659],[-87.53978,21.49934],[-88.12947,21.61603],[-89.12316,21.36347],[-89.78596,21.28457],[-90.33239,21.03246],[-90.38114,20.82403],[-90.4899,20.53413],[-90.47782,19.9221],[-90.70946,19.68749],[-90.73009,19.37592],[-90.93554,19.16307],[-91.43119,18.88012],[-91.26553,18.73566],[-91.54442,18.44916],[-91.99071,18.53925],[-92.06013,18.70162],[-92.48614,18.64848],[-92.93977,18.44574],[-93.44469,18.4418],[-94.13707,18.20744],[-94.58088,18.18985],[-94.80785,18.52363],[-95.20836,18.70864],[-95.85204,18.71678],[-95.97716,19.05825],[-96.27831,19.3146],[-96.45613,19.8688],[-97.15054,20.64704],[-97.49682,21.40062],[-97.78186,22.27334],[-97.88939,22.62543],[-97.74234,22.97207],[-97.76854,23.26008],[-97.65144,24.51586],[-97.45897,25.17939],[-97.16515,25.72333],[-97.13927,25.96581],[-97.42542,25.85486],[-97.67961,26.03464],[-98.22266,26.07541],[-98.79585,26.36831],[-99.0855,26.40764],[-99.24828,26.8271],[-99.46173,27.05695],[-99.5072,27.57377],[-99.71067,27.67012],[-99.80696,27.77142],[-100.28434,28.29652],[-100.66897,29.11621],[-101.40931,29.76578],[-102.30217,29.88939],[-102.68347,29.74372],[-103.14799,28.98511],[-103.31151,29.02604],[-104.05731,29.33904],[-104.53082,29.66791],[-104.68156,30.19294],[-105.0085,30.67699],[-105.36377,30.85037],[-106.50605,31.77026],[-108.21512,31.77775],[-108.21481,31.32744],[-108.96828,31.32739],[-109.04743,31.32739],[-111.06712,31.33364],[-112.32472,31.72799],[-114.81937,32.49936],[-114.72428,32.71284]]]}},{"type":"Feature","properties":{"id":"my","country_id":"MY","level":"country","countryCode":"my","countryName":"Malaysia","nameZh":"Malaysia","nameEn":"Malaysia","source":"Natural Earth Admin 1 States/Provinces dissolved to countries + Footprint policy overrides","sourceVersion":"5.1.1","sourceYear":2022,"license":"Public Domain","boundaryPolicy":"de facto","mapCluster":"global-country","sourceSimplification":"2%","sourceMapshaperPackage":"mapshaper@0.7.47","sourceComponentCountryIds":["MY"],"sourceComponentRegionIds":["MY-01","MY-02","MY-03","MY-04","MY-05","MY-06","MY-07","MY-08","MY-09","MY-10","MY-11","MY-12","MY-13","MY-14","MY-15","MY-16"]},"geometry":{"type":"MultiPolygon","coordinates":[[[[117.56715,4.15965],[118.54282,4.36001],[118.13649,4.88231],[118.35719,5.0388],[118.68149,4.94432],[119.15594,5.10619],[118.97088,5.42829],[118.41066,5.79613],[117.65463,5.95869],[117.74383,6.38988],[117.30893,6.62881],[116.97381,6.70808],[116.74643,7.01044],[116.50318,6.49518],[116.20135,6.21796],[115.84864,5.56],[115.55014,5.54019],[115.5608,5.20783],[115.42156,4.96233],[115.14617,4.90851],[115.27268,4.63677],[115.113,4.38237],[115.02978,4.82064],[114.9817,4.88906],[114.74319,4.73059],[114.79416,4.30024],[114.58663,4.02144],[114.24556,4.48143],[113.99879,4.60114],[113.94679,4.27383],[113.43426,3.75316],[112.97438,3.14423],[112.01352,2.88593],[111.66961,2.84309],[111.44028,2.68012],[111.36549,2.34077],[110.96795,1.50324],[110.36647,1.71589],[109.92774,1.69229],[109.64527,2.08324],[109.52844,1.88999],[109.67726,1.57285],[110.25656,1.03906],[110.5539,0.85137],[111.19758,1.07523],[111.82308,1.00847],[112.10006,1.15492],[112.18006,1.44903],[112.47048,1.56766],[113.02342,1.53701],[113.64953,1.23326],[113.90967,1.44247],[114.20741,1.43944],[114.50064,1.43604],[114.83199,1.90252],[114.77876,2.2472],[115.12654,2.47923],[115.06691,2.8282],[115.46409,3.03082],[115.63913,4.14595],[115.87885,4.35214],[117.16466,4.33315],[117.56715,4.15965]]],[[[103.64031,2.67129],[103.43458,2.96182],[103.48219,3.51179],[103.33872,3.75821],[103.4428,4.16897],[103.44858,4.79507],[103.12029,5.38133],[102.542,5.85476],[102.31568,6.19038],[102.07309,6.25751],[102.06,6.0948],[101.69757,5.76714],[101.5002,5.89269],[101.10544,5.63764],[100.97243,5.77285],[101.08166,6.24647],[100.82373,6.2986],[100.37766,6.52675],[100.1992,6.69941],[100.12729,6.44229],[100.19873,6.26053],[100.34913,6.01268],[100.3543,5.56898],[100.4041,5.12018],[100.5774,4.85432],[100.56544,4.31916],[100.84057,3.84281],[101.29762,3.2746],[101.28305,2.9112],[101.7212,2.59585],[101.98847,2.39133],[102.48889,2.09298],[103.36736,1.5384],[103.50408,1.28994],[103.83969,1.47655],[104.29469,1.44652],[103.94899,2.33991],[103.64031,2.67129]]],[[[115.24855,5.36546],[115.18914,5.34479],[115.1609,5.26699],[115.25929,5.29121],[115.24855,5.36546]]]]}},{"type":"Feature","properties":{"id":"mz","country_id":"MZ","level":"country","countryCode":"mz","countryName":"Mozambique","nameZh":"Mozambique","nameEn":"Mozambique","source":"Natural Earth Admin 1 States/Provinces dissolved to countries + Footprint policy overrides","sourceVersion":"5.1.1","sourceYear":2022,"license":"Public Domain","boundaryPolicy":"de facto","mapCluster":"global-country","sourceSimplification":"2%","sourceMapshaperPackage":"mapshaper@0.7.47","sourceComponentCountryIds":["MZ"],"sourceComponentRegionIds":["MZ-A","MZ-B","MZ-G","MZ-I","MZ-L","MZ-N","MZ-P","MZ-Q","MZ-S","MZ-T"]},"geometry":{"type":"Polygon","coordinates":[[[35.75054,-14.54314],[35.9043,-14.88689],[35.78858,-15.21143],[35.83762,-15.45828],[35.83756,-15.4592],[35.79659,-15.9332],[35.69759,-16.10749],[35.29916,-16.20872],[35.23725,-16.39909],[35.29167,-17.12937],[34.88661,-16.70085],[34.38522,-16.18645],[34.34222,-15.73032],[34.41912,-15.57533],[34.55909,-15.20018],[34.5018,-14.5757],[34.38044,-14.41364],[33.61841,-14.56184],[33.35711,-14.23057],[33.20271,-14.01387],[31.65841,-14.51958],[30.21442,-14.98197],[30.39626,-15.636],[30.40257,-16.00124],[31.25998,-16.02347],[31.68611,-16.20723],[31.91028,-16.42892],[32.29046,-16.45176],[32.73095,-16.70866],[32.96909,-17.26611],[33.01165,-17.38399],[32.93709,-18.04711],[32.99641,-18.46714],[32.76883,-19.36362],[32.81627,-19.65208],[33.03279,-19.78417],[32.84521,-20.28667],[32.46911,-20.68685],[32.33981,-21.13406],[32.44585,-21.30899],[32.40854,-21.29033],[31.43382,-22.30205],[31.28892,-22.39734],[31.53635,-23.15698],[31.52147,-23.41557],[31.85649,-23.96296],[31.92631,-24.27674],[31.98655,-24.42311],[31.99162,-25.65022],[31.94924,-25.9581],[32.11388,-26.84001],[32.89308,-26.84612],[32.92945,-26.26605],[32.51661,-25.94997],[32.65876,-25.91056],[32.87273,-25.54388],[33.13201,-25.37917],[33.72918,-25.10508],[34.48015,-24.85223],[35.10646,-24.59791],[35.4935,-24.11053],[35.39479,-23.84189],[35.52076,-22.90765],[35.49684,-22.14153],[35.33579,-22.08913],[35.27101,-21.64414],[35.05795,-21.13763],[35.11248,-20.95265],[34.74244,-20.55023],[34.67994,-20.34694],[34.88006,-19.86338],[35.33985,-19.52068],[35.66228,-19.13299],[36.13307,-18.80857],[36.88738,-18.18906],[37.08644,-17.86907],[37.90886,-17.35516],[39.12908,-16.87184],[39.69825,-16.53216],[40.16456,-15.91562],[40.57325,-15.50498],[40.67091,-14.97666],[40.83546,-14.80234],[40.84254,-14.46445],[40.65056,-14.03191],[40.52703,-13.51059],[40.56007,-12.8139],[40.48032,-12.48431],[40.53688,-11.99684],[40.42945,-11.64153],[40.4961,-10.95574],[40.60206,-10.82049],[40.43686,-10.47479],[40.00813,-10.81112],[39.28662,-11.15415],[38.89626,-11.16769],[38.49225,-11.41346],[38.09336,-11.25631],[37.78367,-11.55888],[37.42782,-11.72259],[37.04438,-11.59567],[36.19968,-11.70151],[35.82637,-11.41346],[35.65481,-11.57831],[34.96461,-11.57356],[34.65125,-11.57004],[34.35558,-12.20494],[34.49446,-12.68739],[34.58276,-13.40363],[34.8639,-13.51628],[35.08409,-13.70423],[35.75054,-14.54314]],[[34.69414,-12.0004],[34.75419,-12.02014],[34.73248,-12.10903],[34.65621,-12.09724],[34.69414,-12.0004]]]}},{"type":"Feature","properties":{"id":"na","country_id":"NA","level":"country","countryCode":"na","countryName":"Namibia","nameZh":"Namibia","nameEn":"Namibia","source":"Natural Earth Admin 1 States/Provinces dissolved to countries + Footprint policy overrides","sourceVersion":"5.1.1","sourceYear":2022,"license":"Public Domain","boundaryPolicy":"de facto","mapCluster":"global-country","sourceSimplification":"2%","sourceMapshaperPackage":"mapshaper@0.7.47","sourceComponentCountryIds":["NA"],"sourceComponentRegionIds":["NA-CA","NA-ER","NA-HA","NA-KA","NA-KH","NA-KU","NA-OD","NA-OH","NA-OK","NA-ON","NA-OS","NA-OT","NA-OW"]},"geometry":{"type":"Polygon","coordinates":[[[20.98645,-17.96577],[20.8062,-18.0314],[20.33615,-17.85488],[20.03426,-17.89591],[19.02057,-17.82232],[18.76199,-17.7477],[18.45358,-17.38989],[18.00048,-17.38912],[17.27897,-17.38893],[15.55911,-17.38855],[14.21911,-17.38814],[13.94275,-17.40819],[13.34595,-16.96871],[12.88715,-17.02981],[12.55456,-17.23559],[12.09526,-17.13968],[11.76612,-17.2527],[11.71762,-17.54632],[11.84908,-18.14318],[12.03189,-18.50535],[12.28688,-18.69769],[13.15463,-20.15423],[13.38722,-20.81609],[13.6281,-21.1876],[13.95232,-21.78395],[14.38649,-22.27646],[14.50856,-22.54803],[14.41017,-22.9708],[14.48406,-23.55104],[14.47364,-24.15911],[14.82943,-25.00008],[14.84278,-25.7636],[14.96632,-26.33522],[15.23422,-26.96543],[15.29526,-27.32244],[15.68426,-27.94988],[16.48707,-28.57293],[16.76934,-28.4426],[16.89295,-28.08263],[17.34574,-28.22763],[17.40362,-28.70429],[18.16647,-28.9019],[18.74566,-28.83989],[19.08166,-28.95937],[19.56876,-28.53118],[19.98165,-28.42235],[19.98289,-27.28795],[19.98207,-25.61899],[19.98145,-24.75249],[19.98048,-23.86449],[19.97986,-23.30855],[19.97835,-22.00067],[20.97198,-22.00067],[20.98149,-20.99996],[20.97936,-20.35103],[20.97561,-19.17211],[20.99344,-18.31861],[21.47572,-18.2995],[22.98137,-18.02004],[23.31148,-18.0098],[23.64541,-18.466],[24.18305,-18.02944],[24.57776,-18.04443],[24.95809,-17.80093],[25.25978,-17.79411],[24.96999,-17.55996],[24.22046,-17.4795],[23.38165,-17.64114],[21.38115,-18.01259],[20.98645,-17.96577]]]}},{"type":"Feature","properties":{"id":"nc","country_id":"NC","level":"country","countryCode":"nc","countryName":"New Caledonia","nameZh":"New Caledonia","nameEn":"New Caledonia","source":"Natural Earth Admin 1 States/Provinces dissolved to countries + Footprint policy overrides","sourceVersion":"5.1.1","sourceYear":2022,"license":"Public Domain","boundaryPolicy":"de facto","mapCluster":"global-country","sourceSimplification":"2%","sourceMapshaperPackage":"mapshaper@0.7.47","sourceComponentCountryIds":["NC"],"sourceComponentRegionIds":["NC-X01~","NC-X02~","NC-X03~"]},"geometry":{"type":"MultiPolygon","coordinates":[[[[166.08228,-21.52459],[165.40675,-21.05543],[164.49562,-20.30023],[164.1325,-20.30096],[164.36557,-20.75807],[165.11166,-21.37314],[166.47836,-22.2872],[166.91163,-22.38502],[166.93881,-22.07985],[166.08228,-21.52459]]],[[[167.4323,-21.02776],[167.18531,-20.78818],[167.06739,-20.99635],[167.4323,-21.02776]]]]}},{"type":"Feature","properties":{"id":"ne","country_id":"NE","level":"country","countryCode":"ne","countryName":"Niger","nameZh":"Niger","nameEn":"Niger","source":"Natural Earth Admin 1 States/Provinces dissolved to countries + Footprint policy overrides","sourceVersion":"5.1.1","sourceYear":2022,"license":"Public Domain","boundaryPolicy":"de facto","mapCluster":"global-country","sourceSimplification":"2%","sourceMapshaperPackage":"mapshaper@0.7.47","sourceComponentCountryIds":["NE"],"sourceComponentRegionIds":["NE-1","NE-2","NE-3","NE-4","NE-5","NE-6","NE-7","NE-8"]},"geometry":{"type":"Polygon","coordinates":[[[4.22861,19.14224],[4.23027,18.64537],[4.23241,17.97523],[4.23564,16.99586],[4.18396,16.41605],[4.06056,16.29833],[3.87385,15.72088],[3.5071,15.35397],[1.33153,15.28362],[0.97372,14.99126],[0.21847,14.91098],[0.20238,14.43554],[0.49993,13.85102],[0.95098,13.5832],[0.97166,13.08578],[1.30481,12.83851],[1.53585,12.6475],[2.10905,12.70563],[2.07091,12.3069],[2.39017,11.89654],[2.36123,12.21889],[2.8443,12.39924],[3.5964,11.69577],[3.6457,12.52854],[3.92909,12.75039],[4.12032,13.21061],[4.12577,13.47298],[4.62584,13.72315],[5.27351,13.75252],[5.55432,13.87342],[6.28421,13.66766],[6.75388,13.1749],[7.06292,12.99514],[7.75558,13.32715],[8.24673,13.21129],[8.67935,12.92358],[8.97787,12.84318],[9.64766,12.83054],[9.93012,13.14597],[10.64788,13.36941],[11.44,13.36443],[12.05764,13.11677],[12.38674,13.07858],[12.88384,13.496],[13.60731,13.7041],[13.44918,14.38013],[13.60805,14.51827],[13.83391,15.0196],[14.36897,15.74963],[15.46852,16.90491],[15.49025,17.12454],[15.5677,18.00004],[15.73602,19.90354],[15.95399,20.37457],[15.5442,20.79899],[15.60931,20.95066],[15.1804,21.50727],[15.17202,21.99339],[14.97991,22.99566],[14.23172,22.61795],[13.48226,23.17967],[11.96886,23.51735],[9.72331,22.19343],[7.48273,20.87258],[5.83761,19.47863],[4.22861,19.14224]]]}},{"type":"Feature","properties":{"id":"nf","country_id":"NF","level":"country","countryCode":"nf","countryName":"Norfolk Island","nameZh":"Norfolk Island","nameEn":"Norfolk Island","source":"Natural Earth Admin 1 States/Provinces dissolved to countries + Footprint policy overrides","sourceVersion":"5.1.1","sourceYear":2022,"license":"Public Domain","boundaryPolicy":"de facto","mapCluster":"global-country","sourceSimplification":"2%","sourceMapshaperPackage":"mapshaper@0.7.47","sourceComponentCountryIds":["NF"],"sourceComponentRegionIds":["NF-X01~"]},"geometry":{"type":"Polygon","coordinates":[[[167.98414,-29.01784],[167.92652,-28.99749],[167.92644,-29.06634],[167.98504,-29.05926],[167.98414,-29.01784]]]}},{"type":"Feature","properties":{"id":"ng","country_id":"NG","level":"country","countryCode":"ng","countryName":"Nigeria","nameZh":"Nigeria","nameEn":"Nigeria","source":"Natural Earth Admin 1 States/Provinces dissolved to countries + Footprint policy overrides","sourceVersion":"5.1.1","sourceYear":2022,"license":"Public Domain","boundaryPolicy":"de facto","mapCluster":"global-country","sourceSimplification":"2%","sourceMapshaperPackage":"mapshaper@0.7.47","sourceComponentCountryIds":["NG"],"sourceComponentRegionIds":["NG-AB","NG-AD","NG-AK","NG-AN","NG-BA","NG-BE","NG-BO","NG-BY","NG-CR","NG-DE","NG-EB","NG-ED","NG-EK","NG-EN","NG-FC","NG-GO","NG-IM","NG-JI","NG-KD","NG-KE","NG-KN","NG-KO","NG-KT","NG-KW","NG-LA","NG-NA","NG-NI","NG-OG","NG-ON","NG-OS","NG-OY","NG-PL","NG-RI","NG-SO","NG-TA","NG-YO","NG-ZA"]},"geometry":{"type":"Polygon","coordinates":[[[12.23371,8.18845],[12.377,8.59511],[12.80571,8.8315],[12.86204,9.38289],[13.19545,9.54221],[13.24796,10.07941],[13.39267,10.11696],[13.56628,10.67901],[13.74984,10.94244],[13.98233,11.27626],[14.16547,11.23833],[14.59377,11.49643],[14.54653,11.71861],[14.66994,12.16742],[14.17984,12.3856],[14.06491,13.07799],[13.60731,13.7041],[12.88384,13.496],[12.38674,13.07858],[12.05764,13.11677],[11.44,13.36443],[10.64788,13.36941],[9.93012,13.14597],[9.64766,12.83054],[8.97787,12.84318],[8.67935,12.92358],[8.24673,13.21129],[7.75558,13.32715],[7.06292,12.99514],[6.75388,13.1749],[6.28421,13.66766],[5.55432,13.87342],[5.27351,13.75252],[4.62584,13.72315],[4.12577,13.47298],[4.12032,13.21061],[3.92909,12.75039],[3.6457,12.52854],[3.5964,11.69577],[3.48333,11.3923],[3.70558,11.12073],[3.83725,10.63061],[3.66483,10.12865],[3.5131,9.84661],[3.12863,9.42958],[3.09131,9.12642],[2.76916,9.05705],[2.72295,8.77122],[2.74244,8.52748],[2.67169,7.89343],[2.71764,7.65855],[2.77857,6.69877],[2.7188,6.5043],[2.71192,6.47405],[2.70384,6.36835],[3.54135,6.45482],[4.34197,6.37059],[4.493,6.32055],[5.00302,5.85478],[5.4602,5.13379],[5.5949,4.63646],[6.09669,4.27814],[6.69508,4.34724],[6.72264,4.59138],[6.96949,4.37458],[7.53353,4.70269],[7.55844,4.52534],[8.29835,4.55329],[8.29921,4.78234],[8.59417,4.81529],[8.79893,5.15963],[8.85587,5.8475],[9.48859,6.41821],[9.64481,6.52123],[9.69398,6.5343],[9.76982,6.77372],[10.11946,6.99441],[10.49598,6.87467],[10.83188,6.94521],[11.20228,6.43674],[11.50977,6.61231],[11.62325,6.93229],[11.88132,7.10205],[11.90355,7.45356],[12.23371,8.18845]]]}},{"type":"Feature","properties":{"id":"ni","country_id":"NI","level":"country","countryCode":"ni","countryName":"Nicaragua","nameZh":"Nicaragua","nameEn":"Nicaragua","source":"Natural Earth Admin 1 States/Provinces dissolved to countries + Footprint policy overrides","sourceVersion":"5.1.1","sourceYear":2022,"license":"Public Domain","boundaryPolicy":"de facto","mapCluster":"global-country","sourceSimplification":"2%","sourceMapshaperPackage":"mapshaper@0.7.47","sourceComponentCountryIds":["NI"],"sourceComponentRegionIds":["NI-AN","NI-AS","NI-BO","NI-CA","NI-CI","NI-CO","NI-ES","NI-GR","NI-JI","NI-LE","NI-MD","NI-MN","NI-MS","NI-MT","NI-NS","NI-RI","NI-SJ"]},"geometry":{"type":"Polygon","coordinates":[[[-84.99995,14.74202],[-85.02366,14.60254],[-85.56315,14.04201],[-85.74311,13.82396],[-86.09673,14.04408],[-86.4101,13.74903],[-86.77117,13.70789],[-86.76413,13.63734],[-86.73272,13.26847],[-86.94841,13.06969],[-87.31404,12.98155],[-87.64651,12.87238],[-87.12084,12.45838],[-86.67072,12.00052],[-86.50234,11.76678],[-86.1752,11.51947],[-85.70174,11.08088],[-85.23648,11.0531],[-84.88497,10.94768],[-84.67645,11.07041],[-84.15773,10.78842],[-83.76382,10.77368],[-83.6965,10.93659],[-83.71825,10.944],[-83.86803,11.3749],[-83.65298,11.61152],[-83.66373,12.25609],[-83.52957,13.03262],[-83.57014,13.2871],[-83.43126,13.95673],[-83.1918,14.38691],[-83.29922,14.77119],[-83.13044,14.99701],[-83.39031,15.03097],[-83.86948,14.77711],[-84.48269,14.61947],[-84.77017,14.80514],[-84.99995,14.74202]]]}},{"type":"Feature","properties":{"id":"nl","country_id":"NL","level":"country","countryCode":"nl","countryName":"Caribbean Netherlands","nameZh":"Caribbean Netherlands","nameEn":"Caribbean Netherlands","source":"Natural Earth Admin 1 States/Provinces dissolved to countries + Footprint policy overrides","sourceVersion":"5.1.1","sourceYear":2022,"license":"Public Domain","boundaryPolicy":"de facto","mapCluster":"global-country","sourceSimplification":"2%","sourceMapshaperPackage":"mapshaper@0.7.47","sourceComponentCountryIds":["NL"],"sourceComponentRegionIds":["NL-BQ1","NL-BQ2","NL-BQ3","NL-DR","NL-FL","NL-FR","NL-GE","NL-GR","NL-LI","NL-NB","NL-NH","NL-OV","NL-UT","NL-ZE","NL-ZH"]},"geometry":{"type":"MultiPolygon","coordinates":[[[[7.07215,52.84132],[7.19459,53.24502],[6.73024,53.46064],[6.18602,53.411],[5.59156,53.3028],[5.17977,53.00899],[4.74545,52.9676],[4.50815,52.33637],[4.14186,52.0056],[4.11092,51.64699],[4.18613,51.61681],[4.20681,51.59056],[4.23048,51.51956],[4.2638,51.44446],[4.26107,51.36938],[4.28112,51.36895],[4.73121,51.48562],[5.23946,51.25693],[5.55141,51.21677],[5.65743,50.80764],[5.73278,50.75885],[5.89129,50.75125],[5.99491,50.74993],[5.98292,51.07469],[6.19335,51.50934],[5.94606,51.74629],[6.71667,51.89926],[6.77158,52.10879],[7.0266,52.23862],[6.71908,52.62676],[7.07215,52.84132]]],[[[4.22149,51.368],[3.34941,51.37522],[3.3988,51.2447],[3.92703,51.20626],[4.22149,51.368]]],[[[-68.21154,12.22809],[-68.40005,12.30439],[-68.41739,12.25703],[-68.30256,12.20295],[-68.21154,12.22809]]],[[[-62.99714,17.52562],[-62.98109,17.46772],[-62.94506,17.48538],[-62.99714,17.52562]]],[[[-63.23843,17.64692],[-63.25133,17.62377],[-63.23839,17.61469],[-63.2237,17.62922],[-63.23843,17.64692]]]]}},{"type":"Feature","properties":{"id":"no","country_id":"NO","level":"country","countryCode":"no","countryName":"Norway","nameZh":"Norway","nameEn":"Norway","source":"Natural Earth Admin 1 States/Provinces dissolved to countries + Footprint policy overrides","sourceVersion":"5.1.1","sourceYear":2022,"license":"Public Domain","boundaryPolicy":"de facto","mapCluster":"global-country","sourceSimplification":"2%","sourceMapshaperPackage":"mapshaper@0.7.47","sourceComponentCountryIds":["NO"],"sourceComponentRegionIds":["NO-01","NO-02","NO-03","NO-04","NO-05","NO-06","NO-07","NO-08","NO-09","NO-10","NO-11","NO-12","NO-14","NO-15","NO-16","NO-17","NO-18","NO-19","NO-20","NO-21","NO-X01~"]},"geometry":{"type":"MultiPolygon","coordinates":[[[[11.88374,59.80538],[11.87463,59.88494],[12.51095,60.11799],[12.59435,60.51494],[12.28099,61.01519],[12.71083,61.05701],[12.87713,61.37098],[12.16172,61.72484],[12.31515,62.27176],[12.27952,62.34421],[12.09123,62.58631],[12.05983,63.20477],[12.1703,63.59813],[12.68189,63.95636],[13.23411,64.09087],[13.93944,64.00953],[14.11555,64.44124],[13.64276,64.58402],[14.33207,65.11396],[14.33285,65.11505],[14.64441,65.84291],[14.54054,66.12545],[15.47608,66.35494],[15.42627,66.49121],[16.41557,67.0527],[16.12711,67.42276],[17.32145,68.1053],[18.16667,68.15848],[18.18929,68.53842],[19.93101,68.3502],[20.24593,68.47737],[20.62316,69.03636],[21.31356,69.29143],[21.9461,69.0657],[22.59648,68.72464],[23.19758,68.61803],[23.92901,68.81621],[25.11757,68.63767],[25.65164,68.8835],[26.03198,69.69668],[26.50069,69.91832],[27.86691,70.07531],[29.34454,69.46439],[28.95408,69.02726],[29.33452,69.27737],[30.51166,69.53633],[30.84095,69.80584],[29.68588,69.96955],[31.06332,70.36677],[30.2068,70.68146],[27.5687,71.09724],[25.82521,70.82746],[24.8602,70.92837],[23.51319,70.36555],[23.35776,70.1153],[21.98683,70.32343],[21.23388,70.22429],[21.8392,70.09243],[20.51197,69.76948],[19.09832,69.73615],[18.30095,69.48676],[17.23439,68.75605],[16.58082,68.53449],[15.78875,67.95136],[15.0407,67.67756],[14.22283,66.98151],[13.0818,66.49799],[13.22535,66.18578],[12.34889,65.63837],[12.60222,65.43232],[12.20167,64.99925],[12.17634,65.01111],[12.04538,65.06013],[11.40203,64.66315],[10.62522,64.40531],[9.54591,63.7744],[10.19792,63.54228],[10.87588,63.44591],[8.78639,63.42984],[8.86899,63.21048],[8.84995,63.20344],[7.7483,62.94208],[7.27117,63.01411],[6.97039,62.72557],[5.46168,62.00674],[5.29029,61.47964],[4.96412,61.26569],[5.10478,60.83719],[5.30405,60.19062],[6.09799,60.09186],[5.52873,59.55791],[5.40789,59.51623],[5.18998,59.48016],[5.47543,59.27875],[6.11232,59.27456],[5.47795,58.75475],[5.70417,58.52077],[6.39763,58.273],[6.99936,58.03071],[8.22462,58.15693],[9.38659,58.78483],[9.82718,59.0184],[10.28199,59.09968],[10.45899,59.44086],[10.28301,59.69584],[10.48666,59.80317],[10.7566,59.84416],[10.68796,59.4836],[10.85027,59.18037],[11.43751,58.99173],[11.81109,59.24872],[11.67741,59.55905],[11.88374,59.80538]]],[[[20.20875,78.63809],[21.52215,78.85371],[18.94508,79.15697],[18.88185,79.44111],[17.56251,79.89785],[16.61647,79.98505],[15.26238,79.61884],[13.79705,79.8819],[11.82228,79.84504],[10.70802,79.56143],[11.64324,78.74726],[12.85808,78.35969],[13.85597,78.21288],[15.20932,78.6562],[15.7951,78.34292],[15.03468,78.11664],[13.58912,78.05585],[14.37371,77.19868],[15.04021,77.13475],[16.33676,76.61644],[17.32374,76.97895],[18.1941,77.49018],[18.99301,78.46699],[20.20875,78.63809]]],[[[27.17107,80.07343],[24.37599,80.33234],[20.88258,80.21125],[18.00782,80.19038],[18.78386,79.72309],[20.81691,79.37808],[22.92563,79.22285],[25.64568,79.39769],[27.14967,79.85497],[27.17107,80.07343]]],[[[24.42476,77.82594],[23.12045,77.98591],[21.66179,77.91804],[20.92172,77.44237],[22.19174,77.50414],[23.23454,77.26368],[24.42476,77.82594]]],[[[16.4961,68.57933],[15.90785,68.9575],[15.45916,68.79613],[15.21656,68.33539],[16.4961,68.57933]]],[[[3.45729,-54.39007],[3.37721,-54.39137],[3.35084,-54.45566],[3.46754,-54.44134],[3.45729,-54.39007]]]]}},{"type":"Feature","properties":{"id":"nor","country_id":"NOR","level":"country","countryCode":"nor","countryName":"Norway","nameZh":"挪威","nameEn":"Norway","source":"Natural Earth Admin 0 Countries","sourceVersion":"5.1.1","sourceYear":2022,"license":"Public Domain","boundaryPolicy":"de facto","mapCluster":"global-country","sourceSimplification":"2%","sourceMapshaperPackage":"mapshaper@0.7.47","sourceComponentCountryIds":["NOR"],"sourceComponentRegionIds":[]},"geometry":{"type":"MultiPolygon","coordinates":[[[[20.62316,69.03636],[21.66289,69.26322],[22.59648,68.72464],[23.19758,68.61803],[23.92901,68.81621],[25.11757,68.63767],[25.65164,68.8835],[26.03198,69.69668],[26.50069,69.91832],[27.86691,70.07531],[29.34454,69.46439],[28.95408,69.02726],[29.33452,69.27737],[30.51166,69.53633],[30.84095,69.80584],[29.68588,69.96955],[31.06332,70.36677],[30.2068,70.68146],[27.5687,71.09724],[25.82521,70.82746],[24.8602,70.92837],[23.51319,70.36555],[23.35776,70.1153],[21.98683,70.32343],[21.20924,70.20848],[21.17042,69.87564],[19.09832,69.73615],[18.30095,69.48676],[17.23439,68.75605],[16.62924,68.64167],[15.78875,67.95136],[15.0407,67.67756],[14.22283,66.98151],[13.0818,66.49799],[13.22535,66.18578],[12.34889,65.63837],[12.60222,65.43232],[11.40203,64.66315],[10.61524,64.4501],[10.01368,64.1188],[9.69907,63.64448],[8.79176,63.43122],[7.7483,62.94208],[6.97039,62.72557],[5.92872,62.19892],[5.29786,62.06818],[4.96412,61.26569],[5.03297,60.74169],[5.30405,60.19062],[6.09799,60.09186],[5.1823,59.51122],[5.47543,59.27875],[6.11232,59.27456],[5.47795,58.75475],[5.70417,58.52077],[6.99936,58.03071],[8.12289,58.10204],[9.34051,58.75117],[9.42807,58.89313],[10.85027,59.18037],[11.43751,58.99173],[11.81166,59.24967],[11.67741,59.55905],[12.51095,60.11799],[12.59435,60.51494],[12.25608,60.98132],[12.68251,61.04033],[12.87713,61.37098],[12.16172,61.72484],[12.31747,62.23403],[12.09123,62.58631],[12.2227,63.00148],[11.99243,63.2889],[12.68189,63.95636],[13.23411,64.09087],[13.93944,64.00953],[14.11555,64.44124],[13.64276,64.58402],[14.51429,65.31808],[14.54054,66.12545],[15.48188,66.27487],[15.42627,66.49121],[16.41557,67.0527],[16.12711,67.42276],[17.32145,68.1053],[18.16667,68.15848],[18.17184,68.53592],[19.93101,68.3502],[20.62316,69.03636]]],[[[20.20875,78.63809],[21.52215,78.85371],[18.94508,79.15697],[18.88185,79.44111],[16.61647,79.98505],[15.26238,79.61884],[13.79705,79.8819],[11.82228,79.84504],[10.70802,79.56143],[11.64324,78.74726],[13.85597,78.21288],[13.58912,78.05585],[14.37371,77.19868],[15.04021,77.13475],[16.33676,76.61644],[18.1941,77.49018],[18.99301,78.46699],[20.20875,78.63809]]],[[[27.17107,80.07343],[24.37599,80.33234],[20.88258,80.21125],[18.00782,80.19038],[18.78386,79.72309],[20.81691,79.37808],[22.92563,79.22285],[25.64568,79.39769],[27.14967,79.85497],[27.17107,80.07343]]],[[[24.42476,77.82594],[23.12045,77.98591],[21.66179,77.91804],[22.19174,77.50414],[23.23454,77.26368],[24.42476,77.82594]]],[[[16.52858,68.72199],[15.45916,68.79613],[15.21656,68.33539],[15.90398,68.36986],[16.52858,68.72199]]]]}},{"type":"Feature","properties":{"id":"np","country_id":"NP","level":"country","countryCode":"np","countryName":"Nepal","nameZh":"Nepal","nameEn":"Nepal","source":"Natural Earth Admin 1 States/Provinces dissolved to countries + Footprint policy overrides","sourceVersion":"5.1.1","sourceYear":2022,"license":"Public Domain","boundaryPolicy":"de facto","mapCluster":"global-country","sourceSimplification":"2%","sourceMapshaperPackage":"mapshaper@0.7.47","sourceComponentCountryIds":["NP"],"sourceComponentRegionIds":["NP-BA","NP-BH","NP-DH","NP-GA","NP-JA","NP-KA","NP-KO","NP-LU","NP-MA","NP-ME","NP-NA","NP-RA","NP-SA","NP-SE"]},"geometry":{"type":"Polygon","coordinates":[[[85.08187,28.3317],[84.22529,28.91412],[84.09913,29.247],[83.65499,29.16041],[83.16209,29.62517],[82.83658,29.65979],[82.54181,29.92324],[82.14453,30.06943],[82.08877,30.33009],[81.59159,30.41427],[81.2679,30.07205],[81.08445,30.02788],[80.99602,30.19697],[80.36898,29.75793],[80.27875,29.26809],[80.07305,28.82092],[80.53444,28.67956],[81.04707,28.38909],[81.30706,28.12381],[81.85565,27.85094],[82.05021,27.90559],[82.40193,27.67717],[82.67389,27.69646],[82.75214,27.49496],[83.59043,27.45662],[83.85334,27.34619],[83.92204,27.4497],[84.57704,27.32903],[84.64024,27.02838],[85.35535,26.75991],[85.59858,26.85438],[85.82161,26.57171],[86.14635,26.60136],[86.7136,26.41456],[86.93515,26.52029],[87.32622,26.35333],[87.64874,26.40999],[88.08714,26.5391],[88.16907,26.744],[88.00466,27.24916],[88.11822,27.86088],[87.67853,27.81335],[87.1558,27.8258],[86.98209,27.95067],[86.51676,27.97143],[86.0546,27.88801],[85.67506,28.30639],[85.08187,28.3317]]]}},{"type":"Feature","properties":{"id":"nr","country_id":"NR","level":"country","countryCode":"nr","countryName":"Nauru","nameZh":"Nauru","nameEn":"Nauru","source":"Natural Earth Admin 1 States/Provinces dissolved to countries + Footprint policy overrides","sourceVersion":"5.1.1","sourceYear":2022,"license":"Public Domain","boundaryPolicy":"de facto","mapCluster":"global-country","sourceSimplification":"2%","sourceMapshaperPackage":"mapshaper@0.7.47","sourceComponentCountryIds":["NR"],"sourceComponentRegionIds":["NR-01","NR-02","NR-03","NR-04","NR-05","NR-06","NR-07","NR-08","NR-09","NR-10","NR-11","NR-12","NR-13","NR-14"]},"geometry":{"type":"Polygon","coordinates":[[[166.91199,-0.53697],[166.91635,-0.54754],[166.93264,-0.55067],[166.9532,-0.53338],[166.9574,-0.51133],[166.95558,-0.49798],[166.93881,-0.49041],[166.9312,-0.49334],[166.92513,-0.49568],[166.91807,-0.49839],[166.91342,-0.50018],[166.91031,-0.51211],[166.90699,-0.52483],[166.91199,-0.53697]]]}},{"type":"Feature","properties":{"id":"nu","country_id":"NU","level":"country","countryCode":"nu","countryName":"Niue","nameZh":"Niue","nameEn":"Niue","source":"Natural Earth Admin 1 States/Provinces dissolved to countries + Footprint policy overrides","sourceVersion":"5.1.1","sourceYear":2022,"license":"Public Domain","boundaryPolicy":"de facto","mapCluster":"global-country","sourceSimplification":"2%","sourceMapshaperPackage":"mapshaper@0.7.47","sourceComponentCountryIds":["NU"],"sourceComponentRegionIds":["NU-X01~"]},"geometry":{"type":"Polygon","coordinates":[[[-169.85114,-18.9651],[-169.95043,-19.08733],[-169.89892,-19.14275],[-169.79426,-19.04713],[-169.85114,-18.9651]]]}},{"type":"Feature","properties":{"id":"nz","country_id":"NZ","level":"country","countryCode":"nz","countryName":"New Zealand","nameZh":"New Zealand","nameEn":"New Zealand","source":"Natural Earth Admin 1 States/Provinces dissolved to countries + Footprint policy overrides","sourceVersion":"5.1.1","sourceYear":2022,"license":"Public Domain","boundaryPolicy":"de facto","mapCluster":"global-country","sourceSimplification":"2%","sourceMapshaperPackage":"mapshaper@0.7.47","sourceComponentCountryIds":["NZ"],"sourceComponentRegionIds":["NZ-AUK","NZ-BOP","NZ-CAN","NZ-CIT","NZ-GIS","NZ-HKB","NZ-MBH","NZ-MWT","NZ-NSN","NZ-NTL","NZ-OTA","NZ-STL","NZ-TAS","NZ-TKI","NZ-WGN","NZ-WKO","NZ-WTC","NZ-X01~","NZ-X03~","NZ-X04~","NZ-X05~","NZ-X06~","NZ-X07~"]},"geometry":{"type":"MultiPolygon","coordinates":[[[[174.08169,-41.96911],[174.28639,-41.75457],[174.05551,-41.42457],[174.21144,-40.99961],[173.59047,-41.05568],[173.18498,-41.31021],[173.06495,-40.88665],[172.68914,-40.73406],[172.23341,-40.7776],[172.07081,-41.41424],[171.48878,-41.83034],[171.12281,-42.59238],[170.70074,-42.95466],[169.89682,-43.39446],[169.73365,-43.56569],[168.74676,-44.01035],[168.41033,-44.02793],[168.13671,-44.2808],[167.20346,-44.94997],[166.48976,-45.80755],[166.76197,-46.21998],[167.40577,-46.25115],[168.36573,-46.54022],[169.1927,-46.61801],[169.84897,-46.46754],[170.69842,-45.67929],[171.17254,-44.95333],[171.346,-44.27863],[172.80397,-43.61102],[172.81121,-43.16904],[173.28728,-42.95387],[173.5586,-42.49114],[174.08169,-41.96911]]],[[[174.67291,-37.29377],[174.85035,-37.76491],[174.61761,-38.70737],[174.36671,-38.97568],[173.85271,-39.13445],[173.78443,-39.39324],[174.77231,-39.85914],[175.15496,-40.08538],[175.14129,-40.67441],[174.60939,-41.29192],[175.18181,-41.4179],[175.33033,-41.6098],[175.96681,-41.247],[176.34799,-40.69655],[176.62967,-40.45407],[177.03639,-39.75359],[176.90626,-39.44752],[177.06495,-39.1994],[177.91245,-38.96071],[178.29461,-38.53981],[178.35157,-38.00172],[178.5643,-37.71771],[178.07733,-37.55138],[177.55681,-37.91383],[177.14552,-38.02353],[176.51857,-37.76214],[175.99724,-37.63177],[175.95874,-37.36866],[175.88185,-36.92604],[175.50245,-36.6539],[175.32602,-37.00945],[174.8191,-36.82366],[174.65622,-36.13347],[174.49692,-35.98756],[174.56951,-35.59433],[174.13754,-35.31911],[173.88819,-35.00604],[173.47828,-34.99041],[173.12306,-34.80967],[173.10027,-35.21998],[173.85825,-36.06561],[174.07984,-36.39951],[174.51124,-36.2278],[174.35987,-36.63128],[174.67291,-37.29377]]],[[[168.19947,-47.04762],[167.92058,-46.68304],[167.6482,-47.04803],[168.19947,-47.04762]]],[[[166.24342,-50.60076],[166.11769,-50.55242],[166.05909,-50.69354],[165.88649,-50.79461],[165.96534,-50.8401],[166.08351,-50.7868],[166.24342,-50.60076]]],[[[-176.38203,-43.89861],[-176.2851,-43.76971],[-176.602,-43.70761],[-176.51594,-43.9223],[-176.38203,-43.89861]]],[[[169.25042,-52.52026],[169.11359,-52.54645],[169.1953,-52.60031],[169.25042,-52.52026]]],[[[178.83904,-49.62916],[178.71762,-49.67254],[178.82635,-49.71315],[178.83904,-49.62916]]],[[[-177.90954,-29.27858],[-177.88939,-29.23382],[-177.958,-29.22275],[-177.90954,-29.27858]]],[[[166.63722,-47.99358],[166.56837,-48.03444],[166.63429,-48.03997],[166.62355,-48.02093],[166.63722,-47.99358]]],[[[172.146,-34.14466],[172.11632,-34.15238],[172.13766,-34.16925],[172.146,-34.14466]]]]}},{"type":"Feature","properties":{"id":"om","country_id":"OM","level":"country","countryCode":"om","countryName":"Oman","nameZh":"Oman","nameEn":"Oman","source":"Natural Earth Admin 1 States/Provinces dissolved to countries + Footprint policy overrides","sourceVersion":"5.1.1","sourceYear":2022,"license":"Public Domain","boundaryPolicy":"de facto","mapCluster":"global-country","sourceSimplification":"2%","sourceMapshaperPackage":"mapshaper@0.7.47","sourceComponentCountryIds":["OM"],"sourceComponentRegionIds":["OM-BA","OM-BJ","OM-BU","OM-DA","OM-MA","OM-MU","OM-SH","OM-SS","OM-WU","OM-ZA","OM-ZU"]},"geometry":{"type":"MultiPolygon","coordinates":[[[[56.07627,24.72997],[56.02525,24.88256],[55.97587,24.97211],[55.79993,24.69325],[55.80737,24.34079],[55.99785,24.08127],[55.4998,23.97061],[55.44533,23.55226],[55.19129,22.99537],[55.18684,22.70358],[55.62671,22.02377],[55.60017,21.86606],[55.34462,21.09691],[54.97838,19.99542],[53.63004,19.54599],[51.97861,18.99564],[51.98569,18.97973],[52.73015,17.29988],[53.09034,16.6424],[53.58269,16.74995],[54.02345,16.98534],[55.02687,17.01114],[55.25473,17.22871],[55.22543,17.51545],[55.44516,17.84101],[56.18849,17.9571],[56.56129,18.14924],[56.65968,18.59536],[56.91505,18.81029],[57.44529,18.94533],[57.8401,19.01533],[57.6989,19.75438],[57.85613,20.26065],[58.25511,20.60927],[58.51857,20.41682],[58.9192,21.1437],[59.33619,21.43773],[59.79176,22.19807],[59.77638,22.54145],[59.4839,22.61884],[59.25913,22.89043],[58.78614,23.51211],[58.1316,23.71332],[57.53268,23.82959],[57.15154,23.95356],[56.61118,24.49632],[56.38331,24.97822],[56.31605,24.92991],[56.31428,24.91196],[56.27468,24.87195],[56.17137,24.82407],[56.07627,24.72997]]],[[[56.27906,25.62745],[56.4004,25.99046],[56.0774,26.06105],[56.1525,25.65796],[56.27906,25.62745]]],[[[56.23362,25.31253],[56.20672,25.2267],[56.34912,25.29402],[56.26062,25.33108],[56.23362,25.31253]]]]}},{"type":"Feature","properties":{"id":"pa","country_id":"PA","level":"country","countryCode":"pa","countryName":"Panama","nameZh":"Panama","nameEn":"Panama","source":"Natural Earth Admin 1 States/Provinces dissolved to countries + Footprint policy overrides","sourceVersion":"5.1.1","sourceYear":2022,"license":"Public Domain","boundaryPolicy":"de facto","mapCluster":"global-country","sourceSimplification":"2%","sourceMapshaperPackage":"mapshaper@0.7.47","sourceComponentCountryIds":["PA"],"sourceComponentRegionIds":["PA-1","PA-2","PA-3","PA-4","PA-5","PA-6","PA-7","PA-8","PA-9","PA-EM","PA-KY","PA-NB"]},"geometry":{"type":"Polygon","coordinates":[[[-82.93952,9.07064],[-82.72016,8.92024],[-82.94367,8.24857],[-82.89763,8.03475],[-82.65892,8.32278],[-82.28006,8.34321],[-81.71146,8.13032],[-81.66357,7.99729],[-81.52579,7.71145],[-80.94632,7.55569],[-80.87308,7.21255],[-80.60408,7.23672],[-79.99466,7.50344],[-80.37551,7.99722],[-80.47846,8.09138],[-80.38073,8.31037],[-80.0408,8.39798],[-79.7744,8.57955],[-79.75626,8.79629],[-79.482,8.99836],[-79.17601,9.01073],[-78.50438,8.63402],[-78.4097,8.35301],[-78.43082,8.07713],[-78.14415,7.49787],[-77.89584,7.2351],[-77.82018,7.47655],[-77.33974,7.70723],[-77.26943,8.1677],[-77.46937,8.53781],[-77.37352,8.66474],[-78.02457,9.22647],[-78.43771,9.40435],[-79.07453,9.56204],[-79.55097,9.62929],[-79.90905,9.30842],[-80.63712,9.05167],[-80.8626,8.88507],[-81.21307,8.79181],[-82.00675,8.94658],[-82.24596,9.01415],[-82.3496,9.40204],[-82.5736,9.5762],[-82.94429,9.43715],[-82.93952,9.07064]]]}},{"type":"Feature","properties":{"id":"pe","country_id":"PE","level":"country","countryCode":"pe","countryName":"Peru","nameZh":"Peru","nameEn":"Peru","source":"Natural Earth Admin 1 States/Provinces dissolved to countries + Footprint policy overrides","sourceVersion":"5.1.1","sourceYear":2022,"license":"Public Domain","boundaryPolicy":"de facto","mapCluster":"global-country","sourceSimplification":"2%","sourceMapshaperPackage":"mapshaper@0.7.47","sourceComponentCountryIds":["PE"],"sourceComponentRegionIds":["PE-AMA","PE-ANC","PE-APU","PE-ARE","PE-AYA","PE-CAJ","PE-CAL","PE-CUS","PE-HUC","PE-HUV","PE-ICA","PE-JUN","PE-LAL","PE-LAM","PE-LIM","PE-LOR","PE-MDD","PE-MOQ","PE-PAS","PE-PIU","PE-PUN","PE-SAM","PE-TAC","PE-TUM","PE-UCA"]},"geometry":{"type":"Polygon","coordinates":[[[-78.37587,-3.52935],[-78.68243,-4.32692],[-78.70893,-4.58511],[-79.00928,-4.96011],[-79.23369,-4.96565],[-79.46082,-4.77046],[-79.50721,-4.53156],[-80.07966,-4.30904],[-80.4085,-4.4775],[-80.51229,-4.06503],[-80.16507,-3.8807],[-80.34073,-3.3935],[-80.77172,-3.71014],[-81.06249,-4.08571],[-81.2528,-4.2387],[-81.33756,-4.6783],[-81.06335,-5.02204],[-81.19848,-5.2081],[-80.85621,-5.65046],[-81.10146,-6.07207],[-80.63074,-6.37772],[-80.11892,-6.65061],[-79.69208,-7.16136],[-79.46594,-7.71593],[-78.98574,-8.21742],[-78.64895,-8.96374],[-78.1666,-10.14141],[-77.8906,-10.60254],[-77.67054,-10.92752],[-77.64726,-11.29232],[-77.19761,-11.68077],[-77.14075,-11.99903],[-77.17492,-12.07187],[-77.11443,-12.08131],[-76.79908,-12.50934],[-76.24919,-13.32044],[-76.18126,-13.53948],[-76.28206,-14.14092],[-75.93065,-14.64935],[-75.55065,-14.88494],[-75.07575,-15.43766],[-74.04662,-15.96014],[-73.70028,-16.2207],[-72.69235,-16.66065],[-71.80761,-17.19134],[-71.48848,-17.31799],[-71.17581,-17.7933],[-70.3947,-18.33775],[-69.97034,-18.25063],[-69.7831,-17.9816],[-69.85756,-17.73417],[-69.51009,-17.50659],[-69.66442,-17.28856],[-69.42744,-17.08686],[-69.00173,-16.42282],[-69.21965,-16.15276],[-69.42434,-15.65625],[-69.1481,-15.23333],[-69.39067,-14.96441],[-69.2475,-14.59368],[-68.88372,-14.21148],[-68.98297,-13.97222],[-68.97394,-13.03176],[-68.98095,-12.86795],[-68.68946,-12.49342],[-69.57763,-10.9523],[-69.95611,-10.91933],[-70.2894,-11.06475],[-70.64134,-11.0108],[-70.63866,-9.95589],[-70.68085,-9.52769],[-71.1965,-9.93986],[-71.39143,-10.00683],[-72.19567,-10.00559],[-72.43023,-9.48221],[-73.21498,-9.40904],[-72.95939,-9.08565],[-73.17457,-8.72071],[-73.52654,-8.37241],[-73.71216,-7.78815],[-73.98449,-7.52941],[-73.76076,-7.33743],[-73.80676,-7.11788],[-73.76549,-6.90418],[-73.13178,-6.43526],[-73.23478,-6.07756],[-73.00135,-5.7088],[-72.91795,-5.13209],[-72.62727,-5.02243],[-72.07113,-4.60514],[-71.77435,-4.48153],[-70.96869,-4.38531],[-70.83224,-4.17943],[-70.42993,-4.13417],[-70.23132,-4.30366],[-69.96495,-4.23648],[-70.3111,-3.82927],[-70.73413,-3.78204],[-70.05063,-2.71513],[-70.8742,-2.22958],[-71.21986,-2.34151],[-71.76794,-2.14225],[-71.96627,-2.32849],[-72.39658,-2.44652],[-72.64432,-2.33407],[-72.94327,-2.41902],[-73.19529,-2.1872],[-73.18625,-1.79963],[-73.53099,-1.67375],[-73.63656,-1.25517],[-74.28913,-0.94304],[-74.41472,-0.56376],[-74.82465,-0.17048],[-75.28349,-0.10702],[-75.43423,-0.40302],[-75.26664,-0.6427],[-75.58074,-1.54664],[-76.09124,-2.12891],[-76.66966,-2.56459],[-77.81037,-2.96715],[-78.37587,-3.52935]]]}},{"type":"Feature","properties":{"id":"pf","country_id":"PF","level":"country","countryCode":"pf","countryName":"French Polynesia","nameZh":"French Polynesia","nameEn":"French Polynesia","source":"Natural Earth Admin 1 States/Provinces dissolved to countries + Footprint policy overrides","sourceVersion":"5.1.1","sourceYear":2022,"license":"Public Domain","boundaryPolicy":"de facto","mapCluster":"global-country","sourceSimplification":"2%","sourceMapshaperPackage":"mapshaper@0.7.47","sourceComponentCountryIds":["PF"],"sourceComponentRegionIds":["PF-X01~","PF-X02~","PF-X03~","PF-X04~","PF-X05~"]},"geometry":{"type":"MultiPolygon","coordinates":[[[[-149.18346,-17.73122],[-149.35412,-17.54013],[-149.60432,-17.52581],[-149.58751,-17.73122],[-149.18346,-17.73122]]],[[[-138.83658,-9.74114],[-139.05138,-9.70143],[-139.15689,-9.8152],[-138.86925,-9.7916],[-138.83658,-9.74114]]],[[[-151.47875,-16.73821],[-151.45824,-16.9026],[-151.35249,-16.85858],[-151.47875,-16.73821]]],[[[-140.67878,-17.78037],[-140.78246,-17.75164],[-140.78523,-17.85858],[-140.67878,-17.78037]]],[[[-144.28376,-27.5792],[-144.33943,-27.55926],[-144.34659,-27.61533],[-144.30443,-27.63242],[-144.28376,-27.5792]]]]}},{"type":"Feature","properties":{"id":"pg","country_id":"PG","level":"country","countryCode":"pg","countryName":"Papua New Guinea","nameZh":"Papua New Guinea","nameEn":"Papua New Guinea","source":"Natural Earth Admin 1 States/Provinces dissolved to countries + Footprint policy overrides","sourceVersion":"5.1.1","sourceYear":2022,"license":"Public Domain","boundaryPolicy":"de facto","mapCluster":"global-country","sourceSimplification":"2%","sourceMapshaperPackage":"mapshaper@0.7.47","sourceComponentCountryIds":["PG"],"sourceComponentRegionIds":["PG-CPK","PG-CPM","PG-EBR","PG-EHG","PG-EPW","PG-ESW","PG-GPK","PG-MBA","PG-MPL","PG-MPM","PG-MRL","PG-NCD","PG-NIK","PG-NPP","PG-NSB","PG-SAN","PG-SHM","PG-WBK","PG-WHM","PG-WPD"]},"geometry":{"type":"MultiPolygon","coordinates":[[[[149.67829,-10.33645],[150.06739,-10.63991],[150.4157,-10.6819],[150.69288,-10.55674],[150.19679,-10.09515],[149.93946,-10.06243],[149.46136,-9.59409],[149.18287,-9.3681],[149.24366,-8.99717],[148.75831,-9.10369],[148.55926,-9.03248],[148.43678,-8.66619],[148.23756,-8.56927],[148.11402,-8.05535],[147.97738,-8.00406],[147.16188,-7.39056],[146.95623,-6.95469],[146.97731,-6.74041],[147.85401,-6.69101],[147.82667,-6.33538],[147.44907,-5.9616],[146.79339,-5.81618],[146.46095,-5.5993],[145.72739,-5.42246],[145.81186,-4.86102],[145.34571,-4.39023],[145.05095,-4.34189],[144.86785,-4.09922],[144.58171,-3.99578],[144.51344,-3.81756],[143.99586,-3.79315],[143.47788,-3.42059],[143.08513,-3.35312],[141.90553,-2.96722],[141.27589,-2.64235],[140.97446,-2.60052],[140.97687,-4.98849],[140.9769,-6.33512],[140.84921,-6.70285],[140.97716,-6.89663],[140.97698,-9.10613],[141.86842,-9.22039],[142.2234,-9.16123],[142.6526,-9.33025],[143.40553,-8.96217],[143.39991,-8.78216],[142.98048,-8.33563],[143.59205,-8.24196],[143.54802,-8.03167],[143.94288,-7.99156],[144.43133,-7.61224],[144.87957,-7.78167],[145.61329,-7.93255],[146.10279,-8.10027],[146.38975,-8.5844],[146.6268,-9.02304],[146.91489,-9.1242],[147.09995,-9.4817],[147.28678,-9.52126],[147.51759,-9.879],[147.76173,-10.05975],[148.23129,-10.10565],[148.97804,-10.27614],[149.67829,-10.33645]]],[[[151.64772,-4.94899],[151.38803,-4.91448],[151.08286,-5.16383],[151.02223,-5.39031],[150.719,-5.53411],[149.39047,-5.58733],[148.97804,-5.46526],[148.42994,-5.44476],[148.38624,-5.77508],[148.77198,-5.8733],[149.14186,-6.14422],[149.46404,-6.10263],[149.62941,-6.29925],[150.4651,-6.27402],[150.77129,-6.12979],[151.20851,-5.9428],[151.4651,-5.68499],[152.09889,-5.45574],[151.99269,-4.97177],[152.29184,-4.93548],[152.41456,-4.36045],[151.96469,-4.33123],[151.54029,-4.17669],[151.69565,-4.81878],[151.64772,-4.94899]]],[[[155.93344,-6.6408],[155.71388,-6.27923],[155.45216,-6.13714],[155.06935,-5.55218],[154.77036,-5.55877],[154.75587,-5.94785],[155.23463,-6.36338],[155.36085,-6.74586],[155.71778,-6.87282],[155.93344,-6.6408]]],[[[153.13722,-4.26946],[152.95631,-3.99863],[152.68784,-4.16383],[152.67115,-4.45176],[152.87379,-4.78883],[153.07521,-4.60182],[153.13722,-4.26946]]],[[[147.43279,-1.98382],[146.65211,-1.96445],[146.64796,-2.16937],[147.21648,-2.18304],[147.43279,-1.98382]]]]}},{"type":"Feature","properties":{"id":"ph","country_id":"PH","level":"country","countryCode":"ph","countryName":"Philippines","nameZh":"Philippines","nameEn":"Philippines","source":"Natural Earth Admin 1 States/Provinces dissolved to countries + Footprint policy overrides","sourceVersion":"5.1.1","sourceYear":2022,"license":"Public Domain","boundaryPolicy":"de facto","mapCluster":"global-country","sourceSimplification":"2%","sourceMapshaperPackage":"mapshaper@0.7.47","sourceComponentCountryIds":["PH"],"sourceComponentRegionIds":["PH-ABR","PH-AGN","PH-AGS","PH-AKL","PH-ALB","PH-ANT","PH-APA","PH-AUR","PH-BAN","PH-BAS","PH-BCD","PH-BEN","PH-BIL","PH-BOH","PH-BTG","PH-BTN","PH-BUK","PH-BUL","PH-CAG","PH-CAM","PH-CAN","PH-CAP","PH-CAS","PH-CAT","PH-CAV","PH-CEB","PH-COM","PH-DAO","PH-DAS","PH-DAV","PH-EAS","PH-GUI","PH-IFU","PH-ILI","PH-ILN","PH-ILS","PH-ISA","PH-KAL","PH-LAG","PH-LAN","PH-LAP","PH-LAS","PH-LEY","PH-LUN","PH-MAD","PH-MAG","PH-MAS","PH-MDC","PH-MDE","PH-MDR","PH-MNL","PH-MOU","PH-MSC","PH-MSR","PH-NCO","PH-NEC","PH-NER","PH-NSA","PH-NUE","PH-NUV","PH-PAM","PH-PAN","PH-PLW","PH-QUE","PH-QUI","PH-RIZ","PH-ROM","PH-SAR","PH-SCO","PH-SIG","PH-SLE","PH-SLU","PH-SOR","PH-SUK","PH-SUN","PH-SUR","PH-TAR","PH-TAW","PH-WSA","PH-ZAN","PH-ZAS","PH-ZMB","PH-ZSI"]},"geometry":{"type":"MultiPolygon","coordinates":[[[[123.59358,13.52947],[123.93775,13.784],[123.47779,13.95051],[123.04884,13.82197],[122.85328,14.27855],[122.47096,14.34589],[122.30999,14.09628],[122.23194,13.90644],[121.73162,14.18822],[121.56007,14.98965],[121.44618,15.20793],[121.63657,15.72248],[121.57781,15.93207],[122.20387,16.26382],[122.24464,16.51057],[122.52906,17.09052],[122.18463,17.54131],[122.18002,18.12075],[121.10678,18.64273],[120.99511,18.60606],[120.61109,18.53856],[120.42614,17.89404],[120.33383,17.55638],[120.44174,17.36799],[120.39791,16.91919],[120.30665,16.54499],[120.40136,16.2095],[120.36524,16.10871],[120.25766,16.05219],[119.90187,16.2508],[119.75587,15.94457],[119.8888,15.80142],[119.88819,15.42902],[120.20932,14.88003],[120.28248,14.80608],[120.54542,14.82709],[120.66383,14.77896],[120.91621,14.69439],[120.94758,14.62786],[120.98015,14.55744],[120.98439,14.534],[120.97339,14.506],[120.9608,14.49523],[120.59668,14.2188],[120.74594,13.93378],[121.27882,13.59504],[121.45458,13.81922],[121.54933,13.87816],[121.63689,13.90961],[122.11842,13.7521],[122.50115,13.36807],[122.558,13.93328],[123.29246,13.24472],[123.49616,12.9744],[123.8191,12.83185],[123.93538,13.11851],[123.59358,13.52947]]],[[[125.20362,9.08195],[125.11573,8.83055],[124.78077,8.94912],[124.75318,8.56171],[124.57154,8.52814],[124.26169,8.32418],[124.23227,8.21288],[123.68897,7.9683],[123.67758,8.01061],[123.8733,8.15327],[123.7588,8.60749],[123.549,8.61884],[123.05543,8.50495],[122.92457,8.15013],[122.29225,8.00991],[122.12892,7.81501],[122.04689,7.30109],[121.90428,7.1544],[122.15447,6.92813],[122.35987,7.47285],[122.59669,7.76142],[123.09645,7.7143],[123.22584,7.51561],[123.61468,7.83349],[123.86182,7.70347],[124.16731,7.43185],[124.21925,7.32095],[124.18377,7.22639],[124.02947,7.11514],[124.03722,6.75855],[124.05494,6.43769],[124.37028,6.13265],[124.93873,5.86396],[125.11223,5.95336],[125.24008,6.09422],[125.18116,5.79833],[125.30648,5.58358],[125.66733,5.95014],[125.57358,6.51691],[125.39747,6.59846],[125.50994,7.01557],[125.67677,7.26463],[125.83072,7.35427],[125.95427,7.04741],[126.07911,6.84252],[126.61232,7.25788],[126.58286,7.71943],[126.38347,7.89956],[126.46306,8.22993],[126.31275,8.95624],[125.93409,9.49234],[125.46526,9.4447],[125.51661,9.01594],[125.44117,8.98041],[125.20362,9.08195]]],[[[118.63878,9.52112],[118.87477,9.97187],[119.1963,10.05634],[119.35597,10.32884],[119.70997,10.49453],[119.50457,10.97089],[119.27809,10.50821],[118.99342,10.30028],[118.38233,9.65778],[118.12696,9.33784],[117.65553,9.05793],[117.29151,8.64081],[117.77369,8.70307],[118.13209,9.12665],[118.33579,9.17927],[118.63878,9.52112]]],[[[122.9199,10.61832],[122.87892,10.11807],[122.39519,9.83662],[122.5971,9.43765],[122.8694,9.32266],[123.03321,9.03531],[123.23015,9.10761],[123.15675,9.86762],[123.36573,10.39251],[123.57553,10.82559],[123.21355,10.99641],[122.97584,10.74242],[122.9199,10.61832]]],[[[125.31601,12.30207],[125.16627,12.57811],[124.27622,12.53327],[124.37055,12.29005],[125.00017,11.62482],[125.00294,11.41975],[125.24138,11.09439],[125.56617,11.26813],[125.47088,11.60261],[125.5005,12.2486],[125.31601,12.30207]]],[[[121.85385,11.76944],[122.10719,11.65795],[122.0451,11.0174],[121.93702,10.7757],[122.03321,10.46092],[122.47211,10.68713],[122.61476,10.76146],[123.0149,11.09162],[123.08961,11.52969],[122.5922,11.55429],[121.96372,11.93391],[121.85385,11.76944]]],[[[121.24781,12.21992],[121.5464,12.64411],[121.43051,13.22427],[120.89339,13.50469],[120.56544,13.51313],[120.47999,13.3015],[120.75831,13.00239],[120.79786,12.72944],[121.24781,12.21992]]],[[[124.76601,10.18544],[125.26661,10.36839],[125.16778,10.62214],[125.00611,10.79735],[125.03875,11.19794],[124.9756,11.33442],[124.84571,11.43301],[124.40431,11.30268],[124.54957,10.9833],[124.62233,11.00202],[124.77882,10.82144],[124.76601,10.18544]]],[[[124.05494,11.79979],[123.88233,12.2128],[123.44809,12.5124],[123.27345,12.42365],[123.71168,11.95441],[124.05494,11.79979]]],[[[123.93443,10.3093],[123.97967,10.37718],[123.84929,10.75263],[123.38331,9.94269],[123.86866,10.2482],[123.93443,10.3093]]],[[[124.56528,9.87075],[124.18458,10.14448],[123.88608,9.91486],[123.93751,9.6175],[124.2942,9.60676],[124.56528,9.87075]]],[[[124.41798,13.87295],[124.12452,14.04938],[124.17018,13.52977],[124.41798,13.87295]]],[[[122.04922,6.7398],[122.09902,6.58671],[121.88006,6.50324],[121.96225,6.40485],[122.18865,6.45108],[122.23536,6.57119],[122.04922,6.7398]]],[[[122.10157,13.41669],[121.98902,13.53046],[121.81723,13.34195],[121.99317,13.20161],[122.10157,13.41669]]],[[[120.25196,5.26651],[120.08692,5.25898],[119.82944,5.13496],[119.95411,5.07551],[120.0254,5.16055],[120.25196,5.26651]]],[[[121.3816,6.00568],[121.04225,6.09711],[121.08107,5.88817],[121.3816,6.00568]]],[[[122.71111,10.73469],[122.52858,10.59121],[122.63445,10.44424],[122.71111,10.73469]]],[[[122.11524,12.66633],[121.9909,12.57119],[121.99317,12.4418],[122.08082,12.3155],[122.13575,12.56078],[122.11524,12.66633]]],[[[124.59962,11.56338],[124.49586,11.69477],[124.36866,11.67894],[124.45883,11.49445],[124.59962,11.56338]]],[[[123.69801,9.16503],[123.65545,9.28913],[123.4795,9.17182],[123.63998,9.09858],[123.69801,9.16503]]],[[[124.78419,9.19977],[124.64674,9.2189],[124.67213,9.12539],[124.78785,9.08308],[124.78419,9.19977]]],[[[122.00978,20.48847],[121.98024,20.47297],[121.96372,20.40664],[122.02654,20.4558],[122.00978,20.48847]]],[[[123.99165,10.32428],[123.94781,10.30654],[123.9332,10.25435],[123.97599,10.25539],[123.99165,10.32428]]]]}},{"type":"Feature","properties":{"id":"pk","country_id":"PK","level":"country","countryCode":"pk","countryName":"Pakistan","nameZh":"Pakistan","nameEn":"Pakistan","source":"Natural Earth Admin 1 States/Provinces dissolved to countries + Footprint policy overrides","sourceVersion":"5.1.1","sourceYear":2022,"license":"Public Domain","boundaryPolicy":"de facto","mapCluster":"global-country","sourceSimplification":"2%","sourceMapshaperPackage":"mapshaper@0.7.47","sourceComponentCountryIds":["PK"],"sourceComponentRegionIds":["PK-BA","PK-GB","PK-IS","PK-JK","PK-KP","PK-PB","PK-SD","PK-TA"]},"geometry":{"type":"Polygon","coordinates":[[[62.60258,29.41807],[62.37447,29.42487],[60.84438,29.85818],[61.27918,29.40663],[61.65301,28.75633],[61.89279,28.5426],[62.36279,28.41889],[62.73568,27.99498],[62.80064,27.22516],[63.25152,27.21896],[63.14134,26.6254],[62.75356,26.64416],[62.29199,26.50123],[61.85713,26.24238],[61.66035,25.76918],[61.58823,25.20209],[61.88111,25.10301],[62.47718,25.25906],[63.5005,25.19367],[63.57252,25.36498],[64.66277,25.22907],[64.8073,25.32852],[65.67164,25.3474],[66.43702,25.59772],[66.71754,25.23119],[66.70444,24.89204],[67.17604,24.75772],[67.3003,24.18627],[67.6316,23.80345],[68.18303,23.84211],[68.72447,23.96518],[68.72591,24.28922],[69.56307,24.27676],[69.97204,24.16522],[70.56291,24.42409],[70.91772,24.36172],[71.05663,24.69282],[70.64662,25.43137],[70.65747,25.63363],[70.26458,25.6973],[70.06464,25.98033],[70.15807,26.53011],[69.81556,26.58029],[69.46509,26.80777],[69.57558,27.18842],[70.01689,27.60059],[70.18903,27.89179],[70.45625,28.03979],[70.83157,27.70146],[71.86086,27.95021],[72.38218,28.78401],[72.90152,29.02262],[73.23287,29.5366],[73.37033,29.92732],[73.94683,30.20408],[73.85175,30.37267],[74.32976,30.89961],[74.61191,31.4402],[74.48944,31.71119],[74.82864,32.02544],[75.29466,32.14889],[75.2984,32.33243],[74.72498,32.46081],[74.64974,32.72315],[74.31699,32.82307],[74.00234,33.17769],[74.14155,33.54937],[73.9983,34.1968],[73.77486,34.37095],[73.96223,34.66817],[74.28583,34.76889],[75.22454,34.63862],[75.34809,34.55722],[75.77711,34.50381],[76.0234,34.67716],[76.55319,34.72584],[77.04897,35.11044],[76.77735,35.64611],[76.56528,35.86546],[76.16603,35.80624],[75.89431,36.09738],[75.97658,36.46263],[75.3513,36.91578],[74.54235,37.02167],[74.09432,36.83124],[73.71184,36.89414],[72.56521,36.8206],[71.62915,36.45953],[71.16991,36.0308],[71.34157,35.94726],[71.59342,35.46419],[71.63369,35.20312],[71.44524,34.93776],[70.98336,34.55526],[71.0467,34.04188],[70.52198,33.9387],[69.90545,34.03585],[69.99648,33.74209],[70.29445,33.31895],[69.88093,33.08925],[69.47813,33.01135],[69.42913,32.66736],[69.228,32.4213],[69.30116,31.94128],[69.00404,31.65109],[68.52748,31.82297],[68.09834,31.75912],[67.74828,31.54439],[67.74944,31.32801],[67.3462,31.20776],[66.69699,31.19582],[66.36626,30.92287],[66.19563,29.83534],[65.03637,29.54016],[64.49948,29.5702],[64.08609,29.38661],[63.56861,29.49748],[62.60258,29.41807]]]}},{"type":"Feature","properties":{"id":"pl","country_id":"PL","level":"country","countryCode":"pl","countryName":"Poland","nameZh":"Poland","nameEn":"Poland","source":"Natural Earth Admin 1 States/Provinces dissolved to countries + Footprint policy overrides","sourceVersion":"5.1.1","sourceYear":2022,"license":"Public Domain","boundaryPolicy":"de facto","mapCluster":"global-country","sourceSimplification":"2%","sourceMapshaperPackage":"mapshaper@0.7.47","sourceComponentCountryIds":["PL"],"sourceComponentRegionIds":["PL-DS","PL-KP","PL-LB","PL-LD","PL-LU","PL-MA","PL-MZ","PL-OP","PL-PD","PL-PK","PL-PM","PL-SK","PL-SL","PL-WN","PL-WP","PL-ZP"]},"geometry":{"type":"Polygon","coordinates":[[[16.58424,50.12743],[16.86976,50.18973],[16.944,50.42027],[17.38801,50.27264],[18.01907,50.04409],[18.4818,49.89665],[18.8332,49.51026],[19.1725,49.40226],[19.44887,49.60036],[19.86829,49.20079],[20.32954,49.39177],[21.51442,49.41721],[22.53964,49.0722],[22.86501,49.01324],[22.64092,49.52876],[23.65868,50.327],[24.10817,50.63029],[23.60624,51.5174],[23.63745,52.08447],[23.17608,52.28513],[23.92043,52.77262],[23.89366,53.15195],[23.48563,53.93929],[23.33599,54.22629],[22.81134,54.39263],[22.76722,54.35627],[22.69839,54.34294],[20.92961,54.39782],[19.75826,54.43426],[19.60955,54.45673],[19.00213,54.34492],[18.58806,54.43366],[18.42921,54.78168],[17.88543,54.82412],[16.78521,54.5767],[16.22006,54.2766],[14.21005,53.93846],[14.20082,53.87816],[14.2639,53.69998],[14.39126,53.33402],[14.21601,52.81799],[14.60796,52.59646],[14.7614,52.07667],[14.58581,51.80389],[14.70677,51.54083],[14.95065,51.39654],[14.81039,50.85845],[15.22711,50.97741],[15.52213,50.78236],[16.33164,50.64404],[16.58424,50.12743]]]}},{"type":"Feature","properties":{"id":"pm","country_id":"PM","level":"country","countryCode":"pm","countryName":"Saint Pierre and Miquelon","nameZh":"Saint Pierre and Miquelon","nameEn":"Saint Pierre and Miquelon","source":"Natural Earth Admin 1 States/Provinces dissolved to countries + Footprint policy overrides","sourceVersion":"5.1.1","sourceYear":2022,"license":"Public Domain","boundaryPolicy":"de facto","mapCluster":"global-country","sourceSimplification":"2%","sourceMapshaperPackage":"mapshaper@0.7.47","sourceComponentCountryIds":["PM"],"sourceComponentRegionIds":["PM-X01~","PM-X02~"]},"geometry":{"type":"MultiPolygon","coordinates":[[[[-56.27379,46.89545],[-56.31371,46.97565],[-56.25333,47.0537],[-56.3959,47.11359],[-56.33678,46.95425],[-56.27379,46.89545]]],[[[-56.15095,46.79365],[-56.19188,46.80663],[-56.24031,46.76569],[-56.16808,46.75727],[-56.15095,46.79365]]]]}},{"type":"Feature","properties":{"id":"pn","country_id":"PN","level":"country","countryCode":"pn","countryName":"Pitcairn Islands","nameZh":"Pitcairn Islands","nameEn":"Pitcairn Islands","source":"Natural Earth Admin 1 States/Provinces dissolved to countries + Footprint policy overrides","sourceVersion":"5.1.1","sourceYear":2022,"license":"Public Domain","boundaryPolicy":"de facto","mapCluster":"global-country","sourceSimplification":"2%","sourceMapshaperPackage":"mapshaper@0.7.47","sourceComponentCountryIds":["PN"],"sourceComponentRegionIds":["PN-X01~"]},"geometry":{"type":"Polygon","coordinates":[[[-128.33019,-24.32431],[-128.35025,-24.34124],[-128.32067,-24.40065],[-128.29015,-24.39837],[-128.3037,-24.33465],[-128.33019,-24.32431]]]}},{"type":"Feature","properties":{"id":"pr","country_id":"PR","level":"country","countryCode":"pr","countryName":"Puerto Rico","nameZh":"Puerto Rico","nameEn":"Puerto Rico","source":"Natural Earth Admin 1 States/Provinces dissolved to countries + Footprint policy overrides","sourceVersion":"5.1.1","sourceYear":2022,"license":"Public Domain","boundaryPolicy":"de facto","mapCluster":"global-country","sourceSimplification":"2%","sourceMapshaperPackage":"mapshaper@0.7.47","sourceComponentCountryIds":["PR"],"sourceComponentRegionIds":["US-PR"]},"geometry":{"type":"Polygon","coordinates":[[[-65.62881,18.2792],[-65.98888,18.46308],[-67.10171,18.52277],[-67.21477,17.96634],[-66.16324,17.92914],[-65.83027,18.02691],[-65.62881,18.2792]]]}},{"type":"Feature","properties":{"id":"ps","country_id":"PS","level":"country","countryCode":"ps","countryName":"Gaza Strip","nameZh":"Gaza Strip","nameEn":"Gaza Strip","source":"Natural Earth Admin 1 States/Provinces dissolved to countries + Footprint policy overrides","sourceVersion":"5.1.1","sourceYear":2022,"license":"Public Domain","boundaryPolicy":"de facto","mapCluster":"global-country","sourceSimplification":"2%","sourceMapshaperPackage":"mapshaper@0.7.47","sourceComponentCountryIds":["PS"],"sourceComponentRegionIds":["PS-GZZ","PS-WBK"]},"geometry":{"type":"MultiPolygon","coordinates":[[[[35.45812,31.49193],[35.50248,31.68536],[35.55956,32.19037],[35.56096,32.38472],[35.21036,32.54187],[35.03273,32.3822],[34.99854,31.85384],[34.95318,31.60832],[34.92741,31.34491],[35.45812,31.49193]]],[[[34.24835,31.21145],[34.4812,31.58314],[34.20027,31.31427],[34.24835,31.21145]]]]}},{"type":"Feature","properties":{"id":"pt","country_id":"PT","level":"country","countryCode":"pt","countryName":"Portugal","nameZh":"Portugal","nameEn":"Portugal","source":"Natural Earth Admin 1 States/Provinces dissolved to countries + Footprint policy overrides","sourceVersion":"5.1.1","sourceYear":2022,"license":"Public Domain","boundaryPolicy":"de facto","mapCluster":"global-country","sourceSimplification":"2%","sourceMapshaperPackage":"mapshaper@0.7.47","sourceComponentCountryIds":["PT"],"sourceComponentRegionIds":["PT-01","PT-02","PT-03","PT-04","PT-05","PT-06","PT-07","PT-08","PT-09","PT-10","PT-11","PT-12","PT-13","PT-14","PT-15","PT-16","PT-17","PT-18","PT-20","PT-30"]},"geometry":{"type":"MultiPolygon","coordinates":[[[[-8.7879,40.52296],[-8.90248,40.04741],[-9.09043,39.57927],[-9.34759,39.29248],[-9.49169,38.70759],[-9.1125,38.71418],[-8.79175,39.08241],[-8.79035,39.07062],[-8.94262,38.77558],[-8.7744,38.18695],[-8.80137,37.82676],[-8.80762,37.44942],[-8.62678,37.12116],[-7.78661,37.02269],[-7.41442,37.19282],[-7.51461,37.52833],[-7.26862,37.94924],[-6.95058,38.19839],[-7.11707,38.18363],[-7.35921,38.44636],[-7.22588,38.76613],[-6.97329,39.01395],[-7.25084,39.27063],[-7.55587,39.67721],[-7.03577,39.68926],[-6.9421,40.25498],[-6.87451,40.27919],[-6.81428,40.64718],[-6.92745,41.0481],[-6.48213,41.30299],[-6.20595,41.57028],[-6.52422,41.86742],[-6.98346,41.963],[-7.20932,41.88916],[-8.05045,41.81599],[-8.17927,41.81261],[-8.22236,42.15363],[-8.7508,41.96898],[-8.8198,41.6178],[-8.7751,41.46756],[-8.6552,41.01665],[-8.7879,40.52296]]],[[[-16.78869,32.68667],[-16.91975,32.84121],[-17.25211,32.81452],[-16.9768,32.6472],[-16.78869,32.68667]]],[[[-25.19782,37.86441],[-25.68073,37.84333],[-25.50569,37.70673],[-25.19473,37.74071],[-25.19782,37.86441]]]]}},{"type":"Feature","properties":{"id":"pw","country_id":"PW","level":"country","countryCode":"pw","countryName":"Palau","nameZh":"Palau","nameEn":"Palau","source":"Natural Earth Admin 1 States/Provinces dissolved to countries + Footprint policy overrides","sourceVersion":"5.1.1","sourceYear":2022,"license":"Public Domain","boundaryPolicy":"de facto","mapCluster":"global-country","sourceSimplification":"2%","sourceMapshaperPackage":"mapshaper@0.7.47","sourceComponentCountryIds":["PW"],"sourceComponentRegionIds":["PW-002","PW-004","PW-010","PW-050","PW-100","PW-150","PW-212","PW-214","PW-218","PW-222","PW-224","PW-226","PW-227","PW-228","PW-350","PW-370"]},"geometry":{"type":"MultiPolygon","coordinates":[[[[134.51053,7.40417],[134.59425,7.42113],[134.62819,7.48901],[134.62574,7.5305],[134.65821,7.59105],[134.66017,7.68602],[134.64332,7.72647],[134.62371,7.71796],[134.63514,7.68408],[134.62295,7.6259],[134.54713,7.58039],[134.52833,7.5161],[134.48756,7.46992],[134.51053,7.40417]]],[[[134.46388,7.29426],[134.44386,7.28742],[134.4017,7.24649],[134.46388,7.26358],[134.46388,7.29426]]],[[[134.27149,7.07453],[134.23569,7.00849],[134.27996,7.02049],[134.27149,7.07453]]],[[[131.1421,3.04731],[131.13844,3.01895],[131.18043,3.03327],[131.1836,3.06029],[131.1421,3.04731]]],[[[134.15968,6.88447],[134.17319,6.92487],[134.13673,6.91909],[134.15968,6.88447]]],[[[134.70968,8.09662],[134.69281,8.07554],[134.71811,8.05868],[134.72734,8.08288],[134.70968,8.09662]]],[[[132.22039,5.29222],[132.22674,5.30435],[132.21388,5.30711],[132.22039,5.29222]]]]}},{"type":"Feature","properties":{"id":"py","country_id":"PY","level":"country","countryCode":"py","countryName":"Paraguay","nameZh":"Paraguay","nameEn":"Paraguay","source":"Natural Earth Admin 1 States/Provinces dissolved to countries + Footprint policy overrides","sourceVersion":"5.1.1","sourceYear":2022,"license":"Public Domain","boundaryPolicy":"de facto","mapCluster":"global-country","sourceSimplification":"2%","sourceMapshaperPackage":"mapshaper@0.7.47","sourceComponentCountryIds":["PY"],"sourceComponentRegionIds":["PY-1","PY-10","PY-11","PY-12","PY-13","PY-14","PY-15","PY-16","PY-19","PY-2","PY-3","PY-4","PY-5","PY-6","PY-7","PY-8","PY-9","PY-ASU"]},"geometry":{"type":"Polygon","coordinates":[[[-57.97313,-22.08105],[-57.85556,-21.33074],[-57.86021,-20.73026],[-58.1588,-20.16512],[-58.17528,-19.82137],[-59.08954,-19.28673],[-60.00638,-19.2981],[-61.76121,-19.65777],[-61.92474,-20.06513],[-62.21057,-20.47131],[-62.27189,-21.00042],[-62.65036,-22.23446],[-62.34136,-22.47226],[-61.95645,-23.03441],[-61.49185,-23.4132],[-60.78778,-23.87345],[-60.03367,-24.00701],[-59.34097,-24.4876],[-58.8092,-24.77678],[-57.89049,-25.07867],[-57.67198,-25.28983],[-57.59754,-25.40336],[-57.81966,-25.84978],[-58.0865,-26.12719],[-58.35127,-26.88581],[-58.6042,-27.31626],[-58.02196,-27.25983],[-57.31012,-27.42921],[-56.63802,-27.45291],[-55.96609,-27.33172],[-55.75473,-27.4437],[-55.414,-26.97985],[-54.97527,-26.78782],[-54.66497,-26.23886],[-54.6002,-25.57494],[-54.35843,-24.73142],[-54.24575,-24.05039],[-54.61255,-23.81116],[-54.94364,-23.96918],[-55.39804,-23.97683],[-55.5338,-23.53044],[-55.6312,-22.62678],[-55.89294,-22.3068],[-56.1968,-22.27931],[-56.4218,-22.07447],[-56.84286,-22.28903],[-57.97313,-22.08105]]]}},{"type":"Feature","properties":{"id":"qa","country_id":"QA","level":"country","countryCode":"qa","countryName":"Qatar","nameZh":"Qatar","nameEn":"Qatar","source":"Natural Earth Admin 1 States/Provinces dissolved to countries + Footprint policy overrides","sourceVersion":"5.1.1","sourceYear":2022,"license":"Public Domain","boundaryPolicy":"de facto","mapCluster":"global-country","sourceSimplification":"2%","sourceMapshaperPackage":"mapshaper@0.7.47","sourceComponentCountryIds":["QA"],"sourceComponentRegionIds":["QA-DA","QA-KH","QA-MS","QA-RA","QA-US","QA-WA","QA-ZA"]},"geometry":{"type":"Polygon","coordinates":[[[51.51572,25.38284],[51.5359,25.62238],[51.41651,25.95209],[51.25123,26.1601],[50.9724,25.82511],[50.94955,25.7753],[50.77801,25.52704],[50.80787,24.74665],[51.21526,24.62585],[51.22096,24.64423],[51.44361,24.67975],[51.61109,25.23753],[51.51572,25.38284]]]}},{"type":"Feature","properties":{"id":"ro","country_id":"RO","level":"country","countryCode":"ro","countryName":"Romania","nameZh":"Romania","nameEn":"Romania","source":"Natural Earth Admin 1 States/Provinces dissolved to countries + Footprint policy overrides","sourceVersion":"5.1.1","sourceYear":2022,"license":"Public Domain","boundaryPolicy":"de facto","mapCluster":"global-country","sourceSimplification":"2%","sourceMapshaperPackage":"mapshaper@0.7.47","sourceComponentCountryIds":["RO"],"sourceComponentRegionIds":["RO-AB","RO-AG","RO-AR","RO-B","RO-BC","RO-BH","RO-BN","RO-BR","RO-BT","RO-BV","RO-BZ","RO-CJ","RO-CL","RO-CS","RO-CT","RO-CV","RO-DB","RO-DJ","RO-GJ","RO-GL","RO-GR","RO-HD","RO-HR","RO-IF","RO-IL","RO-IS","RO-MH","RO-MM","RO-MS","RO-NT","RO-OT","RO-PH","RO-SB","RO-SJ","RO-SM","RO-SV","RO-TL","RO-TM","RO-TR","RO-VL","RO-VN","RO-VS"]},"geometry":{"type":"Polygon","coordinates":[[[20.78737,46.26339],[20.70437,46.16853],[20.24283,46.10809],[20.64349,45.79514],[21.01667,45.32148],[21.48439,45.1527],[21.3598,44.82666],[22.03424,44.59617],[22.03617,44.58949],[22.3197,44.68534],[22.69164,44.22843],[23.00831,44.10045],[23.05255,43.84282],[23.62085,43.83401],[24.14961,43.75472],[24.33671,43.75925],[24.66176,43.75566],[25.2854,43.69039],[25.48245,43.66971],[25.73295,43.71878],[26.33234,44.05493],[26.41579,44.06379],[27.25266,44.12152],[27.68251,43.98726],[28.22125,43.76198],[28.57838,43.74128],[28.64088,44.32856],[28.78541,44.67967],[29.61118,44.84931],[29.65903,45.21589],[29.32212,45.44384],[28.71006,45.22696],[28.21515,45.45037],[28.1995,45.46177],[28.10782,46.0961],[28.11051,46.10149],[28.2268,46.39555],[28.24509,46.63145],[28.12262,46.84227],[28.10499,46.92018],[28.03815,47.01548],[27.58872,47.36739],[27.43134,47.57264],[27.4294,47.57813],[27.28811,47.75068],[27.17827,47.9421],[27.04795,48.12141],[26.61789,48.25897],[26.10253,47.97827],[25.26174,47.89858],[24.94238,47.71556],[24.92886,47.71394],[24.56981,47.93729],[23.48548,47.97423],[22.8776,47.94674],[22.16761,47.59486],[22.15418,47.58221],[21.63427,47.01942],[21.42354,46.65823],[21.16453,46.31826],[20.78737,46.26339]]]}},{"type":"Feature","properties":{"id":"rs","country_id":"RS","level":"country","countryCode":"rs","countryName":"Republic of Serbia","nameZh":"Republic of Serbia","nameEn":"Republic of Serbia","source":"Natural Earth Admin 1 States/Provinces dissolved to countries + Footprint policy overrides","sourceVersion":"5.1.1","sourceYear":2022,"license":"Public Domain","boundaryPolicy":"de facto","mapCluster":"global-country","sourceSimplification":"2%","sourceMapshaperPackage":"mapshaper@0.7.47","sourceComponentCountryIds":["RS"],"sourceComponentRegionIds":["RS-00","RS-01","RS-02","RS-03","RS-04","RS-05","RS-06","RS-07","RS-08","RS-09","RS-10","RS-11","RS-12","RS-13","RS-14","RS-15","RS-16","RS-17","RS-18","RS-19","RS-20","RS-21","RS-22","RS-23","RS-24"]},"geometry":{"type":"Polygon","coordinates":[[[19.29831,46.02212],[18.90131,45.9312],[19.01793,45.49781],[19.00228,45.44369],[19.39393,45.17162],[19.01582,44.86563],[19.35698,44.89588],[19.17964,44.53826],[19.10718,44.38272],[19.51619,44.09119],[19.24103,43.95236],[19.46169,43.76214],[19.19534,43.5328],[19.54784,43.21881],[20.05439,43.02222],[20.05634,43.0208],[20.12946,42.9736],[20.34535,42.82744],[20.49437,42.88747],[20.61727,43.02213],[20.64384,43.05226],[20.80972,43.25961],[20.91249,43.13881],[20.99343,43.10415],[21.40842,42.84174],[21.38715,42.75496],[21.47951,42.73225],[21.74425,42.67942],[21.61897,42.44924],[21.56407,42.24629],[21.67689,42.23494],[21.71952,42.26096],[22.04541,42.30242],[22.13811,42.31912],[22.34502,42.31344],[22.44132,42.63289],[22.43045,42.81708],[22.54479,42.87171],[22.73958,42.89886],[22.9829,43.18732],[22.72434,43.38606],[22.65893,43.4013],[22.34947,43.80792],[22.46589,44.01762],[22.69164,44.22843],[22.3197,44.68534],[22.03617,44.58949],[22.03424,44.59617],[21.3598,44.82666],[21.48439,45.1527],[21.01667,45.32148],[20.64349,45.79514],[20.24283,46.10809],[20.11477,46.15222],[20.06341,46.1453],[19.87365,46.15299],[19.71189,46.15871],[19.29831,46.02212]]]}},{"type":"Feature","properties":{"id":"ru","country_id":"RU","level":"country","countryCode":"ru","countryName":"Russia","nameZh":"Russia","nameEn":"Russia","source":"Natural Earth Admin 1 States/Provinces dissolved to countries + Footprint policy overrides","sourceVersion":"5.1.1","sourceYear":2022,"license":"Public Domain","boundaryPolicy":"de facto","mapCluster":"global-country","sourceSimplification":"2%","sourceMapshaperPackage":"mapshaper@0.7.47","sourceComponentCountryIds":["RU"],"sourceComponentRegionIds":["RU-AD","RU-AL","RU-ALT","RU-AMU","RU-ARK","RU-AST","RU-BA","RU-BEL","RU-BRY","RU-BU","RU-CE","RU-CHE","RU-CHU","RU-CU","RU-DA","RU-IN","RU-IRK","RU-IVA","RU-KAM","RU-KB","RU-KC","RU-KDA","RU-KEM","RU-KGD","RU-KGN","RU-KHA","RU-KHM","RU-KIR","RU-KK","RU-KL","RU-KLU","RU-KO","RU-KOS","RU-KR","RU-KRS","RU-KYA","RU-LEN","RU-LIP","RU-MAG","RU-ME","RU-MO","RU-MOS","RU-MOW","RU-MUR","RU-NEN","RU-NGR","RU-NIZ","RU-NVS","RU-OMS","RU-ORE","RU-ORL","RU-PER","RU-PNZ","RU-PRI","RU-PSK","RU-ROS","RU-RYA","RU-SA","RU-SAK","RU-SAM","RU-SAR","RU-SE","RU-SMO","RU-SPE","RU-STA","RU-SVE","RU-TA","RU-TAM","RU-TOM","RU-TUL","RU-TVE","RU-TY","RU-TYU","RU-UD","RU-ULY","RU-VGG","RU-VLA","RU-VLG","RU-VOR","RU-YAN","RU-YAR","RU-YEV","RU-ZAB","UA-40","UA-43"]},"geometry":{"type":"MultiPolygon","coordinates":[[[[87.81632,49.16584],[88.19997,49.45435],[88.87063,49.436],[89.68231,49.70834],[89.63321,49.90794],[89.99709,50.00366],[91.01205,50.4253],[91.41574,50.46137],[91.74978,50.68409],[94.23759,50.56524],[94.62454,50.01519],[95.4772,49.89408],[95.86705,50.01498],[97.08527,49.80584],[98.10557,50.06387],[98.29346,50.51862],[97.80636,51.00113],[98.05089,51.46642],[98.61871,51.78066],[98.93765,52.12469],[100.00597,51.73173],[100.5109,51.7269],[101.3878,51.45056],[102.05122,51.38361],[102.32763,50.54555],[102.61953,50.39901],[103.60141,50.13353],[104.3495,50.27187],[105.32864,50.47645],[106.65652,50.32701],[107.22491,49.99705],[107.7446,49.96735],[108.03266,49.58933],[108.56997,49.32572],[109.28669,49.33854],[110.18142,49.16196],[110.73136,49.13767],[111.33845,49.36474],[112.12641,49.43994],[113.04367,49.5886],[113.21245,49.82202],[114.28628,50.27688],[114.75375,50.23621],[115.3687,49.89541],[116.21764,50.01385],[116.68428,49.82326],[117.75884,49.51274],[118.64436,49.95457],[119.31621,50.09265],[119.29358,50.59924],[119.74828,51.08339],[120.1082,51.66519],[120.6476,51.91102],[120.77917,52.1176],[120.28018,52.86592],[120.87425,53.28016],[121.41327,53.31733],[122.02505,53.42982],[123.63956,53.55125],[124.72017,53.14882],[125.12743,53.20655],[125.62136,53.06214],[126.53117,52.15266],[126.44606,51.98254],[126.95461,51.32958],[126.93177,51.06378],[127.28735,50.75101],[127.33066,50.3282],[127.57839,50.22055],[127.50811,49.82233],[128.09247,49.54158],[128.66618,49.60948],[129.05055,49.37668],[129.71118,49.27415],[130.24934,48.86451],[130.62529,48.87436],[130.53325,48.63579],[130.81944,48.28189],[130.66337,48.11644],[131.02335,47.68228],[132.52465,47.70753],[133.09196,48.10678],[134.38635,48.38134],[134.77258,47.71073],[134.15412,47.25789],[133.9985,46.6377],[133.90245,46.25899],[133.68737,46.14184],[133.41349,45.57334],[133.20213,45.51128],[132.95336,45.02438],[131.96965,45.23383],[131.81803,45.33279],[131.06583,44.68203],[131.26447,44.05421],[131.25285,43.46917],[130.99245,42.84873],[130.40716,42.73538],[130.53077,42.53048],[130.69996,42.29511],[130.85849,42.52456],[132.35621,43.28596],[132.40439,42.94229],[133.15773,42.68842],[133.92677,42.88272],[134.1937,43.07978],[135.1399,43.50837],[135.48788,43.83271],[135.65585,44.16869],[136.12257,44.47553],[136.82553,45.20409],[137.67148,45.79462],[138.10035,46.22797],[138.53476,46.98664],[139.02638,47.38943],[139.26173,47.78791],[140.04347,48.33625],[140.5608,49.57538],[140.41578,49.8627],[140.44288,50.54438],[140.70574,51.33478],[141.42954,51.94196],[141.51482,52.17194],[141.16717,52.36489],[141.18881,52.98749],[141.43295,53.14887],[139.81593,54.21516],[139.16188,54.20474],[138.76059,53.97525],[138.50213,53.54352],[137.91822,53.58662],[137.59693,53.82416],[137.45143,54.31761],[137.06137,54.1457],[137.18572,53.85106],[136.68474,53.8085],[136.88331,54.59138],[135.75017,54.57095],[135.21957,54.89412],[135.86894,55.17389],[137.57195,56.11652],[138.66162,56.97794],[140.49573,57.84477],[140.90431,58.38276],[141.58373,58.61775],[142.26238,59.12458],[143.15968,59.35391],[145.00076,59.36958],[145.6753,59.42349],[146.05029,59.13887],[146.43964,59.46041],[146.88657,59.36473],[147.59108,59.30414],[148.39373,59.3793],[148.78794,59.23648],[149.13291,59.64074],[149.59772,59.7582],[151.63758,59.48248],[151.76026,59.29926],[151.21653,59.09168],[151.35909,58.85599],[152.0203,58.87504],[152.4048,59.02342],[152.91605,58.91655],[153.36915,59.24128],[154.04868,59.0528],[154.9629,59.49608],[154.42876,59.54703],[154.22077,59.86962],[154.9524,60.36742],[155.92074,60.75479],[156.54689,61.20923],[156.67946,61.52402],[157.46451,61.78211],[159.35987,61.89301],[159.96523,61.37804],[160.00014,61.10612],[160.82849,60.75466],[161.59563,61.25518],[162.51046,61.65836],[162.90792,61.57991],[163.26705,62.52199],[164.59794,62.67307],[164.12719,62.26238],[164.02882,61.34663],[163.34566,60.79929],[161.93856,60.41679],[160.80494,59.60537],[159.86443,59.14057],[159.75074,58.9256],[159.02377,58.41478],[158.16798,58.02074],[157.72316,58.0246],[156.93067,57.65843],[156.83162,57.21345],[156.12525,56.83202],[155.68621,56.03913],[155.55118,55.2842],[155.72804,54.42683],[155.9358,53.86518],[156.1112,52.93542],[156.37278,52.40462],[156.53549,51.28925],[156.7197,50.88645],[157.75919,51.54398],[158.5477,52.29605],[158.51564,52.74632],[159.00327,53.07685],[159.92237,53.28364],[159.84409,53.79694],[160.05299,54.17573],[160.74122,54.53522],[161.75318,54.51976],[162.15317,54.84992],[161.81298,55.17918],[161.77708,55.60833],[162.1421,56.12906],[162.82162,56.0562],[163.36607,56.18066],[163.28057,56.68801],[162.7835,56.76303],[162.83312,57.38331],[163.32951,57.70894],[162.7116,57.96674],[161.99323,58.08739],[162.40529,58.65444],[163.06855,58.96805],[162.88657,59.11351],[163.65154,60.05166],[165.01352,59.84797],[165.12965,60.08417],[166.24969,60.38353],[166.28777,59.84455],[167.04811,60.32844],[168.09636,60.57148],[169.16651,60.56733],[169.70777,60.39948],[169.95582,60.05923],[170.40065,59.96564],[170.58074,60.43391],[171.4065,60.75047],[172.00685,60.85521],[172.93133,61.35155],[174.45357,61.81481],[176.59425,62.48583],[177.30681,62.5821],[178.06105,62.54108],[179.1504,62.34186],[179.60906,62.70563],[179.33481,63.19648],[178.59547,63.41132],[178.76287,63.64277],[178.39991,64.24335],[176.72739,64.57917],[177.2977,64.83845],[177.74415,64.70637],[178.75799,64.64094],[180,65.06619],[180,65.06925],[180,65.56787],[180,66.06648],[180,66.5651],[180,67.06371],[180,67.56233],[180,68.06094],[180,68.55956],[180,68.98105],[178.77263,69.41523],[178.21217,69.44343],[176.50392,69.7541],[171.99448,69.99307],[170.61085,70.11628],[170.58416,69.59955],[171.0276,69.05475],[170.35108,68.82807],[168.28826,69.24266],[168.24098,69.55829],[167.67408,69.77188],[166.93873,69.5021],[164.83426,69.5674],[163.77303,69.6944],[162.43177,69.67713],[161.4358,69.37987],[160.92555,69.64208],[159.68898,69.89077],[160.10629,70.26374],[159.68946,70.67097],[158.52361,70.96882],[157.58579,71.07486],[155.93637,71.09935],[153.93043,70.89411],[152.61305,70.83462],[151.49244,71.33316],[149.96803,71.53474],[150.06691,71.92194],[149.61134,72.14838],[148.40203,72.31094],[146.92921,72.31265],[145.40952,72.55589],[141.55063,72.77432],[140.87778,72.53775],[139.54176,72.49763],[139.8742,72.17817],[139.5739,71.93293],[139.71778,71.45734],[138.75603,71.64301],[137.35564,71.37417],[135.98512,71.63483],[134.16765,71.37079],[132.26417,71.68203],[131.54615,70.88711],[130.30063,70.94013],[129.3921,71.34683],[128.19215,72.22834],[129.14576,72.10033],[129.11736,72.48151],[127.96062,72.66205],[128.4393,73.23627],[127.98756,73.47085],[125.65187,73.52546],[124.33619,73.80484],[123.2461,73.54588],[123.55348,73.2176],[122.61378,73.03095],[121.0547,72.93179],[118.91765,73.11953],[118.35328,73.28242],[118.45021,73.58877],[115.4131,73.71039],[113.39552,73.68578],[111.80372,73.74421],[111.29518,73.86913],[110.87773,73.76785],[110.90719,73.69185],[109.71388,73.45258],[107.72234,73.16852],[106.35987,73.19428],[107.13356,73.53018],[108.49171,73.77253],[109.89015,74.19701],[109.99952,74.37372],[111.74383,74.66315],[113.60524,75.28498],[113.33676,75.5351],[113.89015,75.85399],[113.25929,76.26642],[111.55543,76.68415],[109.33253,76.75849],[107.59156,76.50503],[106.61232,76.55964],[107.2505,77.00703],[105.45582,77.24046],[105.98357,77.4383],[104.02329,77.7331],[102.15773,77.40229],[100.91928,76.9759],[101.03598,76.52021],[99.50856,76.46874],[96.83058,75.91543],[95.38982,76.16401],[93.6858,76.13227],[93.54982,75.85301],[89.13233,75.45283],[87.35426,75.04389],[86.02003,74.26252],[86.80299,74.18403],[86.78321,73.90225],[83.48365,73.65546],[80.8322,73.57176],[80.27272,73.30976],[80.84197,72.92211],[80.70411,72.54536],[82.18507,72.09349],[83.36052,71.84064],[83.62818,71.61091],[83.14763,71.24482],[83.77467,70.47663],[82.95167,70.32514],[83.1338,70.88239],[82.20314,71.01626],[82.29656,71.2873],[83.32049,71.68329],[81.73666,71.6999],[79.39145,72.38557],[78.50276,72.38191],[76.0267,71.92381],[75.28679,71.95991],[73.52589,71.82221],[73.03745,71.44099],[73.55616,71.25511],[74.31617,70.52033],[73.73455,70.18089],[73.51596,69.74641],[73.89959,69.41401],[73.7518,69.18354],[74.7151,69.08503],[75.50856,69.26142],[76.75489,69.1247],[77.68263,68.88581],[77.31593,68.53059],[76.37574,68.99396],[74.45436,68.694],[74.33155,68.38557],[74.70143,68.18073],[74.73032,67.68627],[73.89959,67.29621],[73.49236,66.82343],[72.49366,66.6188],[71.99008,66.23078],[71.14552,66.36563],[70.36264,66.33442],[69.38649,66.51337],[69.13071,66.83072],[69.93621,66.86302],[70.41326,66.56318],[71.57691,66.65876],[72.23129,67.16918],[72.40594,67.47997],[73.2046,67.86587],[73.09083,68.21426],[73.64438,68.5019],[72.5774,68.94038],[72.45948,70.30443],[72.77133,70.42524],[72.67075,71.10895],[72.10572,71.29035],[72.86492,72.27167],[72.4961,72.78767],[71.56324,72.91596],[69.27662,72.84077],[68.98911,72.70588],[68.47885,71.83617],[67.94728,71.52757],[66.92701,71.29841],[66.60825,70.88068],[67.31788,70.78408],[66.77101,69.74067],[67.96909,69.49128],[68.48715,68.97016],[69.10906,68.87897],[68.38282,68.22846],[67.05551,68.78144],[65.03791,69.27105],[63.41049,69.67129],[60.77027,69.84911],[60.13885,69.57787],[60.93832,68.96328],[60.46664,68.72232],[59.77361,68.6682],[58.87875,69.00312],[57.97788,68.85297],[57.32984,68.56476],[56.62965,68.64204],[55.39291,68.56428],[54.23976,68.21133],[53.43702,68.91816],[52.49879,68.61953],[51.56056,68.48306],[49.13331,67.86262],[48.25571,67.68268],[47.69508,67.20474],[47.7256,67.00092],[46.92693,66.84496],[45.8532,66.88703],[45.59389,67.15824],[44.95169,67.32072],[45.35043,67.73041],[46.72202,67.84492],[45.94386,68.44623],[43.98455,68.55134],[44.2444,68.25568],[43.7614,67.22114],[44.49928,66.92145],[44.21416,66.40815],[44.04566,66.08104],[43.25221,66.43675],[42.20094,66.53217],[41.34254,66.06289],[40.79591,65.99169],[39.82691,65.607],[39.71209,65.40184],[40.3781,64.92251],[40.52849,64.57795],[39.56652,64.54527],[38.04643,64.85367],[37.00768,65.17298],[36.5686,64.90245],[37.1215,64.39474],[38.00294,64.31696],[38.0018,63.95551],[37.29103,63.81818],[36.52341,63.97143],[35.8108,64.34203],[34.95558,64.45222],[34.81609,65.0434],[34.36899,65.39179],[34.86622,65.87792],[34.49684,66.11616],[33.61988,66.30931],[33.16585,66.55593],[33.04593,66.57625],[32.88362,66.58617],[32.89096,66.78156],[34.88771,66.59976],[35.38063,66.41787],[36.88738,66.28522],[37.92709,66.08877],[39.3436,66.13471],[40.44435,66.4055],[41.36004,67.01362],[41.01661,67.6979],[39.85939,68.05756],[38.43458,68.35586],[37.68051,68.71345],[35.33033,69.27607],[34.66179,69.2495],[32.68702,69.50275],[33.11899,69.66108],[32.05445,69.96377],[31.40903,69.71581],[30.84095,69.80584],[30.51166,69.53633],[29.33452,69.27737],[28.95408,69.02726],[28.44744,68.51489],[28.66376,68.204],[29.29866,68.08179],[30.00941,67.68584],[29.10011,66.99124],[29.3625,66.62655],[29.54619,66.43197],[30.11173,65.71201],[29.73153,65.49692],[29.58815,64.99143],[30.50933,63.99139],[29.99843,63.7471],[31.22567,63.19604],[31.56952,62.90593],[31.22216,62.49172],[30.14565,61.85047],[29.27706,61.3046],[28.00378,60.66423],[27.80787,60.55305],[28.21583,60.54755],[29.0923,60.17796],[29.4179,60.16885],[29.69714,59.95005],[29.16139,60.00263],[28.84596,59.79023],[27.99342,59.70331],[28.01905,59.48176],[27.69589,58.97718],[27.44627,58.81887],[27.42885,58.7094],[27.51959,58.19451],[27.55634,57.81309],[27.35293,57.5276],[27.69441,57.35638],[27.74578,57.03146],[27.64438,56.84177],[27.86546,56.74269],[28.09325,56.50159],[28.16787,56.42713],[28.14891,56.14241],[29.37741,55.95403],[29.46102,55.6873],[30.21777,55.85514],[30.90712,55.57777],[30.79427,55.28552],[31.00641,55.04243],[30.77061,54.78601],[31.17902,54.45335],[31.74812,54.08631],[31.7538,53.81961],[32.48058,53.66241],[32.71779,53.43106],[32.20592,53.10035],[31.36157,53.12004],[31.76434,52.10057],[32.09559,52.04073],[32.52843,52.31621],[33.40058,52.34434],[33.80407,52.35461],[34.3711,51.82681],[34.12797,51.68075],[34.28032,51.36126],[35.28222,50.96111],[35.42526,50.50048],[35.69221,50.34417],[36.10584,50.42111],[36.68265,50.26065],[37.43526,50.42493],[38.02292,49.90914],[38.34415,49.99209],[39.18101,49.85949],[39.80153,49.5422],[40.1185,49.58845],[40.14166,49.24578],[39.75874,48.89541],[39.99325,48.27323],[39.75905,47.83295],[39.03618,47.857],[38.35294,47.6071],[38.21664,47.10326],[39.26401,47.26081],[38.67353,46.86295],[37.85222,46.6225],[38.30006,46.21865],[37.94011,46.02033],[37.59506,45.63532],[37.73756,45.37474],[37.15895,45.32608],[37.19191,44.99103],[37.47828,44.67719],[37.92262,44.61376],[38.17774,44.40599],[38.97828,44.14826],[39.98598,43.38899],[40.23313,43.57577],[40.68997,43.52313],[41.55057,43.22628],[42.15433,43.2175],[42.36256,43.23519],[43.00009,43.09866],[43.17523,42.93447],[43.38618,42.88688],[43.90815,42.56621],[44.1858,42.62651],[44.63876,42.74015],[45.07602,42.69141],[45.30157,42.55984],[45.73951,42.47065],[45.62138,42.22448],[46.43089,41.89044],[46.70955,41.83507],[47.02826,41.55707],[47.17922,41.49168],[47.36729,41.26179],[47.69489,41.20713],[47.81349,41.19739],[48.46221,41.72099],[48.57895,41.84528],[47.46192,43.02082],[47.50278,43.78099],[47.24594,44.21198],[46.70094,44.44619],[46.88814,44.75187],[47.07146,44.7851],[47.49643,45.56525],[47.62615,45.70905],[48.74106,45.923],[49.22713,46.32788],[48.45511,46.6608],[49.00629,46.76911],[48.52508,47.41023],[48.04449,47.7697],[47.05116,47.97464],[47.11212,48.2422],[46.47931,48.41022],[46.62019,48.6696],[47.02088,49.09685],[46.77511,49.33255],[46.89991,49.82032],[47.30872,50.0448],[47.43446,50.37653],[47.62467,50.4408],[48.41759,49.81169],[48.88568,50.01989],[48.67339,50.57955],[49.36942,50.82677],[50.32538,51.30346],[50.76701,51.7594],[51.6205,51.51869],[52.33487,51.76371],[52.50582,51.47887],[53.15327,51.51267],[53.6103,51.38841],[54.47857,50.85349],[54.54552,50.53052],[54.63825,51.02769],[55.65999,50.53004],[56.508,51.06626],[57.7688,51.11967],[58.59501,51.02337],[58.92594,50.67815],[59.77468,50.53371],[60.02128,50.85405],[60.71849,50.65267],[61.3721,50.78248],[61.64626,51.26319],[61.4738,51.4258],[60.5151,51.61791],[60.02978,51.99261],[61.03992,52.335],[60.69617,52.73492],[61.1903,53.01315],[61.00757,53.63575],[61.1935,54.01825],[62.55058,54.02683],[63.32859,54.16311],[64.91064,54.40273],[65.47738,54.63269],[66.09778,54.63716],[68.16605,54.95613],[68.26238,55.19405],[68.73423,55.35171],[69.67387,55.33404],[70.19704,55.13348],[70.46859,55.28546],[70.97715,55.07798],[71.18034,54.72736],[71.1823,54.10156],[72.06674,54.22238],[73.48526,53.87485],[73.22967,53.66241],[73.4507,53.44856],[75.02791,53.80793],[75.69123,54.11314],[76.76609,54.36459],[76.5257,53.96131],[77.78466,53.32744],[79.30432,51.68638],[79.99008,50.78812],[80.43905,50.95813],[80.68275,51.30201],[81.4008,50.95911],[81.46023,50.73034],[82.07311,50.71567],[83.43396,50.99265],[84.0886,50.63461],[84.24998,50.25993],[84.97577,50.07519],[85.26309,49.58152],[86.11152,49.52018],[86.6102,49.79551],[86.90506,49.35192],[87.3238,49.08527],[87.81632,49.16584]]],[[[56.98699,74.6905],[55.52955,74.65485],[55.62273,74.19017],[53.86866,73.77871],[55.02068,73.44355],[56.57879,73.26081],[57.25392,73.45718],[58.57049,74.38886],[59.87477,74.62849],[60.83253,75.1529],[62.04819,75.45034],[66.17856,75.96198],[68.28793,76.28132],[68.93067,76.71939],[68.4629,76.9667],[66.94353,76.94896],[65.16896,76.47529],[62.9568,76.20694],[61.63697,76.31196],[60.26808,76.11009],[57.04623,75.39814],[55.80836,75.15664],[56.98699,74.6905]]],[[[-180,68.98237],[-180,68.55956],[-180,68.06094],[-180,67.56233],[-180,67.06371],[-180,66.5651],[-180,66.06648],[-180,65.56787],[-180,65.06925],[-180,65.06623],[-179.66309,65.14126],[-179.27704,65.63026],[-179.72326,65.78148],[-179.76826,66.10293],[-178.98244,66.15895],[-178.87251,65.89395],[-178.28399,65.44435],[-177.41593,65.44075],[-176.97655,65.60806],[-175.90884,65.40295],[-175.77479,64.93936],[-174.65229,64.72533],[-173.98933,64.41235],[-173.10626,64.24098],[-172.38766,64.40736],[-172.81591,64.61173],[-172.7009,64.8776],[-172.09309,65.05036],[-172.16249,65.42069],[-170.66736,65.59955],[-170.53242,65.85273],[-169.70092,66.12865],[-170.56526,66.35358],[-171.89519,66.97073],[-172.66583,66.88504],[-173.54708,67.09068],[-174.02621,66.96111],[-173.83314,66.50625],[-174.43566,66.53154],[-175.15959,67.33748],[-175.2865,67.66711],[-176.30046,67.72424],[-176.71799,68.02627],[-177.60847,68.19676],[-178.69993,68.54319],[-178.84481,68.75236],[-180,68.98237]]],[[[142.52906,54.29719],[142.70826,53.94823],[142.57667,53.50007],[141.76881,53.37165],[141.9284,53.02066],[141.66098,52.38247],[141.67555,51.91242],[142.07895,51.47138],[142.26686,51.07429],[142.04518,50.52827],[142.15968,49.67796],[141.9673,48.86237],[142.19109,47.96674],[141.96583,47.61249],[142.05665,47.0537],[141.82228,46.60228],[141.93263,46.03579],[142.20167,46.03067],[142.4572,46.6308],[143.17286,46.70783],[143.01637,47.25361],[142.54526,47.76667],[142.54957,48.02009],[143.17416,49.246],[143.49903,49.34919],[144.28273,49.25019],[144.0027,50.01284],[143.79029,50.30923],[143.46176,51.46955],[143.2212,51.53164],[143.11866,52.3378],[143.3379,52.7038],[143.29005,53.15192],[142.93971,53.74974],[143.00392,54.13548],[142.52906,54.29719]]],[[[51.40952,71.80614],[51.86199,71.45624],[53.25172,71.45604],[54.00652,70.7578],[55.81756,70.61335],[57.17189,70.61319],[57.06324,70.86245],[56.10572,71.25898],[55.34278,72.06558],[55.73854,72.78425],[56.43523,73.23013],[54.93483,73.42536],[53.15561,73.15058],[52.91424,72.59699],[52.33229,72.07062],[51.40952,71.80614]]],[[[145.36622,75.54023],[143.94711,75.83478],[142.54689,75.86298],[141.70216,76.121],[140.1504,75.80052],[139.10963,76.09687],[138.13803,76.11884],[137.06764,75.72578],[137.43067,75.38935],[137.1491,75.13422],[138.1657,74.77619],[139.34344,74.6874],[141.84376,74.99897],[142.35564,74.82453],[144.33123,75.04678],[144.72934,75.43159],[145.36622,75.54023]]],[[[99.886,79.04149],[99.58318,79.1728],[100.02247,79.82355],[97.59213,80.17487],[94.93556,80.07128],[93.74887,79.54385],[95.01824,79.03852],[96.79851,78.9892],[97.76075,78.80878],[99.40561,78.82246],[99.886,79.04149]]],[[[105.41554,78.58344],[103.98911,79.13085],[102.30291,79.43281],[101.30991,79.23876],[100.25465,78.66535],[100.03728,77.96162],[101.20981,78.19351],[104.78736,78.33637],[105.41554,78.58344]]],[[[33.73,44.39797],[33.95786,44.383],[34.469,44.7298],[35.00571,44.83519],[35.54737,45.1197],[35.84799,44.99242],[36.44011,45.06745],[36.29998,45.47333],[35.48072,45.2978],[35.00189,45.729],[34.68864,45.97402],[33.84622,46.19571],[33.62852,46.12494],[33.70867,45.90974],[32.52516,45.45816],[33.56251,45.09394],[33.57055,44.85246],[33.37965,44.56452],[33.73,44.39797]]],[[[97.74708,80.7416],[95.77662,81.2888],[93.05274,80.99543],[92.50489,80.15766],[93.6941,79.99811],[97.188,80.23359],[97.74708,80.7416]]],[[[150.82765,75.1634],[149.1268,75.26862],[146.38917,75.58515],[146.07179,75.2403],[148.17213,74.80353],[149.20899,74.758],[150.60922,74.8935],[150.82765,75.1634]]],[[[21.26759,55.24868],[21.23015,54.93891],[20.53094,54.96467],[20.98943,55.27312],[20.92457,55.28266],[20.63404,55.04877],[20.0337,54.94819],[19.60955,54.45673],[19.75826,54.43426],[20.92961,54.39782],[22.69839,54.34294],[22.76722,54.35627],[22.6804,54.45321],[22.80887,54.89376],[22.57117,55.06399],[22.26988,55.06954],[21.26759,55.24868]]],[[[51.6893,80.72728],[49.63103,80.63959],[47.42799,80.3227],[49.10719,80.18952],[49.72779,80.49433],[51.6893,80.72728]]],[[[143.47495,73.32062],[143.40724,73.54279],[142.04518,73.91657],[141.12721,73.88166],[140.4933,73.48504],[141.51243,73.29935],[143.17495,73.17658],[143.47495,73.32062]]],[[[50.32301,69.15054],[49.27174,69.50796],[48.30421,69.2768],[48.21876,68.90925],[48.59205,68.73086],[49.71974,68.88996],[50.32301,69.15054]]],[[[-180,71.53669],[-180,71.05263],[-180,70.99201],[-179.34211,70.90803],[-177.93049,71.04145],[-177.44343,71.23701],[-178.39485,71.54072],[-180,71.53669]]],[[[60.53981,69.81867],[59.02361,70.4798],[58.52231,70.33112],[58.69557,70.00283],[59.56349,69.71503],[60.53981,69.81867]]],[[[62.22193,80.81322],[59.69386,80.83714],[59.6364,80.43122],[61.04461,80.40518],[62.22193,80.81322]]],[[[180,70.99242],[180,71.05263],[180,71.53642],[178.90545,71.23701],[178.83204,70.80854],[180,70.99242]]],[[[113.40577,74.44404],[112.11012,74.55121],[111.58131,74.26016],[112.77491,74.08808],[113.40577,74.44404]]],[[[71.66912,73.22748],[70.94874,73.51748],[69.98268,73.40811],[70.2566,73.03828],[71.66912,73.22748]]],[[[169.44646,69.84911],[168.26466,70.02412],[167.79086,69.80834],[168.87452,69.56786],[169.44646,69.84911]]],[[[147.51491,45.00907],[147.27367,44.87285],[147.33391,44.88916],[147.38314,44.91146],[147.41911,44.93825],[147.45339,44.9717],[147.48874,44.99006],[147.5066,44.9893],[147.51721,44.99735],[147.51491,45.00907]]],[[[147.593,44.85019],[147.77587,44.95165],[147.74349,44.96613],[147.72753,44.98101],[147.72625,45.00281],[147.68573,45.00521],[147.65439,44.99421],[147.63839,44.98374],[147.61689,44.9608],[147.61101,44.93974],[147.63594,44.92618],[147.64043,44.91427],[147.59825,44.86498],[147.59689,44.8533],[147.593,44.85019]]],[[[148.40737,45.33116],[148.07355,45.25915],[148.1036,45.25666],[148.16638,45.25859],[148.23021,45.26542],[148.27175,45.27203],[148.33987,45.28902],[148.35179,45.3066],[148.40286,45.32749],[148.40737,45.33116]]],[[[147.38217,44.74322],[147.38838,44.73666],[147.46666,44.78009],[147.46248,44.77986],[147.43349,44.76554],[147.4116,44.75992],[147.38485,44.74574],[147.38217,44.74322]]],[[[147.69826,45.1126],[147.63475,45.07673],[147.63823,45.07534],[147.68954,45.09472],[147.69774,45.10413],[147.69826,45.1126]]],[[[147.49369,44.79509],[147.52753,44.81386],[147.51598,44.81275],[147.49621,44.79978],[147.49369,44.79509]]],[[[147.27239,44.87213],[147.26441,44.86762],[147.26567,44.86629],[147.27239,44.87213]]]]}},{"type":"Feature","properties":{"id":"rw","country_id":"RW","level":"country","countryCode":"rw","countryName":"Rwanda","nameZh":"Rwanda","nameEn":"Rwanda","source":"Natural Earth Admin 1 States/Provinces dissolved to countries + Footprint policy overrides","sourceVersion":"5.1.1","sourceYear":2022,"license":"Public Domain","boundaryPolicy":"de facto","mapCluster":"global-country","sourceSimplification":"2%","sourceMapshaperPackage":"mapshaper@0.7.47","sourceComponentCountryIds":["RW"],"sourceComponentRegionIds":["RW-01","RW-02","RW-03","RW-04","RW-05"]},"geometry":{"type":"Polygon","coordinates":[[[30.34861,-2.32235],[30.5546,-2.40063],[30.83438,-2.34533],[30.83102,-1.59417],[30.55532,-1.31842],[30.47179,-1.06684],[30.46083,-1.06343],[30.29095,-1.15262],[30.06598,-1.38694],[29.82502,-1.32388],[29.57792,-1.38839],[29.44507,-1.49729],[29.18664,-1.73962],[29.15055,-2.15041],[28.85884,-2.4182],[29.01537,-2.72071],[29.30948,-2.69013],[29.44467,-2.80699],[29.63709,-2.79163],[29.90373,-2.63795],[29.95678,-2.32704],[30.34861,-2.32235]]]}},{"type":"Feature","properties":{"id":"sa","country_id":"SA","level":"country","countryCode":"sa","countryName":"Saudi Arabia","nameZh":"Saudi Arabia","nameEn":"Saudi Arabia","source":"Natural Earth Admin 1 States/Provinces dissolved to countries + Footprint policy overrides","sourceVersion":"5.1.1","sourceYear":2022,"license":"Public Domain","boundaryPolicy":"de facto","mapCluster":"global-country","sourceSimplification":"2%","sourceMapshaperPackage":"mapshaper@0.7.47","sourceComponentCountryIds":["SA"],"sourceComponentRegionIds":["SA-01","SA-02","SA-03","SA-04","SA-05","SA-06","SA-07","SA-08","SA-09","SA-10","SA-11","SA-12","SA-14"]},"geometry":{"type":"Polygon","coordinates":[[[41.59714,18.12113],[41.71925,17.90925],[42.30152,17.4536],[42.33912,17.17357],[42.73732,16.67113],[42.78948,16.37096],[43.18568,16.68485],[43.10872,16.92698],[43.34198,17.48245],[43.63845,17.43851],[43.75064,17.34566],[44.97247,17.4297],[45.43038,17.31202],[46.32263,17.22407],[46.7101,17.27538],[46.99703,16.94851],[47.42857,17.0931],[47.58901,17.46328],[48.16195,18.14892],[49.12881,18.6121],[51.97861,18.99564],[53.63004,19.54599],[54.97838,19.99542],[55.34462,21.09691],[55.60017,21.86606],[55.62671,22.02377],[55.18684,22.70358],[55.1053,22.62095],[52.58307,22.93111],[51.59352,24.07832],[51.56935,24.25617],[51.21526,24.62585],[50.80787,24.74665],[50.56219,25.05484],[50.4629,25.44693],[50.23406,25.61518],[50.10133,25.98949],[50.21599,26.21507],[49.94215,26.85834],[49.69947,26.95824],[49.08888,27.55109],[48.60646,28.12645],[48.43278,28.54048],[47.66813,28.5335],[47.44632,28.97624],[46.53244,29.09574],[46.42732,29.07614],[44.69182,29.20184],[43.82401,29.81398],[42.78341,30.55105],[42.0754,31.07986],[40.42413,31.92053],[39.14637,32.11814],[38.96334,31.99438],[37.98652,31.75336],[37.76141,31.69612],[36.99791,31.50081],[37.22172,31.24729],[37.98107,30.49948],[37.63453,30.31278],[37.4702,29.99455],[36.75624,29.86552],[36.47708,29.49461],[36.06946,29.20003],[35.74025,29.23173],[34.94939,29.35169],[34.84278,28.88456],[34.62672,28.16055],[35.05193,28.11957],[35.32276,27.87629],[35.55958,27.45563],[36.22983,26.62556],[36.66342,25.85566],[36.93629,25.64614],[37.23048,25.19367],[37.14861,24.85102],[37.38282,24.53957],[38.45265,23.784],[38.64384,23.41947],[39.14275,22.39061],[38.97855,21.86207],[39.08074,21.31501],[39.64649,20.46157],[40.06764,20.28653],[40.52263,19.97248],[40.9559,19.34333],[41.21022,18.69794],[41.59714,18.12113]]]}},{"type":"Feature","properties":{"id":"sb","country_id":"SB","level":"country","countryCode":"sb","countryName":"Solomon Islands","nameZh":"Solomon Islands","nameEn":"Solomon Islands","source":"Natural Earth Admin 1 States/Provinces dissolved to countries + Footprint policy overrides","sourceVersion":"5.1.1","sourceYear":2022,"license":"Public Domain","boundaryPolicy":"de facto","mapCluster":"global-country","sourceSimplification":"2%","sourceMapshaperPackage":"mapshaper@0.7.47","sourceComponentCountryIds":["SB"],"sourceComponentRegionIds":["SB-CE","SB-CH","SB-CT","SB-GU","SB-IS","SB-MK","SB-ML","SB-RB","SB-TE"]},"geometry":{"type":"MultiPolygon","coordinates":[[[[159.85939,-8.51133],[159.84205,-8.32562],[159.4026,-7.98235],[159.0857,-7.90358],[158.65398,-7.56129],[158.58009,-7.74082],[158.84571,-7.9734],[159.85939,-8.51133]]],[[[161.36069,-9.61761],[160.99684,-8.60377],[160.59352,-8.38494],[160.86793,-9.15211],[161.36069,-9.61761]]],[[[157.5298,-7.33318],[157.30274,-7.26637],[157.04265,-6.89715],[156.4878,-6.60296],[156.92774,-7.20875],[157.44174,-7.41424],[157.5298,-7.33318]]],[[[159.93971,-9.43288],[159.59913,-9.51238],[159.83562,-9.79388],[160.32032,-9.81512],[160.64479,-9.93711],[160.78541,-9.72747],[160.36638,-9.41277],[160.02801,-9.42213],[159.93971,-9.43288]]],[[[162.37485,-10.82366],[162.11362,-10.45648],[161.511,-10.36492],[161.79217,-10.73496],[162.37485,-10.82366]]],[[[160.50367,-11.73602],[160.00327,-11.46111],[160.01059,-11.58945],[160.50367,-11.73602]]],[[[166.1479,-10.69405],[165.87806,-10.65685],[165.93422,-10.77574],[166.1479,-10.69405]]],[[[160.09669,-9.05657],[160.25758,-9.12078],[160.25799,-9.00905],[160.09669,-9.05657]]]]}},{"type":"Feature","properties":{"id":"sc","country_id":"SC","level":"country","countryCode":"sc","countryName":"Seychelles","nameZh":"Seychelles","nameEn":"Seychelles","source":"Natural Earth Admin 1 States/Provinces dissolved to countries + Footprint policy overrides","sourceVersion":"5.1.1","sourceYear":2022,"license":"Public Domain","boundaryPolicy":"de facto","mapCluster":"global-country","sourceSimplification":"2%","sourceMapshaperPackage":"mapshaper@0.7.47","sourceComponentCountryIds":["SC"],"sourceComponentRegionIds":["SC-01","SC-02","SC-03","SC-04","SC-05","SC-06","SC-07","SC-08","SC-09","SC-10","SC-11","SC-12","SC-13","SC-14","SC-15","SC-16","SC-17","SC-18","SC-19","SC-20","SC-21","SC-22","SC-23","SC-24","SC-25","SC-X02~"]},"geometry":{"type":"MultiPolygon","coordinates":[[[[55.52855,-4.68019],[55.51365,-4.66617],[55.49203,-4.65143],[55.47566,-4.63994],[55.47178,-4.63492],[55.4605,-4.6256],[55.45885,-4.61812],[55.45994,-4.59855],[55.46386,-4.57138],[55.43269,-4.58692],[55.41442,-4.61277],[55.38048,-4.62719],[55.44898,-4.67785],[55.478,-4.70641],[55.49158,-4.73636],[55.49321,-4.77655],[55.52575,-4.77007],[55.52809,-4.73683],[55.52628,-4.68913],[55.52855,-4.68019]]],[[[46.49545,-9.3576],[46.32049,-9.42376],[46.4546,-9.42645],[46.49545,-9.3576]]],[[[55.68282,-4.29439],[55.73276,-4.35224],[55.768,-4.35029],[55.75448,-4.32109],[55.68282,-4.29439]]],[[[55.26026,-4.5001],[55.25994,-4.46299],[55.22543,-4.44492],[55.22804,-4.48748],[55.26026,-4.5001]]]]}},{"type":"Feature","properties":{"id":"scr","country_id":"SCR","level":"country","countryCode":"scr","countryName":"Scarborough Reef","nameZh":"黄岩岛","nameEn":"Scarborough Shoal","source":"Natural Earth Admin 0 Countries","sourceVersion":"5.1.1","sourceYear":2022,"license":"Public Domain","boundaryPolicy":"de facto","mapCluster":"global-country","sourceSimplification":"2%","sourceMapshaperPackage":"mapshaper@0.7.47","sourceComponentCountryIds":["SCR"],"sourceComponentRegionIds":[]},"geometry":{"type":"Polygon","coordinates":[[[117.75389,15.15437],[117.75186,15.15189],[117.75389,15.15008],[117.75569,15.15189],[117.75389,15.15437]]]}},{"type":"Feature","properties":{"id":"sd","country_id":"SD","level":"country","countryCode":"sd","countryName":"Sudan","nameZh":"Sudan","nameEn":"Sudan","source":"Natural Earth Admin 1 States/Provinces dissolved to countries + Footprint policy overrides","sourceVersion":"5.1.1","sourceYear":2022,"license":"Public Domain","boundaryPolicy":"de facto","mapCluster":"global-country","sourceSimplification":"2%","sourceMapshaperPackage":"mapshaper@0.7.47","sourceComponentCountryIds":["SD"],"sourceComponentRegionIds":["SD-DE","SD-DN","SD-DS","SD-DW","SD-GD","SD-GZ","SD-KA","SD-KH","SD-KN","SD-KS","SD-NB","SD-NO","SD-NR","SD-NW","SD-RS","SD-SI"]},"geometry":{"type":"Polygon","coordinates":[[[23.00555,10.68682],[23.29122,10.43973],[23.62401,9.90777],[23.63218,9.27757],[23.46282,9.15372],[23.48232,8.78339],[24.17033,8.68933],[24.55838,8.88675],[24.79268,9.79837],[25.08408,10.29322],[25.83933,10.42055],[26.10231,9.98816],[26.55686,9.52045],[27.08039,9.60683],[27.89507,9.59541],[28.04511,9.33141],[28.84384,9.32454],[29.00947,9.60324],[29.48309,9.76168],[29.61543,10.05815],[30.01298,10.27049],[30.74926,9.73576],[30.94991,9.75245],[31.23482,9.79232],[31.66482,10.21424],[31.94289,10.65555],[32.41407,11.05085],[32.34524,11.70911],[32.08221,11.99981],[32.74666,12.00273],[32.73178,12.21615],[33.20922,12.21037],[33.08292,11.58457],[33.18209,10.84324],[33.9021,10.19204],[34.0707,9.45459],[34.32486,10.26865],[34.27949,10.56551],[34.58707,10.87929],[34.93382,10.84531],[34.94715,11.27487],[35.14856,11.87123],[35.24838,11.95786],[35.70137,12.66542],[36.12361,12.72145],[36.23358,13.36164],[36.43994,13.77618],[36.52638,14.26352],[36.4622,14.79377],[36.42365,15.11151],[36.88594,16.18485],[36.92731,16.43539],[36.97337,17.06208],[37.40343,17.02992],[37.50679,17.31848],[38.01442,17.53934],[38.34374,17.65593],[38.60157,18.00483],[38.15167,18.24933],[37.9255,18.58504],[37.43434,18.86172],[37.23829,19.65526],[37.17514,20.34919],[37.22804,20.56501],[37.14861,21.17097],[36.89682,21.67788],[36.88364,21.99571],[35.48644,21.99556],[33.15976,21.9954],[32.52452,21.9954],[31.49472,21.99539],[31.31439,22.10227],[31.24841,21.99437],[29.45823,21.99463],[28.29035,21.99478],[26.3438,21.99509],[24.98124,21.99535],[24.98052,20.00839],[23.98131,19.99542],[23.98131,19.49612],[23.98306,17.40566],[23.98441,15.72194],[23.11925,15.70722],[22.92566,15.56393],[22.96566,15.2239],[22.46543,14.62929],[22.53147,14.12263],[22.18076,13.92055],[22.07372,13.77136],[22.26761,13.33456],[21.93513,13.05915],[21.80945,12.79366],[22.20488,12.74336],[22.6124,12.0728],[22.53705,11.68089],[22.91481,11.3961],[22.86106,10.91915],[23.00555,10.68682]]]}},{"type":"Feature","properties":{"id":"se","country_id":"SE","level":"country","countryCode":"se","countryName":"Sweden","nameZh":"Sweden","nameEn":"Sweden","source":"Natural Earth Admin 1 States/Provinces dissolved to countries + Footprint policy overrides","sourceVersion":"5.1.1","sourceYear":2022,"license":"Public Domain","boundaryPolicy":"de facto","mapCluster":"global-country","sourceSimplification":"2%","sourceMapshaperPackage":"mapshaper@0.7.47","sourceComponentCountryIds":["SE"],"sourceComponentRegionIds":["SE-AB","SE-AC","SE-BD","SE-C","SE-D","SE-E","SE-F","SE-G","SE-H","SE-I","SE-K","SE-M","SE-N","SE-O","SE-S","SE-T","SE-U","SE-W","SE-X","SE-Y","SE-Z"]},"geometry":{"type":"MultiPolygon","coordinates":[[[[18.55453,60.12142],[17.96746,60.51895],[17.37664,60.62389],[17.15821,60.94843],[17.09718,61.63614],[17.39918,61.72236],[17.49855,62.14757],[17.39275,62.32827],[18.04249,62.59211],[19.31555,63.45774],[20.50343,63.82201],[21.48976,64.48701],[21.18133,64.83584],[21.58166,65.06767],[22.36061,65.76122],[24.1631,65.8227],[23.64231,66.43626],[24.00125,66.81243],[23.58133,67.15314],[23.76519,67.42007],[23.05216,68.29821],[22.07217,68.47701],[20.62316,69.03636],[20.24593,68.47737],[19.93101,68.3502],[18.18929,68.53842],[18.16667,68.15848],[17.32145,68.1053],[16.12711,67.42276],[16.41557,67.0527],[15.42627,66.49121],[15.47608,66.35494],[14.54054,66.12545],[14.64441,65.84291],[14.33285,65.11505],[14.33207,65.11396],[13.64276,64.58402],[14.11555,64.44124],[13.93944,64.00953],[13.23411,64.09087],[12.68189,63.95636],[12.1703,63.59813],[12.05983,63.20477],[12.09123,62.58631],[12.27952,62.34421],[12.31515,62.27176],[12.16172,61.72484],[12.87713,61.37098],[12.71083,61.05701],[12.28099,61.01519],[12.59435,60.51494],[12.51095,60.11799],[11.87463,59.88494],[11.88374,59.80538],[11.67741,59.55905],[11.81109,59.24872],[11.43751,58.99173],[11.22486,58.37067],[11.87574,58.19916],[11.69361,57.88117],[11.91284,57.58292],[12.37501,56.91205],[12.91088,56.47436],[12.60955,56.11652],[12.92262,55.74946],[13.00001,55.40009],[13.38136,55.34601],[14.36305,55.52363],[14.19581,55.72565],[14.5534,56.05403],[15.49293,56.17634],[16.06625,56.33595],[16.5525,57.11009],[16.68686,57.98924],[16.78144,58.63449],[17.45973,58.79145],[17.58627,58.96491],[18.39259,59.17577],[18.27687,59.42255],[18.86158,59.80305],[18.55453,60.12142]]],[[[19.04021,57.86791],[18.46306,57.80317],[18.09938,57.25898],[18.71412,57.24291],[18.81031,57.70966],[19.04021,57.86791]]]]}},{"type":"Feature","properties":{"id":"ser","country_id":"SER","level":"country","countryCode":"ser","countryName":"Serranilla Bank","nameZh":"塞拉尼拉浅滩","nameEn":"Serranilla Bank","source":"Natural Earth Admin 0 Countries","sourceVersion":"5.1.1","sourceYear":2022,"license":"Public Domain","boundaryPolicy":"de facto","mapCluster":"global-country","sourceSimplification":"2%","sourceMapshaperPackage":"mapshaper@0.7.47","sourceComponentCountryIds":["SER"],"sourceComponentRegionIds":[]},"geometry":{"type":"Polygon","coordinates":[[[-78.63707,15.86209],[-78.63687,15.8673],[-78.64041,15.864],[-78.63707,15.86209]]]}},{"type":"Feature","properties":{"id":"sg","country_id":"SG","level":"country","countryCode":"sg","countryName":"Singapore","nameZh":"Singapore","nameEn":"Singapore","source":"Natural Earth Admin 1 States/Provinces dissolved to countries + Footprint policy overrides","sourceVersion":"5.1.1","sourceYear":2022,"license":"Public Domain","boundaryPolicy":"de facto","mapCluster":"global-country","sourceSimplification":"2%","sourceMapshaperPackage":"mapshaper@0.7.47","sourceComponentCountryIds":["SG"],"sourceComponentRegionIds":["SG-01","SG-02","SG-03","SG-04","SG-05"]},"geometry":{"type":"Polygon","coordinates":[[[103.88147,1.42658],[103.76222,1.43098],[103.64763,1.30842],[103.84693,1.27192],[103.8981,1.30524],[103.96581,1.38996],[103.90944,1.41261],[103.88147,1.42658]]]}},{"type":"Feature","properties":{"id":"sh","country_id":"SH","level":"country","countryCode":"sh","countryName":"Saint Helena","nameZh":"Saint Helena","nameEn":"Saint Helena","source":"Natural Earth Admin 1 States/Provinces dissolved to countries + Footprint policy overrides","sourceVersion":"5.1.1","sourceYear":2022,"license":"Public Domain","boundaryPolicy":"de facto","mapCluster":"global-country","sourceSimplification":"2%","sourceMapshaperPackage":"mapshaper@0.7.47","sourceComponentCountryIds":["SH"],"sourceComponentRegionIds":["SH-AC","SH-HL","SH-TA"]},"geometry":{"type":"MultiPolygon","coordinates":[[[[-5.72183,-15.90895],[-5.77013,-15.94525],[-5.76374,-16.01572],[-5.66275,-15.97959],[-5.72183,-15.90895]]],[[[-9.92638,-40.34881],[-9.96276,-40.30185],[-10.03938,-40.33864],[-9.92516,-40.39788],[-9.92638,-40.34881]]],[[[-14.35627,-7.8847],[-14.4064,-7.97389],[-14.29479,-7.94549],[-14.35627,-7.8847]]]]}},{"type":"Feature","properties":{"id":"si","country_id":"SI","level":"country","countryCode":"si","countryName":"Slovenia","nameZh":"Slovenia","nameEn":"Slovenia","source":"Natural Earth Admin 1 States/Provinces dissolved to countries + Footprint policy overrides","sourceVersion":"5.1.1","sourceYear":2022,"license":"Public Domain","boundaryPolicy":"de facto","mapCluster":"global-country","sourceSimplification":"2%","sourceMapshaperPackage":"mapshaper@0.7.47","sourceComponentCountryIds":["SI"],"sourceComponentRegionIds":["SI-001","SI-002","SI-003","SI-004","SI-005","SI-006","SI-007","SI-008","SI-009","SI-011","SI-012","SI-013","SI-014","SI-015","SI-016","SI-017","SI-018","SI-019","SI-020","SI-021","SI-022","SI-023","SI-024","SI-025","SI-026","SI-027","SI-028","SI-029","SI-030","SI-031","SI-032","SI-033","SI-034","SI-035","SI-036","SI-037","SI-038","SI-039","SI-040","SI-041","SI-042","SI-043","SI-044","SI-045","SI-046","SI-047","SI-048","SI-049","SI-05","SI-050","SI-051","SI-052","SI-053","SI-054","SI-055","SI-056","SI-057","SI-058","SI-059","SI-060","SI-061","SI-062","SI-063","SI-064","SI-065","SI-066","SI-067","SI-068","SI-069","SI-070","SI-071","SI-072","SI-073","SI-074","SI-075","SI-076","SI-077","SI-078","SI-079","SI-080","SI-081","SI-082","SI-083","SI-084","SI-085","SI-086","SI-087","SI-089","SI-090","SI-091","SI-092","SI-093","SI-094","SI-095","SI-096","SI-097","SI-098","SI-099","SI-100","SI-101","SI-102","SI-103","SI-104","SI-105","SI-106","SI-107","SI-108","SI-109","SI-110","SI-111","SI-112","SI-113","SI-114","SI-115","SI-116","SI-117","SI-118","SI-119","SI-120","SI-121","SI-122","SI-123","SI-124","SI-125","SI-126","SI-127","SI-128","SI-129","SI-130","SI-131","SI-132","SI-133","SI-134","SI-135","SI-136","SI-137","SI-138","SI-139","SI-140","SI-141","SI-143","SI-144","SI-146","SI-147","SI-148","SI-149","SI-150","SI-151","SI-152","SI-153","SI-154","SI-155","SI-156","SI-157","SI-158","SI-159","SI-160","SI-161","SI-162","SI-163","SI-164","SI-165","SI-166","SI-167","SI-168","SI-169","SI-170","SI-171","SI-172","SI-173","SI-174","SI-175","SI-176","SI-177","SI-178","SI-179","SI-180","SI-181","SI-182","SI-183","SI-184","SI-185","SI-186","SI-187","SI-188","SI-189","SI-190","SI-191","SI-192","SI-193","SI-194","SI-195"]},"geometry":{"type":"Polygon","coordinates":[[[13.39564,46.30673],[13.62737,46.18173],[13.64107,46.17141],[13.52259,46.0753],[13.46179,46.00639],[13.60073,45.98457],[13.61533,45.94591],[13.59931,45.91233],[13.57417,45.81903],[13.58851,45.80648],[13.69991,45.77052],[13.89364,45.63376],[13.86793,45.60217],[13.71176,45.59321],[13.67514,45.54475],[13.61093,45.53802],[13.58953,45.48884],[13.65997,45.45998],[13.98748,45.51191],[14.11675,45.473],[14.11732,45.47298],[14.4915,45.57916],[14.56909,45.66425],[14.66367,45.57019],[14.97734,45.49173],[15.06613,45.47393],[15.22585,45.43645],[15.28218,45.57149],[15.35003,45.66962],[15.24991,45.71373],[15.33103,45.75249],[15.42975,45.77569],[15.54975,45.82369],[15.67538,45.97249],[15.69288,46.04164],[15.6236,46.07642],[15.62657,46.19521],[15.67798,46.21446],[15.79953,46.24861],[15.87932,46.25931],[15.88089,46.25934],[15.9189,46.27283],[15.99367,46.29061],[16.04992,46.31673],[16.08865,46.37309],[16.27994,46.37866],[16.23419,46.48489],[16.26093,46.51358],[16.30153,46.52708],[16.31066,46.53099],[16.34028,46.54383],[16.5153,46.50171],[16.37225,46.63634],[16.40261,46.66311],[16.36622,46.69647],[16.36538,46.69671],[16.29949,46.77951],[16.3111,46.79752],[16.32978,46.8344],[16.29739,46.84703],[16.17949,46.85847],[16.13025,46.85671],[16.09404,46.86277],[16.05294,46.84606],[16.02844,46.83695],[15.97098,46.77505],[16.01672,46.67069],[15.9676,46.69455],[15.78461,46.7122],[15.62175,46.67817],[15.52031,46.64772],[15.51394,46.63255],[15.43538,46.6272],[15.33278,46.64358],[15.17256,46.64136],[15.10559,46.64632],[15.08572,46.6478],[14.91951,46.61502],[14.89406,46.60522],[14.81452,46.55134],[14.79666,46.5194],[14.67255,46.45979],[14.56211,46.39174],[14.43714,46.41888],[14.24232,46.43824],[14.14793,46.44042],[14.01492,46.48253],[13.70095,46.51975],[13.68585,46.46405],[13.39564,46.30673]]]}},{"type":"Feature","properties":{"id":"sk","country_id":"SK","level":"country","countryCode":"sk","countryName":"Slovakia","nameZh":"Slovakia","nameEn":"Slovakia","source":"Natural Earth Admin 1 States/Provinces dissolved to countries + Footprint policy overrides","sourceVersion":"5.1.1","sourceYear":2022,"license":"Public Domain","boundaryPolicy":"de facto","mapCluster":"global-country","sourceSimplification":"2%","sourceMapshaperPackage":"mapshaper@0.7.47","sourceComponentCountryIds":["SK"],"sourceComponentRegionIds":["SK-BC","SK-BL","SK-KI","SK-NI","SK-PV","SK-TA","SK-TC","SK-ZI"]},"geometry":{"type":"Polygon","coordinates":[[[20.46597,48.46379],[20.78408,48.56905],[21.42456,48.56127],[21.7277,48.3409],[22.13284,48.4048],[22.3708,48.85825],[22.53964,49.0722],[21.51442,49.41721],[20.32954,49.39177],[19.86829,49.20079],[19.44887,49.60036],[19.1725,49.40226],[18.8332,49.51026],[18.38701,49.37762],[18.36159,49.33019],[17.64603,48.84182],[17.41122,48.83022],[16.94504,48.60417],[16.94905,48.54484],[17.06245,48.11272],[17.14834,48.00544],[17.26232,48.00728],[17.71924,47.77367],[17.88353,47.75252],[18.81492,47.83219],[18.9336,48.05435],[19.01902,48.0655],[19.76668,48.159],[19.90507,48.1243],[20.0383,48.17723],[20.46597,48.46379]]]}},{"type":"Feature","properties":{"id":"sl","country_id":"SL","level":"country","countryCode":"sl","countryName":"Sierra Leone","nameZh":"Sierra Leone","nameEn":"Sierra Leone","source":"Natural Earth Admin 1 States/Provinces dissolved to countries + Footprint policy overrides","sourceVersion":"5.1.1","sourceYear":2022,"license":"Public Domain","boundaryPolicy":"de facto","mapCluster":"global-country","sourceSimplification":"2%","sourceMapshaperPackage":"mapshaper@0.7.47","sourceComponentCountryIds":["SL"],"sourceComponentRegionIds":["SL-E","SL-N","SL-S","SL-W"]},"geometry":{"type":"Polygon","coordinates":[[[-10.59218,9.04166],[-10.5931,9.04762],[-11.1996,9.98216],[-11.44917,9.99504],[-11.58752,9.99428],[-12.10981,9.88168],[-12.50833,9.86038],[-12.60155,9.65171],[-13.02886,9.09598],[-13.3011,9.04149],[-13.2412,8.67219],[-13.04245,8.37539],[-12.97623,8.24647],[-12.87588,7.82868],[-12.5314,7.68708],[-12.50658,7.38984],[-11.83959,7.14899],[-11.47619,6.91942],[-11.14421,7.34519],[-10.86403,7.54368],[-10.61519,7.76904],[-10.61622,8.02251],[-10.36492,8.14821],[-10.28224,8.48463],[-10.48186,8.67247],[-10.59218,9.04166]]]}},{"type":"Feature","properties":{"id":"sm","country_id":"SM","level":"country","countryCode":"sm","countryName":"San Marino","nameZh":"San Marino","nameEn":"San Marino","source":"Natural Earth Admin 1 States/Provinces dissolved to countries + Footprint policy overrides","sourceVersion":"5.1.1","sourceYear":2022,"license":"Public Domain","boundaryPolicy":"de facto","mapCluster":"global-country","sourceSimplification":"2%","sourceMapshaperPackage":"mapshaper@0.7.47","sourceComponentCountryIds":["SM"],"sourceComponentRegionIds":["SM-01","SM-02","SM-03","SM-04","SM-05","SM-06","SM-07","SM-08","SM-09"]},"geometry":{"type":"Polygon","coordinates":[[[12.38563,43.92453],[12.38996,43.91791],[12.42111,43.89517],[12.44126,43.89328],[12.4644,43.90007],[12.47803,43.92322],[12.48309,43.9292],[12.49152,43.9491],[12.49074,43.96504],[12.42725,43.96939],[12.41657,43.9637],[12.38563,43.92453]]]}},{"type":"Feature","properties":{"id":"sn","country_id":"SN","level":"country","countryCode":"sn","countryName":"Senegal","nameZh":"Senegal","nameEn":"Senegal","source":"Natural Earth Admin 1 States/Provinces dissolved to countries + Footprint policy overrides","sourceVersion":"5.1.1","sourceYear":2022,"license":"Public Domain","boundaryPolicy":"de facto","mapCluster":"global-country","sourceSimplification":"2%","sourceMapshaperPackage":"mapshaper@0.7.47","sourceComponentCountryIds":["SN"],"sourceComponentRegionIds":["SN-DB","SN-DK","SN-FK","SN-KA","SN-KD","SN-KE","SN-KL","SN-LG","SN-MT","SN-SE","SN-SL","SN-TC","SN-TH","SN-ZG"]},"geometry":{"type":"Polygon","coordinates":[[[-17.14841,14.61319],[-16.81128,14.12488],[-16.38022,14.16836],[-16.37229,14.16265],[-16.71019,13.77363],[-16.5614,13.58691],[-16.08538,13.58517],[-15.49803,13.64152],[-15.39407,13.77151],[-14.86031,13.7656],[-14.46213,13.51666],[-13.8825,13.50378],[-14.20169,13.22956],[-14.55211,13.32309],[-15.18133,13.55984],[-15.34239,13.36257],[-15.82437,13.24851],[-15.89744,13.1574],[-16.67353,13.16431],[-16.75365,13.06501],[-16.62658,12.66254],[-16.37096,12.56452],[-16.02212,12.72899],[-15.96386,12.60225],[-16.38834,12.55158],[-16.57974,12.6328],[-16.72844,12.33253],[-16.23288,12.45288],[-15.88396,12.44218],[-15.42173,12.55712],[-15.14623,12.67923],[-14.87216,12.67811],[-14.34311,12.6759],[-13.72828,12.67339],[-13.3598,12.64974],[-13.07646,12.63592],[-12.57813,12.36153],[-11.38842,12.4039],[-11.45028,13.07509],[-11.61311,13.36081],[-11.89997,13.38218],[-12.09763,13.70441],[-11.99758,14.16616],[-12.22173,14.39124],[-12.26413,14.77494],[-12.68959,15.09248],[-12.74664,15.13114],[-12.96432,15.50916],[-13.23784,15.62344],[-13.48493,16.15498],[-13.71957,16.13561],[-13.71831,16.15929],[-14.34325,16.63666],[-14.94893,16.67055],[-15.67219,16.48137],[-16.3274,16.47455],[-16.54235,15.80882],[-16.54093,15.80565],[-16.73533,15.47733],[-17.18198,14.89709],[-17.37096,14.80028],[-17.14841,14.61319]]]}},{"type":"Feature","properties":{"id":"so","country_id":"SO","level":"country","countryCode":"so","countryName":"Somalia","nameZh":"Somalia","nameEn":"Somalia","source":"Natural Earth Admin 1 States/Provinces dissolved to countries + Footprint policy overrides","sourceVersion":"5.1.1","sourceYear":2022,"license":"Public Domain","boundaryPolicy":"de facto","mapCluster":"global-country","sourceSimplification":"2%","sourceMapshaperPackage":"mapshaper@0.7.47","sourceComponentCountryIds":["SO"],"sourceComponentRegionIds":["SO-BK","SO-BN","SO-BR","SO-BY","SO-GA","SO-GE","SO-HI","SO-JD","SO-JH","SO-MU","SO-NU","SO-SD","SO-SH"]},"geometry":{"type":"Polygon","coordinates":[[[42.87019,4.32817],[42.13534,4.20008],[41.88502,3.97723],[41.34273,3.20115],[40.96539,2.81414],[40.96849,1.2303],[40.97975,-0.8708],[41.52287,-1.57277],[41.53594,-1.67631],[41.53509,-1.6963],[42.0809,-0.86289],[43.1849,0.31626],[43.52129,0.67227],[44.55006,1.55907],[45.26621,1.98729],[45.60563,2.18304],[46.02703,2.43814],[47.03981,3.46927],[47.84059,4.34138],[48.2024,4.90892],[48.64674,5.48005],[49.03614,6.14423],[49.07472,6.41527],[49.36704,7.0257],[49.64079,7.40912],[49.84205,7.96271],[50.16603,8.33336],[50.42205,8.85712],[50.84034,9.45612],[50.92739,10.32784],[51.24098,10.4256],[51.13819,10.67674],[51.12086,11.50532],[51.2927,11.83311],[50.79786,11.98912],[50.57594,11.92097],[50.26832,11.5893],[49.57683,11.46003],[48.93911,11.24913],[48.93911,9.5627],[48.93911,9.45123],[47.97917,7.99657],[47.53239,7.56586],[46.46696,6.53829],[45.51848,5.54056],[44.94153,4.91148],[44.59681,4.91764],[43.96897,4.95396],[43.11926,4.6477],[42.87019,4.32817]]]}},{"type":"Feature","properties":{"id":"sol","country_id":"SOL","level":"country","countryCode":"sol","countryName":"Somaliland","nameZh":"索马里兰","nameEn":"Somaliland","source":"Natural Earth Admin 0 Countries","sourceVersion":"5.1.1","sourceYear":2022,"license":"Public Domain","boundaryPolicy":"de facto","mapCluster":"global-country","sourceSimplification":"2%","sourceMapshaperPackage":"mapshaper@0.7.47","sourceComponentCountryIds":["SOL"],"sourceComponentRegionIds":[]},"geometry":{"type":"Polygon","coordinates":[[[48.93911,11.24913],[48.6548,11.33063],[48.16082,11.14566],[47.36687,11.1728],[46.44776,10.6931],[45.80274,10.87531],[44.96201,10.4158],[44.27426,10.45673],[43.8296,10.80296],[43.24073,11.48786],[42.92372,10.99879],[42.69965,10.65855],[42.83628,10.20809],[43.41903,9.41302],[44.02386,8.98553],[45.51441,8.49654],[46.97923,7.99657],[47.97917,7.99657],[48.93911,9.45123],[48.93911,11.24913]]]}},{"type":"Feature","properties":{"id":"spi","country_id":"SPI","level":"country","countryCode":"spi","countryName":"Southern Patagonian Ice Field","nameZh":"南巴塔哥尼亞冰原","nameEn":"Southern Patagonian Ice Field","source":"Natural Earth Admin 0 Countries","sourceVersion":"5.1.1","sourceYear":2022,"license":"Public Domain","boundaryPolicy":"de facto","mapCluster":"global-country","sourceSimplification":"2%","sourceMapshaperPackage":"mapshaper@0.7.47","sourceComponentCountryIds":["SPI"],"sourceComponentRegionIds":[]},"geometry":{"type":"Polygon","coordinates":[[[-73.4651,-49.75996],[-73.05974,-49.55497],[-73.09825,-49.27275],[-73.45786,-49.30769],[-73.4651,-49.75996]]]}},{"type":"Feature","properties":{"id":"sr","country_id":"SR","level":"country","countryCode":"sr","countryName":"Suriname","nameZh":"Suriname","nameEn":"Suriname","source":"Natural Earth Admin 1 States/Provinces dissolved to countries + Footprint policy overrides","sourceVersion":"5.1.1","sourceYear":2022,"license":"Public Domain","boundaryPolicy":"de facto","mapCluster":"global-country","sourceSimplification":"2%","sourceMapshaperPackage":"mapshaper@0.7.47","sourceComponentCountryIds":["SR"],"sourceComponentRegionIds":["SR-BR","SR-CM","SR-CR","SR-MA","SR-NI","SR-PM","SR-PR","SR-SA","SR-SI","SR-WA"]},"geometry":{"type":"Polygon","coordinates":[[[-55.12861,5.82136],[-55.22977,5.90241],[-55.25321,5.91779],[-55.88605,5.96295],[-55.89725,5.6767],[-56.60373,5.95033],[-56.95654,6.01157],[-57.24767,5.48493],[-57.23252,5.26057],[-57.31523,5.0261],[-57.72048,4.9898],[-58.06769,4.15114],[-57.82977,3.66244],[-57.56514,3.34982],[-57.28355,3.3438],[-57.17462,2.81895],[-56.70519,2.02964],[-56.48182,1.94161],[-56.01965,1.83351],[-55.92581,2.06168],[-56.1168,2.33309],[-55.01775,2.59059],[-54.77549,2.45734],[-54.61529,2.32627],[-54.21253,2.77642],[-54.19046,3.1781],[-53.98882,3.611],[-54.35515,4.06652],[-54.48212,4.9128],[-54.32065,5.21245],[-54.17097,5.34837],[-54.03673,5.84235],[-54.70492,5.97482],[-55.01391,5.99339],[-55.12861,5.82136]]]}},{"type":"Feature","properties":{"id":"ss","country_id":"SS","level":"country","countryCode":"ss","countryName":"S. Sudan","nameZh":"S. Sudan","nameEn":"S. Sudan","source":"Natural Earth Admin 1 States/Provinces dissolved to countries + Footprint policy overrides","sourceVersion":"5.1.1","sourceYear":2022,"license":"Public Domain","boundaryPolicy":"de facto","mapCluster":"global-country","sourceSimplification":"2%","sourceMapshaperPackage":"mapshaper@0.7.47","sourceComponentCountryIds":["SS"],"sourceComponentRegionIds":["SS-BN","SS-BW","SS-EC","SS-EE","SS-EW","SS-JG","SS-LK","SS-NU","SS-UY","SS-WR"]},"geometry":{"type":"Polygon","coordinates":[[[26.10231,9.98816],[25.83933,10.42055],[25.08408,10.29322],[24.79268,9.79837],[24.55838,8.88675],[24.17033,8.68933],[24.26319,8.26851],[24.83211,8.16573],[25.27942,7.65948],[25.36003,7.33557],[26.02609,6.99668],[26.37922,6.63136],[26.28964,6.38721],[26.52797,6.04317],[27.17041,5.72035],[27.30131,5.20519],[27.4413,5.07073],[27.77244,4.59582],[28.40414,4.27783],[28.75543,4.55399],[29.30393,4.38715],[29.4941,4.66829],[29.7883,4.53937],[29.7762,4.40562],[30.20589,3.95038],[30.53889,3.84155],[30.83954,3.4902],[31.06868,3.73174],[31.61394,3.69701],[31.80111,3.80647],[32.02224,3.58642],[32.05423,3.55957],[32.17593,3.52723],[32.3718,3.73107],[33.01724,3.87718],[33.26369,3.75367],[33.52772,3.77143],[33.97708,4.21969],[34.38119,4.62016],[35.24573,4.98172],[35.57084,4.90431],[35.61064,4.62001],[35.92084,4.61933],[35.78451,4.76418],[35.80415,5.31802],[35.09866,5.62247],[34.96796,6.00813],[34.73352,6.63761],[34.19577,7.09774],[33.71606,7.65716],[33.05129,7.80113],[33.00757,7.94406],[33.17408,8.40448],[33.97077,8.44538],[34.10725,8.60153],[34.0831,9.20512],[34.0707,9.45459],[33.9021,10.19204],[33.18209,10.84324],[33.08292,11.58457],[33.20922,12.21037],[32.73178,12.21615],[32.74666,12.00273],[32.08221,11.99981],[32.34524,11.70911],[32.41407,11.05085],[31.94289,10.65555],[31.66482,10.21424],[31.23482,9.79232],[30.94991,9.75245],[30.74926,9.73576],[30.01298,10.27049],[29.61543,10.05815],[29.48309,9.76168],[29.00947,9.60324],[28.84384,9.32454],[28.04511,9.33141],[27.89507,9.59541],[27.08039,9.60683],[26.55686,9.52045],[26.10231,9.98816]]]}},{"type":"Feature","properties":{"id":"st","country_id":"ST","level":"country","countryCode":"st","countryName":"Sao Tome and Principe","nameZh":"Sao Tome and Principe","nameEn":"Sao Tome and Principe","source":"Natural Earth Admin 1 States/Provinces dissolved to countries + Footprint policy overrides","sourceVersion":"5.1.1","sourceYear":2022,"license":"Public Domain","boundaryPolicy":"de facto","mapCluster":"global-country","sourceSimplification":"2%","sourceMapshaperPackage":"mapshaper@0.7.47","sourceComponentCountryIds":["ST"],"sourceComponentRegionIds":["ST-P","ST-S"]},"geometry":{"type":"MultiPolygon","coordinates":[[[[6.68141,0.40713],[6.46168,0.22215],[6.51637,0.03364],[6.74008,0.21857],[6.68141,0.40713]]],[[[7.46274,1.67455],[7.40301,1.69977],[7.33253,1.56533],[7.42555,1.56273],[7.46274,1.67455]]]]}},{"type":"Feature","properties":{"id":"sv","country_id":"SV","level":"country","countryCode":"sv","countryName":"El Salvador","nameZh":"El Salvador","nameEn":"El Salvador","source":"Natural Earth Admin 1 States/Provinces dissolved to countries + Footprint policy overrides","sourceVersion":"5.1.1","sourceYear":2022,"license":"Public Domain","boundaryPolicy":"de facto","mapCluster":"global-country","sourceSimplification":"2%","sourceMapshaperPackage":"mapshaper@0.7.47","sourceComponentCountryIds":["SV"],"sourceComponentRegionIds":["SV-AH","SV-CA","SV-CH","SV-CU","SV-LI","SV-MO","SV-PA","SV-SA","SV-SM","SV-SO","SV-SS","SV-SV","SV-UN","SV-US"]},"geometry":{"type":"Polygon","coordinates":[[[-90.09831,13.7314],[-89.95348,13.66507],[-89.60942,13.51306],[-89.13572,13.41446],[-88.83156,13.26608],[-88.81664,13.2593],[-88.11251,13.1712],[-88.09147,13.17271],[-87.81717,13.40656],[-87.74953,13.84563],[-87.95259,13.89203],[-88.21766,13.9908],[-88.27417,13.91912],[-88.49682,13.8512],[-88.49709,13.96907],[-88.69081,14.01179],[-88.97023,14.21018],[-89.34621,14.41308],[-89.36162,14.41548],[-89.49615,14.4229],[-89.74801,14.04489],[-90.09831,13.7314]]]}},{"type":"Feature","properties":{"id":"sx","country_id":"SX","level":"country","countryCode":"sx","countryName":"Sint Maarten","nameZh":"Sint Maarten","nameEn":"Sint Maarten","source":"Natural Earth Admin 1 States/Provinces dissolved to countries + Footprint policy overrides","sourceVersion":"5.1.1","sourceYear":2022,"license":"Public Domain","boundaryPolicy":"de facto","mapCluster":"global-country","sourceSimplification":"2%","sourceMapshaperPackage":"mapshaper@0.7.47","sourceComponentCountryIds":["SX"],"sourceComponentRegionIds":["NL-SX"]},"geometry":{"type":"Polygon","coordinates":[[[-63.107,18.06212],[-63.09765,18.03596],[-63.01757,18.03339],[-63.107,18.06212]]]}},{"type":"Feature","properties":{"id":"sy","country_id":"SY","level":"country","countryCode":"sy","countryName":"Syria","nameZh":"Syria","nameEn":"Syria","source":"Natural Earth Admin 1 States/Provinces dissolved to countries + Footprint policy overrides","sourceVersion":"5.1.1","sourceYear":2022,"license":"Public Domain","boundaryPolicy":"de facto","mapCluster":"global-country","sourceSimplification":"2%","sourceMapshaperPackage":"mapshaper@0.7.47","sourceComponentCountryIds":["SY"],"sourceComponentRegionIds":["SY-DI","SY-DR","SY-DY","SY-HA","SY-HI","SY-HL","SY-HM","SY-ID","SY-LA","SY-QU","SY-RA","SY-RD","SY-SU","SY-TA","SY-X01~"]},"geometry":{"type":"Polygon","coordinates":[[[36.08191,32.51626],[36.51668,32.35701],[36.81939,32.31679],[37.49461,32.69006],[38.31574,33.13118],[38.77451,33.37169],[40.17311,34.07228],[40.98802,34.42852],[41.19566,34.76847],[41.19233,35.1589],[41.30846,35.55225],[41.24061,36.04302],[41.41487,36.52738],[41.84378,36.61787],[42.37681,37.062],[42.35724,37.10998],[41.89637,37.15428],[41.47977,37.07557],[40.70897,37.10048],[40.26141,36.92278],[39.44171,36.69237],[38.63519,36.74404],[38.02601,36.83501],[37.52214,36.6736],[37.01452,36.64226],[36.65956,36.82724],[36.53547,36.494],[36.64876,36.30572],[36.3605,36.18167],[36.15531,35.82223],[35.91131,35.91775],[35.77809,35.54116],[35.9312,35.26149],[35.9699,34.64985],[36.11214,34.62953],[36.32985,34.4986],[36.60355,34.2001],[36.05044,33.81644],[35.87009,33.43124],[35.84512,33.41874],[35.8211,33.40672],[35.80363,33.24846],[35.88807,32.94494],[35.75759,32.74435],[35.76973,32.74805],[36.08191,32.51626]]]}},{"type":"Feature","properties":{"id":"sz","country_id":"SZ","level":"country","countryCode":"sz","countryName":"Swaziland","nameZh":"Swaziland","nameEn":"Swaziland","source":"Natural Earth Admin 1 States/Provinces dissolved to countries + Footprint policy overrides","sourceVersion":"5.1.1","sourceYear":2022,"license":"Public Domain","boundaryPolicy":"de facto","mapCluster":"global-country","sourceSimplification":"2%","sourceMapshaperPackage":"mapshaper@0.7.47","sourceComponentCountryIds":["SZ"],"sourceComponentRegionIds":["SZ-HH","SZ-LU","SZ-MA","SZ-SH"]},"geometry":{"type":"Polygon","coordinates":[[[30.89732,-26.29173],[30.88529,-26.78564],[31.24471,-27.23259],[31.96826,-27.31626],[31.9442,-27.16234],[32.11388,-26.84001],[31.94924,-25.9581],[31.74697,-25.93079],[31.4269,-25.74365],[31.11984,-25.91005],[30.89732,-26.29173]]]}},{"type":"Feature","properties":{"id":"tc","country_id":"TC","level":"country","countryCode":"tc","countryName":"Turks and Caicos Islands","nameZh":"Turks and Caicos Islands","nameEn":"Turks and Caicos Islands","source":"Natural Earth Admin 1 States/Provinces dissolved to countries + Footprint policy overrides","sourceVersion":"5.1.1","sourceYear":2022,"license":"Public Domain","boundaryPolicy":"de facto","mapCluster":"global-country","sourceSimplification":"2%","sourceMapshaperPackage":"mapshaper@0.7.47","sourceComponentCountryIds":["TC"],"sourceComponentRegionIds":["TC-X01~","TC-X02~","TC-X03~","TC-X04~","TC-X05~","TC-X06~"]},"geometry":{"type":"MultiPolygon","coordinates":[[[[-71.80285,21.78791],[-71.74112,21.79491],[-71.63093,21.77432],[-71.67878,21.84186],[-71.8094,21.83999],[-71.80285,21.78791]]],[[[-72.02196,21.90461],[-71.90339,21.86652],[-71.91104,21.94843],[-72.02196,21.90461]]],[[[-72.33723,21.80097],[-72.21972,21.77033],[-72.30793,21.85224],[-72.33723,21.80097]]],[[[-71.50796,21.70539],[-71.47126,21.66218],[-71.45189,21.69017],[-71.48095,21.72549],[-71.50796,21.70539]]],[[[-71.13809,21.51362],[-71.15168,21.45059],[-71.13362,21.44648],[-71.13809,21.51362]]],[[[-71.20983,21.34138],[-71.21923,21.31436],[-71.21369,21.31061],[-71.19249,21.33503],[-71.20983,21.34138]]]]}},{"type":"Feature","properties":{"id":"td","country_id":"TD","level":"country","countryCode":"td","countryName":"Chad","nameZh":"Chad","nameEn":"Chad","source":"Natural Earth Admin 1 States/Provinces dissolved to countries + Footprint policy overrides","sourceVersion":"5.1.1","sourceYear":2022,"license":"Public Domain","boundaryPolicy":"de facto","mapCluster":"global-country","sourceSimplification":"2%","sourceMapshaperPackage":"mapshaper@0.7.47","sourceComponentCountryIds":["TD"],"sourceComponentRegionIds":["TD-BA","TD-BG","TD-BO","TD-CB","TD-GR","TD-HL","TD-KA","TD-LC","TD-LO","TD-LR","TD-MA","TD-MC","TD-ME","TD-MO","TD-ND","TD-OD","TD-SA","TD-SI","TD-TA","TD-TI","TD-WF","TD-X01~"]},"geometry":{"type":"Polygon","coordinates":[[[19.18584,21.86418],[18.91712,21.99685],[17.43483,22.72879],[15.9851,23.44472],[14.97991,22.99566],[15.17202,21.99339],[15.1804,21.50727],[15.60931,20.95066],[15.5442,20.79899],[15.95399,20.37457],[15.73602,19.90354],[15.5677,18.00004],[15.49025,17.12454],[15.46852,16.90491],[14.36897,15.74963],[13.83391,15.0196],[13.60805,14.51827],[13.44918,14.38013],[13.60731,13.7041],[14.06491,13.07799],[14.48104,13.00051],[14.83075,12.61825],[14.90486,12.24866],[15.01183,12.10862],[15.04056,12.05565],[15.02883,11.08022],[15.06588,10.79311],[15.30142,10.31175],[15.53614,10.08052],[14.73246,9.92381],[14.19634,9.97915],[13.9476,9.63776],[14.34954,9.16836],[15.03126,8.65875],[15.21071,8.42182],[15.44074,7.83942],[15.48105,7.52326],[15.7939,7.458],[16.37081,7.6725],[16.81507,7.54954],[17.23379,7.8108],[17.67978,7.9852],[18.17543,8.02195],[18.58928,8.04788],[19.07226,8.63187],[19.10057,9.01526],[19.93209,9.06333],[20.35941,9.11642],[20.81388,9.41885],[21.25692,9.97575],[21.65628,10.23367],[21.72263,10.63672],[22.36469,10.95421],[22.86106,10.91915],[22.91481,11.3961],[22.53705,11.68089],[22.6124,12.0728],[22.20488,12.74336],[21.80945,12.79366],[21.93513,13.05915],[22.26761,13.33456],[22.07372,13.77136],[22.18076,13.92055],[22.53147,14.12263],[22.46543,14.62929],[22.96566,15.2239],[22.92566,15.56393],[23.11925,15.70722],[23.98441,15.72194],[23.98306,17.40566],[23.98131,19.49612],[22.25211,20.35008],[20.89333,21.02094],[19.18584,21.86418]]]}},{"type":"Feature","properties":{"id":"tf","country_id":"TF","level":"country","countryCode":"tf","countryName":"French Southern and Antarctic Lands","nameZh":"French Southern and Antarctic Lands","nameEn":"French Southern and Antarctic Lands","source":"Natural Earth Admin 1 States/Provinces dissolved to countries + Footprint policy overrides","sourceVersion":"5.1.1","sourceYear":2022,"license":"Public Domain","boundaryPolicy":"de facto","mapCluster":"global-country","sourceSimplification":"2%","sourceMapshaperPackage":"mapshaper@0.7.47","sourceComponentCountryIds":["TF"],"sourceComponentRegionIds":["TF-X01~","TF-X02~","TF-X03~","TF-X1~"]},"geometry":{"type":"MultiPolygon","coordinates":[[[[70.54884,-49.1832],[70.27296,-49.07643],[69.71225,-49.30682],[68.75554,-49.04762],[69.11451,-49.60312],[70.12322,-49.71356],[70.1399,-49.3388],[70.54884,-49.1832]]],[[[51.83416,-46.37664],[51.73601,-46.32741],[51.70558,-46.4376],[51.8235,-46.45127],[51.83416,-46.37664]]],[[[77.50375,-37.8235],[77.53663,-37.90114],[77.58522,-37.8742],[77.50375,-37.8235]]],[[[40.37973,-22.32391],[40.33644,-22.32049],[40.3318,-22.34808],[40.36866,-22.36256],[40.37973,-22.32391]]]]}},{"type":"Feature","properties":{"id":"tg","country_id":"TG","level":"country","countryCode":"tg","countryName":"Togo","nameZh":"Togo","nameEn":"Togo","source":"Natural Earth Admin 1 States/Provinces dissolved to countries + Footprint policy overrides","sourceVersion":"5.1.1","sourceYear":2022,"license":"Public Domain","boundaryPolicy":"de facto","mapCluster":"global-country","sourceSimplification":"2%","sourceMapshaperPackage":"mapshaper@0.7.47","sourceComponentCountryIds":["TG"],"sourceComponentRegionIds":["TG-C","TG-K","TG-M","TG-P","TG-S"]},"geometry":{"type":"Polygon","coordinates":[[[1.6072,8.58862],[1.60117,9.04953],[1.42015,9.29232],[1.34394,9.95476],[0.99708,10.21651],[0.76877,10.36709],[0.90147,10.99274],[0.37478,11.02581],[-0.11506,11.12466],[-0.16611,11.13498],[0.01621,11.06258],[-0.09156,10.70025],[0.3666,10.30449],[0.39457,10.03556],[0.35461,9.5711],[0.53757,9.37765],[0.48363,8.83497],[0.36808,8.76148],[0.61632,8.48876],[0.60269,7.89313],[0.50057,7.45505],[0.64568,7.32359],[0.51928,6.83225],[0.71308,6.53394],[1.18539,6.10049],[1.61964,6.21389],[1.78235,6.27727],[1.58918,6.72046],[1.56422,6.90309],[1.62325,7.53638],[1.62285,7.62246],[1.60394,8.36748],[1.6072,8.58862]]]}},{"type":"Feature","properties":{"id":"th","country_id":"TH","level":"country","countryCode":"th","countryName":"Thailand","nameZh":"Thailand","nameEn":"Thailand","source":"Natural Earth Admin 1 States/Provinces dissolved to countries + Footprint policy overrides","sourceVersion":"5.1.1","sourceYear":2022,"license":"Public Domain","boundaryPolicy":"de facto","mapCluster":"global-country","sourceSimplification":"2%","sourceMapshaperPackage":"mapshaper@0.7.47","sourceComponentCountryIds":["TH"],"sourceComponentRegionIds":["TH-10","TH-11","TH-12","TH-13","TH-14","TH-15","TH-16","TH-17","TH-18","TH-19","TH-20","TH-21","TH-22","TH-23","TH-24","TH-25","TH-26","TH-27","TH-30","TH-31","TH-32","TH-33","TH-34","TH-35","TH-36","TH-37","TH-38","TH-39","TH-40","TH-41","TH-42","TH-43","TH-44","TH-45","TH-46","TH-47","TH-48","TH-49","TH-50","TH-51","TH-52","TH-53","TH-54","TH-55","TH-56","TH-57","TH-58","TH-60","TH-61","TH-62","TH-63","TH-64","TH-65","TH-66","TH-67","TH-70","TH-71","TH-72","TH-73","TH-74","TH-75","TH-76","TH-77","TH-80","TH-81","TH-82","TH-83","TH-84","TH-85","TH-86","TH-90","TH-91","TH-92","TH-93","TH-94","TH-95","TH-96"]},"geometry":{"type":"MultiPolygon","coordinates":[[[[100.46698,13.49567],[100.84097,13.47819],[100.98067,13.46292],[100.91245,13.29385],[100.97804,12.63959],[101.78909,12.69784],[102.22828,12.32368],[102.35553,12.3583],[102.33619,12.19758],[102.74969,12.04027],[102.91358,11.6459],[102.76501,12.04456],[102.76375,12.42526],[102.49588,12.65415],[102.4952,12.74603],[102.4901,12.99519],[102.32919,13.27263],[102.32953,13.4846],[102.69862,13.7618],[102.91393,14.16495],[103.01693,14.23887],[103.24328,14.34193],[103.55025,14.42186],[104.04506,14.35697],[104.04572,14.35729],[104.45851,14.35704],[104.91562,14.39322],[105.18431,14.34574],[105.41597,14.42816],[105.58356,14.97759],[105.44378,15.13381],[105.59224,15.42755],[105.42323,16.00504],[105.10698,16.09585],[104.98803,16.29396],[104.75452,16.52891],[104.75791,16.81889],[104.74634,16.94353],[104.81642,17.37279],[104.28198,17.86149],[104.20333,18.01864],[104.00004,18.31844],[103.39677,18.44141],[103.2963,18.29517],[103.0877,18.13867],[102.59558,17.85007],[102.10739,18.21238],[102.05553,18.19234],[101.5455,17.81367],[101.13231,17.46167],[100.93774,17.55549],[100.95588,17.70753],[101.16517,18.05342],[101.07409,18.37161],[101.2401,18.67364],[101.19287,19.45279],[100.8746,19.61291],[100.57476,19.50835],[100.39005,19.72439],[100.40766,19.79426],[100.54335,20.06658],[100.3644,20.36896],[100.0993,20.3178],[99.5029,20.34522],[99.50873,20.1528],[99.01683,20.041],[99.00877,19.84592],[98.4778,19.70563],[97.86912,19.57049],[97.75179,18.58248],[97.3729,18.54862],[97.75406,17.96903],[97.90799,17.55487],[98.52456,16.85045],[98.45666,16.72322],[98.80723,16.11054],[98.58378,15.97696],[98.54406,15.6751],[98.55991,15.35532],[98.20769,15.21922],[98.19122,14.99321],[98.54771,14.37768],[98.94531,14.06914],[99.14678,13.72367],[99.18648,13.21156],[99.21413,12.73465],[99.40475,12.56694],[99.46631,12.12603],[99.63002,11.81577],[99.14095,11.03941],[98.87919,10.7882],[98.74741,10.35053],[98.51271,9.83686],[98.38962,9.34492],[98.22413,8.73534],[98.2776,8.24071],[98.64922,8.36872],[99.25677,7.65506],[99.3659,7.33637],[99.74561,7.12966],[99.79721,6.82168],[100.12729,6.44229],[100.1992,6.69941],[100.37766,6.52675],[100.82373,6.2986],[101.08166,6.24647],[100.97243,5.77285],[101.10544,5.63764],[101.5002,5.89269],[101.69757,5.76714],[102.06,6.0948],[102.07309,6.25751],[101.72348,6.57441],[101.56625,6.83222],[101.06804,6.85773],[100.76515,6.98314],[100.37875,7.3098],[100.18539,7.51423],[100.20086,7.77232],[100.34246,7.93879],[100.22047,8.44872],[99.95924,8.63764],[99.91627,9.102],[99.77182,9.31228],[99.32358,9.39155],[99.14495,9.79123],[99.15162,10.35737],[99.50343,10.99705],[99.64186,11.52326],[100.02003,12.19269],[99.96079,12.63618],[100.10434,13.05732],[99.96087,13.29157],[100.08896,13.42597],[100.40078,13.49064],[100.46698,13.49567]]],[[[98.41863,7.90375],[98.43849,8.06574],[98.28142,8.1918],[98.26775,7.89008],[98.41863,7.90375]]]]}},{"type":"Feature","properties":{"id":"tj","country_id":"TJ","level":"country","countryCode":"tj","countryName":"Tajikistan","nameZh":"Tajikistan","nameEn":"Tajikistan","source":"Natural Earth Admin 1 States/Provinces dissolved to countries + Footprint policy overrides","sourceVersion":"5.1.1","sourceYear":2022,"license":"Public Domain","boundaryPolicy":"de facto","mapCluster":"global-country","sourceSimplification":"2%","sourceMapshaperPackage":"mapshaper@0.7.47","sourceComponentCountryIds":["TJ"],"sourceComponentRegionIds":["TJ-DU","TJ-GB","TJ-KT","TJ-SU","TJ-X01~"]},"geometry":{"type":"Polygon","coordinates":[[[74.89231,37.23111],[75.16412,37.40064],[74.79071,38.08145],[74.77634,38.51067],[74.3342,38.66699],[73.79739,38.60284],[73.81599,38.99377],[73.63264,39.44834],[73.16786,39.35538],[72.65048,39.39377],[72.22867,39.1895],[71.50965,39.585],[70.73974,39.38623],[70.65556,39.49464],[69.66942,39.57779],[69.28619,39.53971],[69.31399,39.98691],[69.96956,40.2116],[70.6274,39.99389],[70.95896,40.23837],[70.58182,40.22173],[70.35382,40.45614],[70.75629,40.69558],[70.45801,41.01574],[69.66012,40.63871],[69.43584,40.80268],[69.07364,40.21694],[68.64273,40.18369],[68.69654,40.11174],[68.64028,39.84814],[68.51745,39.54844],[67.76452,39.6226],[67.43648,39.4857],[67.3587,39.29043],[67.67325,39.00298],[68.15339,38.8994],[68.05515,38.53631],[68.36066,38.17405],[68.23802,37.94272],[67.82922,37.52794],[67.78054,37.18887],[68.02482,36.92552],[68.30728,37.11422],[69.00548,37.30553],[69.30862,37.11688],[69.52865,37.58603],[70.00419,37.55137],[70.28308,37.70483],[70.29858,37.99813],[70.59577,38.33818],[70.97404,38.47367],[71.33438,38.28066],[71.25578,37.94988],[71.59773,37.89836],[71.43112,37.06699],[71.61106,36.70484],[71.83658,36.69916],[72.25981,36.96731],[73.27607,37.45947],[74.66038,37.39397],[74.89231,37.23111]]]}},{"type":"Feature","properties":{"id":"tk","country_id":"TK","level":"country","countryCode":"tk","countryName":"New Zealand","nameZh":"New Zealand","nameEn":"New Zealand","source":"Natural Earth Admin 1 States/Provinces dissolved to countries + Footprint policy overrides","sourceVersion":"5.1.1","sourceYear":2022,"license":"Public Domain","boundaryPolicy":"de facto","mapCluster":"global-country","sourceSimplification":"2%","sourceMapshaperPackage":"mapshaper@0.7.47","sourceComponentCountryIds":["TK"],"sourceComponentRegionIds":["TK-X01~"]},"geometry":{"type":"Polygon","coordinates":[[[-172.48607,-8.56536],[-172.48302,-8.5626],[-172.49169,-8.55185],[-172.49494,-8.55478],[-172.48607,-8.56536]]]}},{"type":"Feature","properties":{"id":"tl","country_id":"TL","level":"country","countryCode":"tl","countryName":"East Timor","nameZh":"East Timor","nameEn":"East Timor","source":"Natural Earth Admin 1 States/Provinces dissolved to countries + Footprint policy overrides","sourceVersion":"5.1.1","sourceYear":2022,"license":"Public Domain","boundaryPolicy":"de facto","mapCluster":"global-country","sourceSimplification":"2%","sourceMapshaperPackage":"mapshaper@0.7.47","sourceComponentCountryIds":["TL"],"sourceComponentRegionIds":["TL-AL","TL-AN","TL-BA","TL-BO","TL-CO","TL-DI","TL-ER","TL-LA","TL-LI","TL-MF","TL-MT","TL-OE","TL-VI"]},"geometry":{"type":"MultiPolygon","coordinates":[[[[125.67009,-9.19327],[126.04754,-9.05731],[126.13795,-8.99993],[126.72837,-8.76099],[127.30323,-8.43231],[126.96705,-8.30901],[126.6882,-8.43119],[126.14183,-8.50282],[125.82854,-8.49091],[125.48983,-8.56821],[125.10294,-8.74027],[124.91951,-8.96202],[125.15265,-9.17082],[125.06162,-9.48577],[125.48797,-9.24082],[125.67009,-9.19327]]],[[[124.45053,-9.18019],[124.03004,-9.34197],[124.31007,-9.48872],[124.45053,-9.18019]]]]}},{"type":"Feature","properties":{"id":"tm","country_id":"TM","level":"country","countryCode":"tm","countryName":"Turkmenistan","nameZh":"Turkmenistan","nameEn":"Turkmenistan","source":"Natural Earth Admin 1 States/Provinces dissolved to countries + Footprint policy overrides","sourceVersion":"5.1.1","sourceYear":2022,"license":"Public Domain","boundaryPolicy":"de facto","mapCluster":"global-country","sourceSimplification":"2%","sourceMapshaperPackage":"mapshaper@0.7.47","sourceComponentCountryIds":["TM"],"sourceComponentRegionIds":["TM-A","TM-B","TM-D","TM-L","TM-M"]},"geometry":{"type":"Polygon","coordinates":[[[61.41931,35.54589],[62.62107,35.22271],[62.82306,35.32751],[63.34293,35.85626],[63.90633,36.03173],[64.44457,36.24998],[64.72855,36.85057],[64.76016,37.09262],[65.48792,37.242],[65.66884,37.52055],[66.25085,37.35965],[66.51959,37.36418],[66.63652,37.96659],[65.87668,38.27296],[65.60414,38.23741],[64.36757,38.94037],[64.12061,38.96168],[62.45281,40.00924],[62.18706,40.50552],[61.87791,41.12498],[61.47008,41.29717],[61.00432,41.22953],[60.41453,41.23526],[60.09424,41.38952],[60.14114,41.87422],[59.86635,42.30421],[59.47816,42.28564],[58.61227,42.78085],[57.99773,42.49343],[57.85045,42.19143],[57.38226,42.16363],[56.95015,41.86605],[57.01019,41.25412],[56.53372,41.29897],[55.97842,41.32172],[55.42952,41.29081],[54.73829,42.04821],[54.04717,42.3454],[52.97871,42.12663],[52.43767,41.74888],[52.56219,41.51948],[53.12192,42.08999],[53.89666,42.07884],[54.04135,41.53457],[54.60043,41.19233],[54.6399,40.83877],[53.72104,40.62568],[53.10743,40.77391],[52.73658,40.48456],[52.88413,39.94489],[53.56707,39.94953],[53.36354,39.53807],[53.97755,38.90176],[53.827,38.52546],[53.82488,37.74486],[53.91375,37.34276],[54.18659,37.32374],[54.78366,37.51745],[54.85663,37.76113],[55.42311,38.07589],[56.16674,38.08079],[56.43648,38.25508],[57.13791,38.26236],[57.3524,37.96753],[57.73483,37.89827],[58.37176,37.63037],[58.86104,37.66809],[59.35165,37.49384],[59.50947,37.18982],[60.01921,37.0258],[60.34229,36.63714],[61.07548,36.64779],[61.26968,35.6185],[61.41931,35.54589]]]}},{"type":"Feature","properties":{"id":"tn","country_id":"TN","level":"country","countryCode":"tn","countryName":"Tunisia","nameZh":"Tunisia","nameEn":"Tunisia","source":"Natural Earth Admin 1 States/Provinces dissolved to countries + Footprint policy overrides","sourceVersion":"5.1.1","sourceYear":2022,"license":"Public Domain","boundaryPolicy":"de facto","mapCluster":"global-country","sourceSimplification":"2%","sourceMapshaperPackage":"mapshaper@0.7.47","sourceComponentCountryIds":["TN"],"sourceComponentRegionIds":["TN-11","TN-13","TN-14","TN-21","TN-22","TN-23","TN-31","TN-32","TN-33","TN-34","TN-41","TN-42","TN-43","TN-51","TN-52","TN-53","TN-61","TN-71","TN-72","TN-73","TN-81","TN-82","TN-83"]},"geometry":{"type":"Polygon","coordinates":[[[10.337,36.89184],[10.21819,37.12893],[9.66627,37.33544],[9.07943,37.16681],[8.896,37.01886],[8.60251,36.93951],[8.16789,36.49199],[8.35542,36.35612],[8.26842,35.96986],[8.32723,35.62141],[8.25871,34.7413],[8.10248,34.53635],[7.53923,34.11376],[7.47983,33.8939],[7.70829,33.4107],[8.08682,33.09429],[8.33263,32.52636],[9.0633,32.00019],[9.51971,30.22891],[9.87131,30.35515],[10.27015,30.91563],[10.1081,31.41183],[10.60595,31.95361],[11.18234,32.26222],[11.52609,32.41786],[11.44993,32.63796],[11.50511,33.18123],[11.17954,33.21109],[11.10816,33.54963],[10.71713,33.48355],[10.46022,33.6527],[10.1631,33.83625],[10.01009,34.17308],[10.59702,34.54471],[11.01588,35.09284],[11.01393,35.5629],[10.69134,35.78962],[10.47953,36.07933],[10.52938,36.35033],[10.79993,36.45189],[11.11677,36.83841],[11.01271,37.08478],[10.41675,36.72956],[10.25388,36.79144],[10.337,36.89184]]]}},{"type":"Feature","properties":{"id":"to","country_id":"TO","level":"country","countryCode":"to","countryName":"Tonga","nameZh":"Tonga","nameEn":"Tonga","source":"Natural Earth Admin 1 States/Provinces dissolved to countries + Footprint policy overrides","sourceVersion":"5.1.1","sourceYear":2022,"license":"Public Domain","boundaryPolicy":"de facto","mapCluster":"global-country","sourceSimplification":"2%","sourceMapshaperPackage":"mapshaper@0.7.47","sourceComponentCountryIds":["TO"],"sourceComponentRegionIds":["TO-01","TO-02","TO-03","TO-04","TO-05"]},"geometry":{"type":"MultiPolygon","coordinates":[[[[-175.06554,-21.12396],[-175.15498,-21.17181],[-175.24983,-21.11126],[-175.32575,-21.1736],[-175.14875,-21.268],[-175.06554,-21.12396]]],[[[-174.91474,-21.29217],[-174.98363,-21.39772],[-174.91393,-21.44411],[-174.91474,-21.29217]]],[[[-173.95637,-18.56732],[-174.01098,-18.57789],[-174.05944,-18.66351],[-173.9626,-18.66351],[-173.95637,-18.56732]]],[[[-175.06928,-19.71201],[-175.09667,-19.7208],[-175.08727,-19.78769],[-175.04784,-19.78118],[-175.06928,-19.71201]]],[[[-175.63134,-15.5595],[-175.68627,-15.60231],[-175.63915,-15.62428],[-175.63134,-15.5595]]]]}},{"type":"Feature","properties":{"id":"tr","country_id":"TR","level":"country","countryCode":"tr","countryName":"Turkey","nameZh":"Turkey","nameEn":"Turkey","source":"Natural Earth Admin 1 States/Provinces dissolved to countries + Footprint policy overrides","sourceVersion":"5.1.1","sourceYear":2022,"license":"Public Domain","boundaryPolicy":"de facto","mapCluster":"global-country","sourceSimplification":"2%","sourceMapshaperPackage":"mapshaper@0.7.47","sourceComponentCountryIds":["TR"],"sourceComponentRegionIds":["TR-01","TR-02","TR-03","TR-04","TR-05","TR-06","TR-07","TR-08","TR-09","TR-10","TR-11","TR-12","TR-13","TR-14","TR-15","TR-16","TR-17","TR-18","TR-19","TR-20","TR-21","TR-22","TR-23","TR-24","TR-25","TR-26","TR-27","TR-28","TR-29","TR-30","TR-31","TR-32","TR-33","TR-34","TR-35","TR-36","TR-37","TR-38","TR-39","TR-40","TR-41","TR-42","TR-43","TR-44","TR-45","TR-46","TR-47","TR-48","TR-49","TR-50","TR-51","TR-52","TR-53","TR-54","TR-55","TR-56","TR-57","TR-58","TR-59","TR-60","TR-61","TR-62","TR-63","TR-64","TR-65","TR-66","TR-67","TR-68","TR-69","TR-70","TR-71","TR-72","TR-73","TR-74","TR-75","TR-76","TR-77","TR-78","TR-79","TR-80","TR-81"]},"geometry":{"type":"MultiPolygon","coordinates":[[[[35.93252,36.87299],[36.18914,36.60399],[35.78875,36.32026],[35.91131,35.91775],[36.15531,35.82223],[36.3605,36.18167],[36.64876,36.30572],[36.53547,36.494],[36.65956,36.82724],[37.01452,36.64226],[37.52214,36.6736],[38.02601,36.83501],[38.63519,36.74404],[39.44171,36.69237],[40.26141,36.92278],[40.70897,37.10048],[41.47977,37.07557],[41.89637,37.15428],[42.35724,37.10998],[42.77158,37.3749],[43.36251,37.30391],[44.06902,37.31373],[44.23428,36.98366],[44.76614,37.14192],[44.56594,37.44717],[44.59612,37.71638],[44.20501,37.90477],[44.275,38.84357],[44.0474,39.33751],[44.45825,39.64252],[44.80699,39.6399],[44.77456,39.7028],[44.38093,40.0098],[43.66543,40.11016],[43.69035,40.24044],[43.62446,40.41114],[43.72935,40.6771],[43.44043,41.10659],[42.58665,41.57911],[42.45103,41.43137],[41.52076,41.51423],[41.19975,41.30126],[40.35229,40.9941],[40.14275,40.9228],[39.14832,41.07246],[38.71762,40.95478],[38.1142,40.95816],[37.65504,41.11762],[37.15174,41.14679],[36.61988,41.37507],[36.45102,41.24042],[35.89381,41.70746],[35.50012,41.6416],[35.1045,42.02188],[34.21613,41.96014],[33.32447,42.01903],[32.79851,41.85969],[32.13413,41.59943],[31.40358,41.31647],[31.34642,41.15073],[30.95587,41.0824],[30.42929,41.17056],[29.88461,41.14899],[29.23178,41.24071],[29.25367,40.87547],[29.42842,40.69088],[28.98032,40.46454],[28.20807,40.39931],[27.57218,40.31567],[27.3034,40.45844],[26.73561,40.40355],[26.1526,39.94261],[26.15284,39.45921],[26.66724,39.55085],[26.77871,39.17004],[26.71909,38.72093],[26.93865,38.43423],[26.76026,38.21674],[27.2618,37.88844],[27.40345,37.41258],[27.26319,36.96336],[27.98658,37.03514],[28.1115,36.60419],[28.42482,36.82909],[29.09636,36.66523],[29.2612,36.29358],[29.66822,36.14378],[30.25457,36.30829],[30.44077,36.23933],[30.68653,36.89118],[31.34083,36.80858],[32.02605,36.54344],[32.57179,36.09398],[33.5442,36.14448],[34.07732,36.41389],[34.5547,36.76765],[34.93328,36.72748],[35.34799,36.54438],[35.93252,36.87299]]],[[[26.96354,40.56102],[27.52418,40.9892],[28.17473,41.08084],[28.98194,41.00165],[28.90846,41.26655],[28.20302,41.54017],[28.01677,41.97256],[27.53318,41.90806],[27.0479,42.08292],[26.8379,41.97522],[26.55289,41.88164],[26.33336,41.71304],[26.6366,41.37846],[26.3317,41.25412],[26.35909,40.96468],[26.04396,40.73847],[26.78052,40.65937],[26.96354,40.56102]]]]}},{"type":"Feature","properties":{"id":"tt","country_id":"TT","level":"country","countryCode":"tt","countryName":"Trinidad and Tobago","nameZh":"Trinidad and Tobago","nameEn":"Trinidad and Tobago","source":"Natural Earth Admin 1 States/Provinces dissolved to countries + Footprint policy overrides","sourceVersion":"5.1.1","sourceYear":2022,"license":"Public Domain","boundaryPolicy":"de facto","mapCluster":"global-country","sourceSimplification":"2%","sourceMapshaperPackage":"mapshaper@0.7.47","sourceComponentCountryIds":["TT"],"sourceComponentRegionIds":["TT-ARI","TT-CHA","TT-CTT","TT-DMN","TT-ETO","TT-PED","TT-POS","TT-PRT","TT-PTF","TT-RCM","TT-SFO","TT-SGE","TT-SIP","TT-SJL","TT-TUP","TT-WTO"]},"geometry":{"type":"MultiPolygon","coordinates":[[[[-61.46229,10.52261],[-61.45965,10.30971],[-61.48991,10.2493],[-61.52079,10.24015],[-61.63931,10.21007],[-61.70739,10.16588],[-61.63703,10.05781],[-61.50415,10.06952],[-61.37909,10.07283],[-61.17766,10.07518],[-61.03844,10.46365],[-61.17158,10.80394],[-61.35261,10.80411],[-61.4901,10.75462],[-61.54908,10.66706],[-61.49571,10.63564],[-61.46223,10.53812],[-61.46229,10.52261]]],[[[-60.65471,11.30798],[-60.79434,11.21662],[-60.80333,11.14326],[-60.64712,11.20417],[-60.53303,11.26651],[-60.52306,11.34365],[-60.65471,11.30798]]]]}},{"type":"Feature","properties":{"id":"tv","country_id":"TV","level":"country","countryCode":"tv","countryName":"Tuvalu","nameZh":"Tuvalu","nameEn":"Tuvalu","source":"Natural Earth Admin 1 States/Provinces dissolved to countries + Footprint policy overrides","sourceVersion":"5.1.1","sourceYear":2022,"license":"Public Domain","boundaryPolicy":"de facto","mapCluster":"global-country","sourceSimplification":"2%","sourceMapshaperPackage":"mapshaper@0.7.47","sourceComponentCountryIds":["TV"],"sourceComponentRegionIds":["TV-X01~"]},"geometry":{"type":"Polygon","coordinates":[[[179.19125,-8.54209],[179.21754,-8.5206],[179.20411,-8.51898],[179.19125,-8.54209]]]}},{"type":"Feature","properties":{"id":"tz","country_id":"TZ","level":"country","countryCode":"tz","countryName":"United Republic of Tanzania","nameZh":"United Republic of Tanzania","nameEn":"United Republic of Tanzania","source":"Natural Earth Admin 1 States/Provinces dissolved to countries + Footprint policy overrides","sourceVersion":"5.1.1","sourceYear":2022,"license":"Public Domain","boundaryPolicy":"de facto","mapCluster":"global-country","sourceSimplification":"2%","sourceMapshaperPackage":"mapshaper@0.7.47","sourceComponentCountryIds":["TZ"],"sourceComponentRegionIds":["TZ-01","TZ-02","TZ-03","TZ-04","TZ-05","TZ-06","TZ-07","TZ-08","TZ-09","TZ-10","TZ-11","TZ-12","TZ-13","TZ-14","TZ-15","TZ-16","TZ-17","TZ-18","TZ-19","TZ-20","TZ-21","TZ-22","TZ-23","TZ-24","TZ-25","TZ-26","TZ-27","TZ-28","TZ-29","TZ-30"]},"geometry":{"type":"MultiPolygon","coordinates":[[[[35.24637,-1.70682],[34.71889,-1.41241],[33.90421,-1.00257],[33.63178,-1.00257],[33.42641,-1.00257],[32.84723,-1.00257],[32.72227,-1.00257],[31.98619,-1.00257],[31.28049,-1.00257],[30.47179,-1.06684],[30.55532,-1.31842],[30.83102,-1.59417],[30.83438,-2.34533],[30.5546,-2.40063],[30.416,-2.64557],[30.48833,-2.94316],[30.81881,-2.9905],[30.61025,-3.37636],[30.37307,-3.70434],[30.17585,-4.03999],[29.72829,-4.46159],[29.40418,-4.4498],[29.34279,-4.99995],[29.59352,-5.62033],[29.47611,-6.00211],[29.73863,-6.65241],[29.96911,-6.80304],[30.29446,-7.14943],[30.44163,-7.59633],[30.75211,-8.19412],[30.95954,-8.55048],[31.35331,-8.58717],[31.67267,-8.91305],[32.14557,-9.07027],[32.23145,-9.13381],[32.92086,-9.4079],[33.65014,-9.6109],[34.07849,-9.51019],[34.4833,-9.94616],[34.58009,-10.53184],[34.62086,-10.58242],[34.61784,-10.96574],[34.62107,-11.11973],[34.96461,-11.57356],[35.65481,-11.57831],[35.82637,-11.41346],[36.19968,-11.70151],[37.04438,-11.59567],[37.42782,-11.72259],[37.78367,-11.55888],[38.09336,-11.25631],[38.49225,-11.41346],[38.89626,-11.16769],[39.28662,-11.15415],[40.00813,-10.81112],[40.43686,-10.47479],[40.23211,-10.20045],[39.9764,-10.17829],[39.77947,-9.93011],[39.64381,-9.18906],[39.49334,-9.07952],[39.28467,-8.31861],[39.45436,-8.01043],[39.29623,-7.68841],[39.43474,-7.18174],[39.46453,-6.85768],[39.12916,-6.56194],[38.85222,-6.34873],[38.8003,-5.96309],[39.13868,-5.1032],[39.1906,-4.6775],[38.41617,-4.11998],[37.77096,-3.65543],[37.59029,-3.40408],[37.68,-3.19215],[37.42421,-2.92275],[35.24637,-1.70682]]],[[[39.74252,-5.1618],[39.64308,-5.414],[39.79607,-5.40683],[39.8559,-5.18232],[39.80592,-4.96087],[39.67726,-4.94508],[39.74252,-5.1618]]],[[[39.19794,-6.03359],[39.30812,-6.2457],[39.39068,-6.00041],[39.19794,-6.03359]]]]}},{"type":"Feature","properties":{"id":"ua","country_id":"UA","level":"country","countryCode":"ua","countryName":"Ukraine","nameZh":"Ukraine","nameEn":"Ukraine","source":"Natural Earth Admin 1 States/Provinces dissolved to countries + Footprint policy overrides","sourceVersion":"5.1.1","sourceYear":2022,"license":"Public Domain","boundaryPolicy":"de facto","mapCluster":"global-country","sourceSimplification":"2%","sourceMapshaperPackage":"mapshaper@0.7.47","sourceComponentCountryIds":["UA"],"sourceComponentRegionIds":["UA-05","UA-07","UA-09","UA-12","UA-14","UA-18","UA-21","UA-23","UA-26","UA-30","UA-32","UA-35","UA-46","UA-48","UA-51","UA-53","UA-56","UA-59","UA-61","UA-63","UA-65","UA-68","UA-71","UA-74","UA-77"]},"geometry":{"type":"Polygon","coordinates":[[[28.86209,48.0005],[28.93609,47.94216],[29.23861,47.756],[29.13719,47.48401],[29.37088,47.30443],[29.56063,46.96126],[29.93066,46.80309],[29.89883,46.55313],[29.45672,46.48437],[29.18306,46.53804],[29.05591,46.49874],[28.9841,46.22121],[28.93196,45.99316],[28.56353,45.73549],[28.50374,45.5661],[28.27042,45.52147],[28.1995,45.46177],[28.21515,45.45037],[28.71006,45.22696],[29.32212,45.44384],[29.65903,45.21589],[29.96852,45.83893],[30.49415,46.08047],[30.75489,46.51586],[31.18686,46.62914],[31.9649,46.7221],[31.85174,46.52196],[31.81629,46.48301],[32.26246,46.12824],[33.62852,46.12494],[33.84622,46.19571],[34.68864,45.97402],[35.00189,45.729],[34.81129,46.16625],[35.10506,46.29506],[35.2648,46.2605],[35.27954,46.25515],[35.90162,46.65274],[37.03776,46.87666],[37.58074,47.0904],[38.21664,47.10326],[38.35294,47.6071],[39.03618,47.857],[39.75905,47.83295],[39.99325,48.27323],[39.75874,48.89541],[40.14166,49.24578],[40.1185,49.58845],[39.80153,49.5422],[39.18101,49.85949],[38.34415,49.99209],[38.02292,49.90914],[37.43526,50.42493],[36.68265,50.26065],[36.10584,50.42111],[35.69221,50.34417],[35.42526,50.50048],[35.28222,50.96111],[34.28032,51.36126],[34.12797,51.68075],[34.3711,51.82681],[33.80407,52.35461],[33.40058,52.34434],[32.52843,52.31621],[32.09559,52.04073],[31.76434,52.10057],[30.94052,52.02008],[30.66198,51.81942],[30.55466,51.24251],[30.14863,51.48443],[29.35326,51.37706],[29.04358,51.62618],[27.66615,51.49019],[27.51243,51.6231],[26.08076,51.90066],[25.5474,51.91944],[24.39079,51.88001],[23.98131,51.586],[23.60624,51.5174],[24.10817,50.63029],[23.65868,50.327],[22.64092,49.52876],[22.86501,49.01324],[22.53964,49.0722],[22.3708,48.85825],[22.13284,48.4048],[22.15826,48.40222],[22.8776,47.94674],[23.48548,47.97423],[24.56981,47.93729],[24.92886,47.71394],[24.94238,47.71556],[25.26174,47.89858],[26.10253,47.97827],[26.61789,48.25897],[27.25193,48.37831],[27.50383,48.47237],[27.88537,48.37844],[28.00318,48.32588],[28.49979,48.10891],[28.86209,48.0005]]]}},{"type":"Feature","properties":{"id":"ug","country_id":"UG","level":"country","countryCode":"ug","countryName":"Uganda","nameZh":"Uganda","nameEn":"Uganda","source":"Natural Earth Admin 1 States/Provinces dissolved to countries + Footprint policy overrides","sourceVersion":"5.1.1","sourceYear":2022,"license":"Public Domain","boundaryPolicy":"de facto","mapCluster":"global-country","sourceSimplification":"2%","sourceMapshaperPackage":"mapshaper@0.7.47","sourceComponentCountryIds":["UG"],"sourceComponentRegionIds":["UG-101","UG-102","UG-103","UG-104","UG-105","UG-106","UG-107","UG-108","UG-109","UG-110","UG-111","UG-112","UG-113","UG-114","UG-115","UG-116","UG-117","UG-118","UG-119","UG-120","UG-121","UG-122","UG-123","UG-124","UG-201","UG-202","UG-203","UG-204","UG-205","UG-206","UG-207","UG-208","UG-209","UG-210","UG-211","UG-212","UG-213","UG-214","UG-215","UG-216","UG-217","UG-218","UG-219","UG-220","UG-221","UG-222","UG-223","UG-224","UG-225","UG-226","UG-227","UG-228","UG-229","UG-230","UG-231","UG-232","UG-301","UG-302","UG-303","UG-304","UG-305","UG-306","UG-307","UG-308","UG-309","UG-310","UG-311","UG-312","UG-313","UG-314","UG-315","UG-316","UG-317","UG-318","UG-319","UG-320","UG-321","UG-322","UG-323","UG-324","UG-325","UG-326","UG-327","UG-328","UG-329","UG-330","UG-331","UG-401","UG-402","UG-403","UG-404","UG-405","UG-406","UG-407","UG-408","UG-409","UG-410","UG-411","UG-412","UG-413","UG-414","UG-415","UG-416","UG-417","UG-419","UG-420","UG-421","UG-422","UG-423","UG-424","UG-425"]},"geometry":{"type":"Polygon","coordinates":[[[32.72227,-1.00257],[32.84723,-1.00257],[33.42641,-1.00257],[33.63178,-1.00257],[33.90421,-1.00257],[33.95248,-0.1157],[33.96027,0.19868],[34.13159,0.56943],[34.29625,0.74675],[34.46335,0.99999],[34.50748,1.10252],[34.56006,1.09315],[34.56688,1.10302],[34.78075,1.37179],[34.97867,1.67595],[34.92234,2.21072],[34.92358,2.47732],[34.54556,3.0975],[34.27887,3.70972],[33.97708,4.21969],[33.52772,3.77143],[33.26369,3.75367],[33.01724,3.87718],[32.3718,3.73107],[32.17593,3.52723],[32.05423,3.55957],[32.02224,3.58642],[31.80111,3.80647],[31.61394,3.69701],[31.06868,3.73174],[30.83954,3.4902],[30.90493,3.38604],[30.76342,3.12344],[30.77078,2.67585],[30.96801,2.40544],[31.2801,2.15144],[31.07554,1.84065],[30.5537,1.33563],[30.18348,0.9546],[29.98219,0.84902],[29.90391,0.43823],[29.83263,0.33698],[29.68126,-0.1379],[29.64386,-0.35799],[29.62938,-0.4424],[29.55152,-0.99031],[29.57792,-1.38839],[29.82502,-1.32388],[30.06598,-1.38694],[30.29095,-1.15262],[30.46083,-1.06343],[30.47179,-1.06684],[31.28049,-1.00257],[31.98619,-1.00257],[32.72227,-1.00257]]]}},{"type":"Feature","properties":{"id":"um","country_id":"UM","level":"country","countryCode":"um","countryName":"United States Minor Outlying Islands","nameZh":"United States Minor Outlying Islands","nameEn":"United States Minor Outlying Islands","source":"Natural Earth Admin 1 States/Provinces dissolved to countries + Footprint policy overrides","sourceVersion":"5.1.1","sourceYear":2022,"license":"Public Domain","boundaryPolicy":"de facto","mapCluster":"global-country","sourceSimplification":"2%","sourceMapshaperPackage":"mapshaper@0.7.47","sourceComponentCountryIds":["UM"],"sourceComponentRegionIds":["UM-67","UM-71","UM-76","UM-79","UM-81","UM-84","UM-86","UM-95"]},"geometry":{"type":"MultiPolygon","coordinates":[[[[-162.06086,5.88719],[-162.08731,5.88386],[-162.09114,5.87165],[-162.06111,5.87344],[-162.06086,5.88719]]],[[[-75.02432,18.41726],[-75.01781,18.39667],[-75.00316,18.39773],[-75.00699,18.41515],[-75.02432,18.41726]]],[[[-160.02998,-0.37615],[-160.02477,-0.38877],[-160.01244,-0.38209],[-160.0089,-0.37249],[-160.02998,-0.37615]]],[[[166.6194,19.28164],[166.64422,19.27558],[166.63819,19.28644],[166.6194,19.28164]]],[[[-177.35766,28.21442],[-177.378,28.21284],[-177.37218,28.20234],[-177.35766,28.21442]]],[[[-169.53234,16.73306],[-169.54768,16.72736],[-169.5417,16.72191],[-169.53234,16.73306]]],[[[-176.48583,0.19652],[-176.47932,0.19033],[-176.47688,0.19746],[-176.48583,0.19652]]],[[[-176.63618,0.79019],[-176.6361,0.80341],[-176.64049,0.80199],[-176.63618,0.79019]]]]}},{"type":"Feature","properties":{"id":"us","country_id":"US","level":"country","countryCode":"us","countryName":"United States of America","nameZh":"United States of America","nameEn":"United States of America","source":"Natural Earth Admin 1 States/Provinces dissolved to countries + Footprint policy overrides","sourceVersion":"5.1.1","sourceYear":2022,"license":"Public Domain","boundaryPolicy":"de facto","mapCluster":"global-country","sourceSimplification":"2%","sourceMapshaperPackage":"mapshaper@0.7.47","sourceComponentCountryIds":["US"],"sourceComponentRegionIds":["US-AK","US-AL","US-AR","US-AZ","US-CA","US-CO","US-CT","US-DC","US-DE","US-FL","US-GA","US-HI","US-IA","US-ID","US-IL","US-IN","US-KS","US-KY","US-LA","US-MA","US-MD","US-ME","US-MI","US-MN","US-MO","US-MS","US-MT","US-NC","US-ND","US-NE","US-NH","US-NJ","US-NM","US-NV","US-NY","US-OH","US-OK","US-OR","US-PA","US-RI","US-SC","US-SD","US-TN","US-TX","US-UT","US-VA","US-VT","US-WA","US-WI","US-WV","US-WY"]},"geometry":{"type":"MultiPolygon","coordinates":[[[[-87.41958,30.4796],[-87.44734,30.31314],[-87.44629,30.29822],[-87.15681,30.47451],[-86.36482,30.38076],[-85.67089,30.12295],[-85.30785,29.69343],[-84.88663,29.73005],[-84.26964,30.09268],[-83.68057,29.92129],[-83.40477,29.53168],[-82.6444,28.90038],[-82.66421,28.44794],[-82.8424,27.82852],[-82.31383,26.84935],[-81.85595,26.44888],[-81.80089,26.09862],[-81.32169,25.7827],[-81.08654,25.12141],[-80.42691,25.22175],[-80.12926,25.88788],[-80.03824,26.81118],[-80.38097,27.66608],[-80.73827,28.37348],[-80.60945,28.61017],[-80.92211,29.0683],[-81.25585,29.78946],[-81.50003,30.71218],[-81.3639,31.41583],[-80.89029,32.03266],[-80.00512,32.61156],[-79.20295,33.19294],[-78.93798,33.64208],[-78.57316,33.8826],[-77.91112,33.95816],[-77.83267,34.20702],[-77.20153,34.6507],[-76.65819,34.72187],[-76.44249,35.404],[-76.15038,35.34715],[-75.72183,35.82917],[-76.19542,35.99364],[-75.91637,36.40266],[-76.03173,36.55028],[-76.01325,36.55016],[-75.97289,36.4997],[-75.90897,36.54942],[-75.94298,36.54963],[-75.96692,36.54981],[-75.96272,36.7093],[-75.92789,36.7062],[-75.88065,36.54926],[-75.8531,36.54903],[-75.98893,36.91196],[-76.2689,36.96142],[-76.3785,37.27233],[-76.24791,37.90347],[-77.32659,38.45093],[-77.06833,38.90194],[-77.02293,38.80277],[-77.26704,38.49408],[-76.92217,38.29159],[-76.32051,38.13878],[-76.55167,38.77558],[-76.17496,39.31623],[-76.14538,38.66503],[-76.2211,38.3439],[-75.64786,37.96572],[-75.37738,38.0152],[-75.08389,38.4536],[-75.05773,38.45344],[-75.04398,38.4538],[-75.39379,39.05555],[-75.60521,39.61669],[-75.42446,39.80661],[-75.02359,40.0163],[-75.44017,39.777],[-75.53161,39.47797],[-75.15933,39.19864],[-74.74572,39.05451],[-74.16755,39.69937],[-73.97239,40.32765],[-74.28269,40.49732],[-73.90713,40.99079],[-73.64286,41.00107],[-72.77945,41.27017],[-71.86042,41.3205],[-71.49771,41.36628],[-71.23686,41.70956],[-71.19396,41.67686],[-71.1219,41.51301],[-70.53311,41.81623],[-70.8614,42.54694],[-70.81428,42.8773],[-70.74409,43.08381],[-70.23913,43.70006],[-69.98583,43.86278],[-69.26342,43.92992],[-68.9866,44.42117],[-68.75621,44.33446],[-68.26981,44.48607],[-67.89961,44.42211],[-66.97732,44.81554],[-67.17601,45.17866],[-67.47502,45.28235],[-67.44996,45.61081],[-67.77284,45.82806],[-67.80518,47.03563],[-68.19705,47.3414],[-68.90623,47.19022],[-69.06356,47.29081],[-69.26763,47.43984],[-70.00776,46.70408],[-70.31136,46.07187],[-70.26253,45.92304],[-70.72284,45.47092],[-71.08495,45.30429],[-71.50585,45.01373],[-73.35134,45.00463],[-74.71296,44.99925],[-75.27023,44.86377],[-76.45463,44.08424],[-76.84153,43.6255],[-78.68809,43.63181],[-79.17431,43.46453],[-79.01938,42.80269],[-79.76301,42.5377],[-80.52023,42.32378],[-81.27666,42.20867],[-82.42486,41.67681],[-82.71112,41.68025],[-83.13086,41.93803],[-83.12851,42.23996],[-82.51126,42.64667],[-82.15361,43.54959],[-82.53214,45.29352],[-83.48397,45.77194],[-83.61388,46.11564],[-83.9473,46.0606],[-84.15881,46.43334],[-84.58941,46.47512],[-84.87869,46.89791],[-86.63706,47.62412],[-88.34726,48.29866],[-89.49896,47.99509],[-90.17863,48.11644],[-91.42793,48.03645],[-92.6486,48.53626],[-94.59285,48.72643],[-94.82726,49.29286],[-95.16057,49.36949],[-95.17711,48.99267],[-97.22609,48.99267],[-99.7931,48.99267],[-101.36434,48.99267],[-104.04757,48.99262],[-106.60718,48.99262],[-109.99932,48.99262],[-111.44288,48.99262],[-114.06384,48.99251],[-116.04816,48.99251],[-117.03815,48.99251],[-119.35604,48.99251],[-122.75302,48.99251],[-122.4403,48.58072],[-122.32042,47.94208],[-122.79198,48.08291],[-124.05018,48.17726],[-124.57489,48.37041],[-124.73461,48.1704],[-124.42276,47.74189],[-124.17189,47.04195],[-123.69297,46.3052],[-123.18009,46.1791],[-123.86693,46.15986],[-123.9711,45.15371],[-124.15103,43.88174],[-124.54772,42.84545],[-124.43281,42.32931],[-124.21452,41.99954],[-124.06216,41.43588],[-124.36351,40.26148],[-123.85402,39.83351],[-123.82492,39.3473],[-123.64831,38.84953],[-122.97454,38.26619],[-122.92111,38.03487],[-122.14631,37.57897],[-122.52047,37.53142],[-122.40446,37.19453],[-121.78981,36.8062],[-121.89563,36.31393],[-121.48998,35.98225],[-121.26915,35.66421],[-120.64489,35.13939],[-120.64783,34.58568],[-120.47268,34.45027],[-119.61716,34.42053],[-118.93681,34.0432],[-118.54406,34.03889],[-117.50884,33.33521],[-117.32216,33.1085],[-117.12512,32.53167],[-114.72428,32.71284],[-114.81937,32.49936],[-112.32472,31.72799],[-111.06712,31.33364],[-109.04743,31.32739],[-108.96828,31.32739],[-108.21481,31.32744],[-108.21512,31.77775],[-106.50605,31.77026],[-105.36377,30.85037],[-105.0085,30.67699],[-104.68156,30.19294],[-104.53082,29.66791],[-104.05731,29.33904],[-103.31151,29.02604],[-103.14799,28.98511],[-102.68347,29.74372],[-102.30217,29.88939],[-101.40931,29.76578],[-100.66897,29.11621],[-100.28434,28.29652],[-99.80696,27.77142],[-99.71067,27.67012],[-99.5072,27.57377],[-99.46173,27.05695],[-99.24828,26.8271],[-99.0855,26.40764],[-98.79585,26.36831],[-98.22266,26.07541],[-97.67961,26.03464],[-97.42542,25.85486],[-97.13927,25.96581],[-97.31054,26.12328],[-97.5502,27.00918],[-97.18407,27.83662],[-97.02497,28.04145],[-96.2049,28.58666],[-95.60192,28.76386],[-95.15892,29.04572],[-94.88882,29.37596],[-94.06013,29.68183],[-93.79842,29.98561],[-93.73938,29.73725],[-93.19959,29.77281],[-92.27649,29.53384],[-91.98445,29.83198],[-91.68468,29.75312],[-91.22859,29.23859],[-90.70592,29.11953],[-90.562,29.30073],[-90.08023,29.17471],[-89.9077,29.47704],[-89.18814,29.03046],[-89.02318,29.14741],[-89.66837,29.5218],[-89.45678,29.82925],[-89.83894,29.99535],[-90.3391,30.06607],[-90.2224,30.3876],[-89.52599,30.19278],[-88.92764,30.44221],[-88.40221,30.38783],[-87.91657,30.42333],[-87.59016,30.27538],[-87.41958,30.4796]]],[[[-139.06021,60.00006],[-139.10161,60.3466],[-140.01579,60.18739],[-141.00116,60.32107],[-141.00229,62.65359],[-141.00315,64.54867],[-141.00423,66.88114],[-141.00501,68.48471],[-141.00556,69.65095],[-142.2709,69.85602],[-143.23567,70.11823],[-144.94156,69.97797],[-145.8802,70.17495],[-147.12369,70.16755],[-149.34447,70.51008],[-151.97969,70.44872],[-152.54585,70.88752],[-154.53881,70.82616],[-156.81721,71.30634],[-158.04304,70.83686],[-159.3568,70.7602],[-160.86067,70.34732],[-162.01496,70.27733],[-162.94978,69.79047],[-163.15575,69.35936],[-164.34642,68.92939],[-166.23677,68.87482],[-166.54817,68.35883],[-164.15148,67.61961],[-163.6883,67.10322],[-162.4355,66.99103],[-161.60717,66.45392],[-161.91564,66.04243],[-163.68049,66.0786],[-163.9864,66.61225],[-164.71809,66.55634],[-167.34594,65.89859],[-168.081,65.5915],[-167.39855,65.40108],[-166.31013,65.31219],[-166.74951,65.06201],[-166.18969,64.58519],[-165.03551,64.44831],[-164.34187,64.59003],[-162.60717,64.50678],[-162.08088,64.7211],[-161.42219,64.77436],[-161.03502,64.50776],[-160.79157,63.74653],[-161.18627,63.50556],[-162.08698,63.45234],[-163.09398,63.05736],[-164.14538,63.26215],[-164.57909,63.14057],[-165.13305,62.51569],[-165.70556,62.1166],[-165.60908,61.8513],[-166.19994,61.59455],[-164.66914,60.82575],[-165.31428,60.58088],[-164.98896,60.34138],[-163.61494,59.80085],[-162.52583,59.9975],[-161.71394,59.50137],[-161.97411,59.13142],[-161.71738,58.75484],[-161.35747,58.72625],[-160.35217,59.07066],[-159.91148,58.7758],[-159.38495,58.75582],[-159.05126,58.42471],[-157.08446,58.88666],[-157.50267,58.46369],[-157.70967,57.56867],[-158.31245,57.31489],[-158.94502,56.84292],[-160.36872,56.27684],[-160.52074,55.93521],[-161.82628,55.87987],[-162.227,55.6979],[-163.04113,55.09935],[-162.87763,54.93895],[-161.95661,55.12572],[-161.6208,55.61298],[-161.27916,55.35489],[-160.47753,55.49461],[-159.62523,55.81269],[-158.31831,56.17471],[-158.35505,56.47114],[-157.1894,56.77627],[-156.34602,57.1778],[-156.33886,57.41543],[-155.3944,57.72573],[-155.02314,58.02558],[-154.16572,58.21678],[-153.8994,58.61669],[-153.33161,58.93378],[-154.19835,59.07697],[-154.07636,59.38117],[-152.7379,59.90839],[-152.34008,60.47614],[-151.74694,60.91682],[-150.63362,61.29865],[-150.4525,61.03425],[-151.07148,60.78535],[-151.46544,60.18769],[-151.88288,59.78653],[-151.2733,59.55996],[-151.89403,59.41283],[-151.74153,59.16714],[-150.32624,59.47598],[-149.34114,60.02241],[-148.40197,59.99136],[-147.94188,60.44306],[-148.30647,60.8957],[-147.36461,60.89126],[-146.81554,61.03181],[-146.51146,60.81859],[-145.69176,60.65668],[-145.93875,60.45607],[-144.91454,60.38117],[-143.91861,59.99702],[-142.79849,60.11237],[-140.32274,59.70124],[-138.18489,59.02558],[-137.51854,58.56476],[-136.59838,58.22305],[-135.84114,58.52839],[-135.05285,58.30927],[-134.49795,58.35395],[-133.57287,57.71605],[-133.39147,57.33515],[-131.9713,56.35643],[-131.94351,56.0069],[-131.41438,56.0102],[-131.16519,55.94058],[-130.88988,55.71528],[-131.05761,55.19868],[-130.93423,54.82445],[-130.36539,54.90729],[-129.98925,55.284],[-130.17365,55.7495],[-130.01962,55.90795],[-130.07154,56.08412],[-131.10055,56.40767],[-132.10738,56.85875],[-132.03186,57.02841],[-132.55245,57.49908],[-133.46309,58.46222],[-134.22219,58.84271],[-135.09575,59.41885],[-135.48276,59.79248],[-136.2585,59.62158],[-136.46655,59.2878],[-137.42311,58.90772],[-137.61136,59.23933],[-139.06021,60.00006]]],[[[-152.16088,57.62714],[-152.48632,57.91071],[-153.19188,57.80524],[-153.92463,57.81049],[-154.81001,57.34658],[-154.52855,56.99164],[-153.96251,56.74824],[-153.25329,57.23672],[-152.69221,57.28327],[-152.16088,57.62714]]],[[[-131.97671,54.83153],[-131.99429,55.26813],[-132.73644,55.99657],[-133.06281,56.05231],[-133.38524,55.7093],[-133.0631,55.62348],[-133.21296,55.2792],[-131.97671,54.83153]]],[[[-168.74071,63.28099],[-169.54951,63.36294],[-170.29735,63.69554],[-170.85615,63.46035],[-169.71618,63.02485],[-168.74071,63.28099]]],[[[-135.84797,57.39435],[-134.81387,57.49746],[-134.92479,58.02749],[-135.81355,58.27436],[-136.40526,58.13394],[-136.39485,57.88569],[-135.84797,57.39435]]],[[[-134.62149,56.74384],[-134.99478,57.39777],[-135.67321,57.34968],[-135.31029,57.04735],[-135.36754,56.82892],[-134.62637,56.26146],[-134.62149,56.74384]]],[[[-154.89962,19.56702],[-155.33231,20.04672],[-155.82408,20.02009],[-156.06016,19.73122],[-155.88553,19.33416],[-155.87813,19.02907],[-154.9823,19.33924],[-154.89962,19.56702]]],[[[-163.07384,54.68757],[-163.57164,55.05703],[-164.54735,54.88276],[-164.84529,54.42349],[-164.13268,54.62324],[-163.07384,54.68757]]],[[[-71.91893,41.06489],[-73.48569,40.94563],[-73.9086,40.78868],[-73.70734,40.58279],[-72.60528,40.80133],[-71.91893,41.06489]]],[[[-165.5821,59.951],[-165.68444,60.29979],[-166.45922,60.38715],[-167.18981,60.02778],[-166.24401,59.80785],[-165.5821,59.951]]],[[[-134.35399,57.09272],[-133.86498,57.35513],[-134.31225,57.97944],[-134.65355,57.59821],[-134.35399,57.09272]]],[[[-130.9619,55.58511],[-131.28026,55.96516],[-131.67064,55.8395],[-131.81029,55.47663],[-131.19201,55.18574],[-130.9619,55.58511]]],[[[-133.91267,57.08275],[-133.65941,56.46418],[-133.14794,56.4621],[-132.98038,56.93504],[-133.91267,57.08275]]],[[[-166.2943,53.72797],[-166.7539,54.01602],[-167.1634,53.85737],[-166.65636,53.50239],[-166.2943,53.72797]]],[[[-151.96601,58.33283],[-153.0417,58.30557],[-152.80492,57.99152],[-151.96601,58.33283]]],[[[-157.70682,21.352],[-157.96243,21.70501],[-158.2276,21.48305],[-158.09431,21.29361],[-157.70682,21.352]]],[[[-156.0017,20.80044],[-156.48167,20.9044],[-156.40765,20.58721],[-156.0017,20.80044]]]]}},{"type":"Feature","properties":{"id":"usg","country_id":"USG","level":"country","countryCode":"usg","countryName":"US Naval Base Guantanamo Bay","nameZh":"关塔那摩湾海军基地","nameEn":"Guantanamo Bay Naval Base","source":"Natural Earth Admin 0 Countries","sourceVersion":"5.1.1","sourceYear":2022,"license":"Public Domain","boundaryPolicy":"de facto","mapCluster":"global-country","sourceSimplification":"2%","sourceMapshaperPackage":"mapshaper@0.7.47","sourceComponentCountryIds":["USG"],"sourceComponentRegionIds":[]},"geometry":{"type":"Polygon","coordinates":[[[-75.09501,19.89723],[-75.13704,19.97155],[-75.16438,19.91372],[-75.09501,19.89723]]]}},{"type":"Feature","properties":{"id":"uy","country_id":"UY","level":"country","countryCode":"uy","countryName":"Uruguay","nameZh":"Uruguay","nameEn":"Uruguay","source":"Natural Earth Admin 1 States/Provinces dissolved to countries + Footprint policy overrides","sourceVersion":"5.1.1","sourceYear":2022,"license":"Public Domain","boundaryPolicy":"de facto","mapCluster":"global-country","sourceSimplification":"2%","sourceMapshaperPackage":"mapshaper@0.7.47","sourceComponentCountryIds":["UY"],"sourceComponentRegionIds":["UY-AR","UY-CA","UY-CL","UY-CO","UY-DU","UY-FD","UY-FS","UY-LA","UY-MA","UY-MO","UY-PA","UY-RN","UY-RO","UY-RV","UY-SA","UY-SJ","UY-SO","UY-TA","UY-TT"]},"geometry":{"type":"Polygon","coordinates":[[[-57.7994,-30.79146],[-58.03898,-31.50864],[-58.16862,-31.84601],[-58.20012,-32.4472],[-58.19146,-32.49189],[-58.04849,-32.91172],[-58.17443,-33.11045],[-58.36693,-33.15374],[-58.39152,-33.42445],[-58.41562,-33.87562],[-57.82251,-34.47511],[-57.16748,-34.44825],[-56.79529,-34.69849],[-56.36459,-34.79353],[-56.03839,-34.8858],[-55.37376,-34.80287],[-54.93932,-34.9699],[-54.53079,-34.8069],[-53.76488,-34.39039],[-53.37909,-33.74068],[-53.53965,-33.64926],[-53.52066,-33.12498],[-53.18284,-32.7999],[-53.64868,-32.33865],[-53.77183,-32.04709],[-54.46722,-31.66424],[-54.59152,-31.47105],[-55.25998,-31.22869],[-55.59187,-30.84835],[-56.00987,-31.08195],[-56.01702,-31.0743],[-56.01136,-30.79822],[-56.83128,-30.10204],[-57.2126,-30.28735],[-57.60279,-30.19052],[-57.64247,-30.19309],[-57.84962,-30.48527],[-57.80866,-30.74733],[-57.7994,-30.79146]]]}},{"type":"Feature","properties":{"id":"uz","country_id":"UZ","level":"country","countryCode":"uz","countryName":"Uzbekistan","nameZh":"Uzbekistan","nameEn":"Uzbekistan","source":"Natural Earth Admin 1 States/Provinces dissolved to countries + Footprint policy overrides","sourceVersion":"5.1.1","sourceYear":2022,"license":"Public Domain","boundaryPolicy":"de facto","mapCluster":"global-country","sourceSimplification":"2%","sourceMapshaperPackage":"mapshaper@0.7.47","sourceComponentCountryIds":["UZ"],"sourceComponentRegionIds":["UZ-AN","UZ-BU","UZ-FA","UZ-JI","UZ-NG","UZ-NW","UZ-QA","UZ-QR","UZ-SA","UZ-SI","UZ-SU","UZ-TK","UZ-TO","UZ-XO"]},"geometry":{"type":"Polygon","coordinates":[[[72.19549,41.00636],[72.16989,41.16865],[71.58553,41.32353],[71.27615,41.11315],[70.47078,41.40488],[70.16929,41.57834],[71.24987,42.19839],[70.94779,42.24815],[70.61024,42.02741],[70.31507,42.03459],[69.87086,41.69957],[69.04445,41.37918],[68.64952,40.95169],[68.62742,40.66713],[68.2665,40.6627],[67.93743,41.20038],[66.75789,41.15314],[66.50414,41.99348],[66.01724,41.99762],[66.01316,42.37287],[66.10127,42.99032],[65.79524,42.8772],[65.51691,43.29723],[64.95653,43.69736],[64.42674,43.54703],[63.20801,43.62747],[62.02832,43.48092],[61.16167,44.16811],[61.0363,44.38282],[59.05513,45.32402],[58.53144,45.55872],[56.70761,45.16191],[55.97842,44.99622],[55.97677,43.61638],[55.97842,41.32172],[56.53372,41.29897],[57.01019,41.25412],[56.95015,41.86605],[57.38226,42.16363],[57.85045,42.19143],[57.99773,42.49343],[58.61227,42.78085],[59.47816,42.28564],[59.86635,42.30421],[60.14114,41.87422],[60.09424,41.38952],[60.41453,41.23526],[61.00432,41.22953],[61.47008,41.29717],[61.87791,41.12498],[62.18706,40.50552],[62.45281,40.00924],[64.12061,38.96168],[64.36757,38.94037],[65.60414,38.23741],[65.87668,38.27296],[66.63652,37.96659],[66.51959,37.36418],[67.00591,37.38439],[67.23675,37.19241],[67.78054,37.18887],[67.82922,37.52794],[68.23802,37.94272],[68.36066,38.17405],[68.05515,38.53631],[68.15339,38.8994],[67.67325,39.00298],[67.3587,39.29043],[67.43648,39.4857],[67.76452,39.6226],[68.51745,39.54844],[68.64028,39.84814],[68.69654,40.11174],[68.64273,40.18369],[69.07364,40.21694],[69.43584,40.80268],[69.66012,40.63871],[70.45801,41.01574],[70.75629,40.69558],[70.35382,40.45614],[70.58182,40.22173],[70.95896,40.23837],[71.36513,40.29413],[71.67307,40.14789],[72.01324,40.26207],[72.22833,40.45961],[72.58578,40.50874],[73.13504,40.83527],[72.19549,41.00636]]]}},{"type":"Feature","properties":{"id":"va","country_id":"VA","level":"country","countryCode":"va","countryName":"Vatican","nameZh":"Vatican","nameEn":"Vatican","source":"Natural Earth Admin 1 States/Provinces dissolved to countries + Footprint policy overrides","sourceVersion":"5.1.1","sourceYear":2022,"license":"Public Domain","boundaryPolicy":"de facto","mapCluster":"global-country","sourceSimplification":"2%","sourceMapshaperPackage":"mapshaper@0.7.47","sourceComponentCountryIds":["VA"],"sourceComponentRegionIds":["VA-X01~"]},"geometry":{"type":"Polygon","coordinates":[[[12.45303,41.90391],[12.45271,41.90302],[12.45404,41.90275],[12.45398,41.90386],[12.45303,41.90391]]]}},{"type":"Feature","properties":{"id":"vc","country_id":"VC","level":"country","countryCode":"vc","countryName":"Saint Vincent and the Grenadines","nameZh":"Saint Vincent and the Grenadines","nameEn":"Saint Vincent and the Grenadines","source":"Natural Earth Admin 1 States/Provinces dissolved to countries + Footprint policy overrides","sourceVersion":"5.1.1","sourceYear":2022,"license":"Public Domain","boundaryPolicy":"de facto","mapCluster":"global-country","sourceSimplification":"2%","sourceMapshaperPackage":"mapshaper@0.7.47","sourceComponentCountryIds":["VC"],"sourceComponentRegionIds":["VC-01","VC-02","VC-03","VC-04","VC-05","VC-06"]},"geometry":{"type":"MultiPolygon","coordinates":[[[[-61.17126,13.37995],[-61.26839,13.26591],[-61.27135,13.18651],[-61.2379,13.16337],[-61.13554,13.19785],[-61.17126,13.37995]]],[[[-61.194,13.03685],[-61.24926,13.01634],[-61.22643,12.99315],[-61.194,13.03685]]]]}},{"type":"Feature","properties":{"id":"ve","country_id":"VE","level":"country","countryCode":"ve","countryName":"Venezuela","nameZh":"Venezuela","nameEn":"Venezuela","source":"Natural Earth Admin 1 States/Provinces dissolved to countries + Footprint policy overrides","sourceVersion":"5.1.1","sourceYear":2022,"license":"Public Domain","boundaryPolicy":"de facto","mapCluster":"global-country","sourceSimplification":"2%","sourceMapshaperPackage":"mapshaper@0.7.47","sourceComponentCountryIds":["VE"],"sourceComponentRegionIds":["VE-A","VE-B","VE-C","VE-D","VE-E","VE-F","VE-G","VE-H","VE-I","VE-J","VE-K","VE-L","VE-M","VE-N","VE-O","VE-P","VE-R","VE-S","VE-T","VE-U","VE-V","VE-W","VE-X","VE-Y","VE-Z"]},"geometry":{"type":"MultiPolygon","coordinates":[[[[-65.42577,10.14342],[-65.86848,10.30956],[-66.31361,10.62949],[-67.39175,10.54308],[-67.86921,10.46128],[-68.25174,10.59512],[-68.27375,10.63422],[-68.41759,11.17914],[-68.86319,11.45287],[-69.27042,11.53604],[-69.62361,11.46776],[-69.83532,12.0152],[-70.01773,12.19892],[-70.29678,11.87189],[-70.18,11.37637],[-70.8697,11.19628],[-71.28201,10.99144],[-71.45832,10.97492],[-71.52648,10.54475],[-71.06245,9.6174],[-71.05867,9.33793],[-71.21853,9.187],[-71.5148,9.04898],[-71.96752,9.49824],[-72.12438,9.82608],[-71.62955,10.45401],[-71.57628,10.7211],[-71.93932,11.38076],[-71.96052,11.59125],[-71.32751,11.85],[-71.97108,11.66192],[-72.25659,11.16779],[-72.48149,11.13253],[-72.91523,10.42817],[-72.97763,9.83806],[-73.36364,9.16503],[-73.00972,9.29538],[-72.78307,9.05994],[-72.67543,8.65151],[-72.41561,8.38269],[-72.48779,7.94918],[-72.39581,7.40749],[-72.20621,7.38188],[-71.99382,7.01285],[-71.96402,7.00592],[-71.6543,7.05337],[-71.18405,6.96257],[-70.7033,7.09993],[-70.09662,6.94444],[-69.43202,6.12224],[-69.06113,6.21784],[-68.63531,6.13588],[-67.92414,6.23456],[-67.45097,6.19804],[-67.4563,6.19322],[-67.647,5.48336],[-67.84368,5.29725],[-67.85371,4.57582],[-67.71693,4.03988],[-67.63176,3.76186],[-67.30465,3.42571],[-67.83862,2.88613],[-67.62659,2.81342],[-67.32542,2.47463],[-67.06683,1.89412],[-66.87506,1.22251],[-66.3462,0.75939],[-66.15634,0.73303],[-65.74544,0.97415],[-65.45122,0.69014],[-65.13677,1.12691],[-64.73088,1.24757],[-64.08086,1.64739],[-63.99503,1.95802],[-63.76264,1.98567],[-63.38655,2.23589],[-63.38483,2.42058],[-64.04797,2.47132],[-63.99787,2.70599],[-64.22292,3.124],[-64.20298,3.59472],[-64.6629,3.99699],[-64.64802,4.2079],[-64.1251,4.08849],[-64.06381,3.9116],[-63.4254,3.96836],[-62.99705,3.59914],[-62.74958,3.66037],[-62.76622,4.02071],[-62.38417,4.17347],[-62.19266,4.09474],[-61.5421,4.26302],[-61.29726,4.52373],[-61.01196,4.5183],[-60.61263,4.90058],[-60.73985,5.20214],[-61.37961,5.9053],[-61.12156,6.18665],[-61.20479,6.59583],[-60.42096,6.94221],[-60.34827,7.15268],[-60.64306,7.2209],[-60.73058,7.52543],[-60.50328,7.82087],[-60.268,7.92126],[-59.81559,8.28776],[-60.02099,8.55801],[-60.3719,8.6354],[-60.98477,8.57054],[-61.28405,8.3972],[-60.984,9.16739],[-60.7838,9.33861],[-61.43917,9.81841],[-61.87676,9.82368],[-62.19648,10.01968],[-62.32537,9.71885],[-62.51757,10.18415],[-62.61852,10.09162],[-62.77741,10.01846],[-63.01309,10.0974],[-62.65661,10.08218],[-62.62658,10.1308],[-62.73644,10.37849],[-62.71963,10.76],[-63.53156,10.63105],[-63.82038,10.44758],[-64.14346,10.48013],[-64.53608,10.25231],[-64.74812,10.10688],[-65.42577,10.14342]]],[[[-63.84683,11.1354],[-63.98583,11.10928],[-64.04263,10.86848],[-63.79345,11.00113],[-63.84683,11.1354]]],[[[-65.22761,10.9538],[-65.30626,10.97647],[-65.41177,10.92475],[-65.24462,10.88496],[-65.22761,10.9538]]]]}},{"type":"Feature","properties":{"id":"vg","country_id":"VG","level":"country","countryCode":"vg","countryName":"British Virgin Islands","nameZh":"British Virgin Islands","nameEn":"British Virgin Islands","source":"Natural Earth Admin 1 States/Provinces dissolved to countries + Footprint policy overrides","sourceVersion":"5.1.1","sourceYear":2022,"license":"Public Domain","boundaryPolicy":"de facto","mapCluster":"global-country","sourceSimplification":"2%","sourceMapshaperPackage":"mapshaper@0.7.47","sourceComponentCountryIds":["VG"],"sourceComponentRegionIds":["VG-X01~"]},"geometry":{"type":"Polygon","coordinates":[[[-64.63512,18.4055],[-64.58332,18.41633],[-64.56016,18.4541],[-64.66182,18.44042],[-64.63512,18.4055]]]}},{"type":"Feature","properties":{"id":"vi","country_id":"VI","level":"country","countryCode":"vi","countryName":"United States Virgin Islands","nameZh":"United States Virgin Islands","nameEn":"United States Virgin Islands","source":"Natural Earth Admin 1 States/Provinces dissolved to countries + Footprint policy overrides","sourceVersion":"5.1.1","sourceYear":2022,"license":"Public Domain","boundaryPolicy":"de facto","mapCluster":"global-country","sourceSimplification":"2%","sourceMapshaperPackage":"mapshaper@0.7.47","sourceComponentCountryIds":["VI"],"sourceComponentRegionIds":["VI-X01~","VI-X02~","VI-X03~"]},"geometry":{"type":"MultiPolygon","coordinates":[[[[-64.5594,17.75161],[-64.77164,17.79263],[-64.87637,17.68911],[-64.5594,17.75161]]],[[[-64.87164,18.31462],[-64.85498,18.34013],[-64.9285,18.38037],[-64.94459,18.33671],[-64.87164,18.31462]]],[[[-64.70099,18.34298],[-64.74696,18.37359],[-64.78637,18.34977],[-64.73623,18.31975],[-64.70099,18.34298]]]]}},{"type":"Feature","properties":{"id":"vn","country_id":"VN","level":"country","countryCode":"vn","countryName":"Vietnam","nameZh":"Vietnam","nameEn":"Vietnam","source":"Natural Earth Admin 1 States/Provinces dissolved to countries + Footprint policy overrides","sourceVersion":"5.1.1","sourceYear":2022,"license":"Public Domain","boundaryPolicy":"de facto","mapCluster":"global-country","sourceSimplification":"2%","sourceMapshaperPackage":"mapshaper@0.7.47","sourceComponentCountryIds":["VN"],"sourceComponentRegionIds":["VN-01","VN-02","VN-03","VN-04","VN-05","VN-06","VN-07","VN-09","VN-13","VN-14","VN-18","VN-20","VN-21","VN-22","VN-23","VN-24","VN-25","VN-26","VN-27","VN-28","VN-29","VN-30","VN-31","VN-32","VN-33","VN-34","VN-35","VN-36","VN-37","VN-39","VN-40","VN-41","VN-43","VN-44","VN-45","VN-46","VN-47","VN-49","VN-50","VN-51","VN-52","VN-53","VN-54","VN-55","VN-56","VN-57","VN-58","VN-59","VN-61","VN-63","VN-66","VN-67","VN-68","VN-69","VN-70","VN-71","VN-72","VN-73","VN-CT","VN-DN","VN-HN","VN-HP","VN-SG"]},"geometry":{"type":"Polygon","coordinates":[[[102.32465,22.56512],[102.11866,22.39755],[102.59103,21.90135],[102.9478,21.73712],[102.92588,21.14064],[103.22583,20.82641],[103.38911,20.79429],[103.66538,20.65828],[104.05668,20.95883],[104.61407,20.64262],[104.54264,20.5357],[104.94569,19.99237],[104.50585,19.60281],[104.2002,19.69859],[103.85674,19.31719],[104.2596,19.10413],[104.72196,18.79201],[105.16948,18.61833],[105.25692,18.24746],[105.60343,17.96918],[105.73528,17.66404],[106.40402,17.01464],[106.53355,16.95064],[106.53508,16.68353],[106.75151,16.42827],[107.06798,16.29081],[107.13599,16.18478],[107.43329,16.05546],[107.16026,15.75873],[107.57636,15.40305],[107.50239,15.04404],[107.52039,14.70458],[107.31994,14.11984],[107.44599,13.92164],[107.57491,13.29363],[107.5616,13.26201],[107.4604,13.02161],[107.54008,12.71669],[107.55667,12.47268],[107.22782,12.31059],[106.79056,12.06741],[106.3954,11.96581],[106.43459,11.67843],[106.01542,11.7705],[105.82099,11.64147],[105.79318,11.58288],[105.84344,11.30409],[106.17039,10.9706],[106.15505,10.78485],[105.61724,10.97084],[105.5236,10.95129],[105.20915,10.89165],[105.03855,10.92258],[105.06623,10.74643],[104.72442,10.52134],[104.70063,10.52423],[104.45135,10.41966],[105.08766,9.99673],[104.89279,9.8511],[104.83414,9.53443],[104.77459,8.81787],[105.10147,8.63428],[105.42604,9.008],[105.86826,9.25471],[106.19703,9.54116],[105.9021,9.9167],[105.83851,10.00475],[105.99657,9.88856],[106.3982,9.54206],[106.57496,9.73908],[106.24643,10.07746],[106.11817,10.2381],[106.61134,9.81704],[106.72088,10.19969],[106.42237,10.31696],[106.61541,10.43659],[106.74407,10.55223],[106.98414,10.56688],[106.99781,10.6249],[107.00255,10.62489],[107.02532,10.63527],[107.02024,10.51191],[107.02565,10.50137],[107.32602,10.44245],[107.58652,10.57351],[108.10646,10.91816],[108.34498,10.9538],[108.90596,11.32338],[109.20387,11.78868],[109.20493,12.64643],[109.38461,12.83397],[109.23707,13.69859],[109.30397,13.75926],[109.07732,14.67247],[108.92433,15.25642],[108.76157,15.39655],[108.28232,15.99006],[108.20012,16.21157],[108.05397,16.23599],[107.41163,16.75003],[107.0075,17.16222],[106.63461,17.4704],[106.51857,17.95702],[105.75074,18.66279],[105.64381,19.06538],[105.80624,19.27432],[105.81056,19.5996],[106.0342,19.99573],[106.11451,20.03327],[106.50294,20.30052],[106.5936,20.64671],[106.65073,21.01801],[106.86793,20.88272],[107.33383,21.00585],[107.39161,21.28042],[107.99122,21.48566],[107.74482,21.65754],[107.33358,21.61251],[106.72235,22.00698],[106.53303,22.40344],[106.66747,22.86752],[105.85388,22.90465],[105.53519,23.099],[105.52133,23.16315],[105.33226,23.31796],[104.79792,23.08557],[104.72821,22.8391],[104.36191,22.69254],[104.21326,22.82502],[103.86682,22.57542],[103.54992,22.64866],[103.30964,22.78794],[102.98909,22.4376],[102.44272,22.76517],[102.32465,22.56512]]]}},{"type":"Feature","properties":{"id":"vu","country_id":"VU","level":"country","countryCode":"vu","countryName":"Vanuatu","nameZh":"Vanuatu","nameEn":"Vanuatu","source":"Natural Earth Admin 1 States/Provinces dissolved to countries + Footprint policy overrides","sourceVersion":"5.1.1","sourceYear":2022,"license":"Public Domain","boundaryPolicy":"de facto","mapCluster":"global-country","sourceSimplification":"2%","sourceMapshaperPackage":"mapshaper@0.7.47","sourceComponentCountryIds":["VU"],"sourceComponentRegionIds":["VU-MAP","VU-PAM","VU-SAM","VU-SEE","VU-TAE","VU-TOB"]},"geometry":{"type":"MultiPolygon","coordinates":[[[[167.14064,-15.53558],[167.05681,-15.00205],[166.52263,-14.83213],[166.79314,-15.65635],[167.14064,-15.53558]]],[[[167.81251,-16.41953],[167.39763,-16.08709],[167.45875,-16.56797],[167.81251,-16.41953]]],[[[168.54957,-17.69101],[168.32301,-17.53265],[168.17897,-17.65618],[168.39601,-17.8235],[168.54957,-17.69101]]],[[[169.3366,-18.93483],[169.15235,-18.63633],[168.98732,-18.87656],[169.3366,-18.93483]]],[[[168.1858,-15.51784],[168.11964,-15.66277],[168.18751,-15.97112],[168.26401,-15.85711],[168.1858,-15.51784]]],[[[167.45281,-13.91863],[167.54965,-13.78948],[167.48894,-13.70818],[167.38917,-13.80429],[167.45281,-13.91863]]]]}},{"type":"Feature","properties":{"id":"wf","country_id":"WF","level":"country","countryCode":"wf","countryName":"Wallis and Futuna","nameZh":"Wallis and Futuna","nameEn":"Wallis and Futuna","source":"Natural Earth Admin 1 States/Provinces dissolved to countries + Footprint policy overrides","sourceVersion":"5.1.1","sourceYear":2022,"license":"Public Domain","boundaryPolicy":"de facto","mapCluster":"global-country","sourceSimplification":"2%","sourceMapshaperPackage":"mapshaper@0.7.47","sourceComponentCountryIds":["WF"],"sourceComponentRegionIds":["WF-AL","WF-SG","WF-UV"]},"geometry":{"type":"MultiPolygon","coordinates":[[[[-176.15547,-13.20892],[-176.19957,-13.29062],[-176.18281,-13.33929],[-176.1256,-13.26409],[-176.15547,-13.20892]]],[[[-178.13077,-14.25555],[-178.18574,-14.24822],[-178.15661,-14.30511],[-178.12655,-14.31315],[-178.10814,-14.27899],[-178.13077,-14.25555]]]]}},{"type":"Feature","properties":{"id":"ws","country_id":"WS","level":"country","countryCode":"ws","countryName":"Samoa","nameZh":"Samoa","nameEn":"Samoa","source":"Natural Earth Admin 1 States/Provinces dissolved to countries + Footprint policy overrides","sourceVersion":"5.1.1","sourceYear":2022,"license":"Public Domain","boundaryPolicy":"de facto","mapCluster":"global-country","sourceSimplification":"2%","sourceMapshaperPackage":"mapshaper@0.7.47","sourceComponentCountryIds":["WS"],"sourceComponentRegionIds":["WS-AA","WS-AL","WS-AT","WS-FA","WS-GE","WS-GI","WS-PA","WS-SA","WS-TU","WS-VF","WS-VS"]},"geometry":{"type":"MultiPolygon","coordinates":[[[[-172.22277,-13.55836],[-172.36616,-13.46282],[-172.63899,-13.52207],[-172.70348,-13.61663],[-172.60896,-13.69305],[-172.35449,-13.78399],[-172.31843,-13.77125],[-172.21296,-13.80096],[-172.22277,-13.55836]]],[[[-171.87565,-14.00469],[-171.85407,-14.00189],[-171.65241,-14.04518],[-171.46935,-13.96941],[-171.55907,-13.92539],[-171.56758,-13.89674],[-171.58515,-13.88388],[-171.65022,-13.87127],[-171.79231,-13.8165],[-171.81491,-13.81162],[-171.85789,-13.80635],[-171.99261,-13.82821],[-172.02805,-13.84072],[-172.05561,-13.86191],[-172.04064,-13.91522],[-171.87565,-14.00469]]]]}},{"type":"Feature","properties":{"id":"wsb","country_id":"WSB","level":"country","countryCode":"wsb","countryName":"Akrotiri Sovereign Base Area","nameZh":"阿克罗蒂里主权基地区","nameEn":"Akrotiri Sovereign Base Area","source":"Natural Earth Admin 0 Countries","sourceVersion":"5.1.1","sourceYear":2022,"license":"Public Domain","boundaryPolicy":"de facto","mapCluster":"global-country","sourceSimplification":"2%","sourceMapshaperPackage":"mapshaper@0.7.47","sourceComponentCountryIds":["WSB"],"sourceComponentRegionIds":[]},"geometry":{"type":"Polygon","coordinates":[[[33.01563,34.63442],[32.83229,34.70095],[32.76067,34.65323],[33.01563,34.63442]]]}},{"type":"Feature","properties":{"id":"xk","country_id":"XK","level":"country","countryCode":"xk","countryName":"Kosovo","nameZh":"Kosovo","nameEn":"Kosovo","source":"Natural Earth Admin 1 States/Provinces dissolved to countries + Footprint policy overrides","sourceVersion":"5.1.1","sourceYear":2022,"license":"Public Domain","boundaryPolicy":"de facto","mapCluster":"global-country","sourceSimplification":"2%","sourceMapshaperPackage":"mapshaper@0.7.47","sourceComponentCountryIds":["XK"],"sourceComponentRegionIds":["XK-X01~","XK-X02~","XK-X03~","XK-X04~","XK-X05~","XK-X06~","XK-X07~","XK-X08~","XK-X09~","XK-X10~","XK-X11~","XK-X12~","XK-X13~","XK-X14~","XK-X15~","XK-X16~","XK-X17~","XK-X18~","XK-X19~","XK-X20~","XK-X21~","XK-X22~","XK-X23~","XK-X24~","XK-X25~","XK-X26~","XK-X27~","XK-X28~","XK-X29~","XK-X30~"]},"geometry":{"type":"Polygon","coordinates":[[[20.47366,42.23712],[20.55216,42.07379],[20.56715,41.87318],[20.7144,41.85916],[20.75105,41.91022],[20.75144,41.94034],[20.78491,42.08203],[20.90417,42.11667],[20.97515,42.13466],[21.04094,42.15997],[21.09848,42.19595],[21.2293,42.10382],[21.24573,42.09617],[21.3008,42.09843],[21.3606,42.22011],[21.47197,42.23913],[21.48151,42.24778],[21.56407,42.24629],[21.61897,42.44924],[21.74425,42.67942],[21.47951,42.73225],[21.38715,42.75496],[21.40842,42.84174],[20.99343,43.10415],[20.91249,43.13881],[20.80972,43.25961],[20.64384,43.05226],[20.61727,43.02213],[20.49437,42.88747],[20.34535,42.82744],[20.31917,42.82414],[20.05564,42.76387],[20.03701,42.70736],[20.10392,42.65311],[20.06496,42.54676],[20.1527,42.4934],[20.47366,42.23712]]]}},{"type":"Feature","properties":{"id":"ye","country_id":"YE","level":"country","countryCode":"ye","countryName":"Yemen","nameZh":"Yemen","nameEn":"Yemen","source":"Natural Earth Admin 1 States/Provinces dissolved to countries + Footprint policy overrides","sourceVersion":"5.1.1","sourceYear":2022,"license":"Public Domain","boundaryPolicy":"de facto","mapCluster":"global-country","sourceSimplification":"2%","sourceMapshaperPackage":"mapshaper@0.7.47","sourceComponentCountryIds":["YE"],"sourceComponentRegionIds":["YE-AB","YE-AD","YE-AM","YE-BA","YE-DA","YE-DH","YE-HD","YE-HJ","YE-HU","YE-IB","YE-JA","YE-LA","YE-MA","YE-MR","YE-MW","YE-RA","YE-SA","YE-SD","YE-SH","YE-SN","YE-TA"]},"geometry":{"type":"MultiPolygon","coordinates":[[[[47.32448,13.63279],[48.01686,14.05728],[48.18873,13.96914],[48.68149,14.04361],[49.07797,14.50609],[49.57814,14.73729],[50.17954,14.84333],[50.80499,15.09738],[51.36785,15.22972],[52.22836,15.61612],[52.15553,15.98387],[52.29274,16.26382],[52.59767,16.47671],[53.09034,16.6424],[52.73015,17.29988],[51.98569,18.97973],[51.97861,18.99564],[49.12881,18.6121],[48.16195,18.14892],[47.58901,17.46328],[47.42857,17.0931],[46.99703,16.94851],[46.7101,17.27538],[46.32263,17.22407],[45.43038,17.31202],[44.97247,17.4297],[43.75064,17.34566],[43.63845,17.43851],[43.34198,17.48245],[43.10872,16.92698],[43.18568,16.68485],[42.78948,16.37096],[42.83456,15.91406],[42.69923,15.71743],[42.93727,14.94847],[43.09552,14.08396],[43.28429,13.66487],[43.24887,13.21271],[43.53075,12.69548],[43.9463,12.59805],[44.41469,12.67329],[44.86834,12.73212],[45.09319,12.92471],[45.09946,12.93618],[45.40301,13.07014],[45.66578,13.34199],[46.23455,13.43635],[46.70069,13.43032],[47.32448,13.63279]]],[[[54.47066,12.54357],[54.1194,12.70112],[53.76289,12.6197],[53.57215,12.33461],[54.1405,12.35134],[54.47066,12.54357]]]]}},{"type":"Feature","properties":{"id":"za","country_id":"ZA","level":"country","countryCode":"za","countryName":"South Africa","nameZh":"South Africa","nameEn":"South Africa","source":"Natural Earth Admin 1 States/Provinces dissolved to countries + Footprint policy overrides","sourceVersion":"5.1.1","sourceYear":2022,"license":"Public Domain","boundaryPolicy":"de facto","mapCluster":"global-country","sourceSimplification":"2%","sourceMapshaperPackage":"mapshaper@0.7.47","sourceComponentCountryIds":["ZA"],"sourceComponentRegionIds":["ZA-EC","ZA-FS","ZA-GT","ZA-LP","ZA-MP","ZA-NC","ZA-NL","ZA-NW","ZA-WC"]},"geometry":{"type":"Polygon","coordinates":[[[30.19597,-31.07789],[30.39234,-30.8471],[31.18686,-29.56032],[31.75213,-28.96624],[32.37941,-28.55283],[32.54396,-28.19012],[32.67652,-27.52068],[32.89308,-26.84612],[32.11388,-26.84001],[31.9442,-27.16234],[31.96826,-27.31626],[31.24471,-27.23259],[30.88529,-26.78564],[30.89732,-26.29173],[31.11984,-25.91005],[31.4269,-25.74365],[31.74697,-25.93079],[31.94924,-25.9581],[31.99162,-25.65022],[31.98655,-24.42311],[31.92631,-24.27674],[31.85649,-23.96296],[31.52147,-23.41557],[31.53635,-23.15698],[31.28892,-22.39734],[31.09705,-22.33492],[30.30077,-22.33698],[29.75889,-22.1309],[29.35007,-22.18671],[29.04782,-22.2203],[28.91253,-22.45367],[28.33856,-22.58462],[27.60801,-23.21672],[27.12742,-23.52502],[26.96454,-23.74714],[26.84971,-24.24813],[26.404,-24.63276],[26.16591,-24.66085],[25.87675,-24.88603],[25.65284,-25.46332],[25.38649,-25.74354],[24.79862,-25.82922],[24.50085,-25.75785],[23.92477,-25.62924],[23.45927,-25.28218],[23.007,-25.31081],[22.84463,-25.48113],[22.62086,-26.11153],[22.25728,-26.34092],[22.0577,-26.6176],[21.68718,-26.85521],[21.12246,-26.86534],[20.6089,-26.68612],[20.62254,-26.42753],[20.84145,-26.13132],[20.79411,-25.89392],[20.36489,-25.0332],[19.98145,-24.75249],[19.98207,-25.61899],[19.98289,-27.28795],[19.98165,-28.42235],[19.56876,-28.53118],[19.08166,-28.95937],[18.74566,-28.83989],[18.16647,-28.9019],[17.40362,-28.70429],[17.34574,-28.22763],[16.89295,-28.08263],[16.76934,-28.4426],[16.48707,-28.57293],[16.80877,-29.0783],[17.28199,-30.34775],[17.76711,-31.15581],[18.17286,-31.66326],[18.34938,-32.26035],[18.27312,-32.64756],[17.85239,-32.82969],[17.91277,-33.04746],[18.30738,-33.47926],[18.47535,-33.89983],[18.85816,-34.15032],[18.80828,-34.36468],[19.30437,-34.4179],[19.64243,-34.77207],[19.95346,-34.80869],[20.52442,-34.45428],[20.96127,-34.35605],[21.70265,-34.39056],[22.27516,-34.05771],[22.62989,-33.99578],[23.40838,-34.11004],[23.63551,-33.97967],[24.58399,-34.17832],[25.10108,-33.96054],[25.59816,-34.04852],[25.95525,-33.71087],[26.51515,-33.7553],[27.38022,-33.35735],[27.89715,-33.03997],[28.87037,-32.28704],[29.39186,-31.73553],[30.19597,-31.07789]],[[27.37771,-30.31232],[27.17135,-29.9215],[27.01487,-29.62558],[27.30031,-29.52012],[27.51069,-29.27075],[27.63448,-29.09104],[27.74743,-28.90862],[28.21812,-28.70065],[28.66655,-28.59722],[28.82794,-28.75954],[28.85901,-28.77299],[29.31178,-29.0898],[29.43591,-29.34239],[29.2752,-29.52829],[29.1136,-29.75285],[29.01579,-29.97859],[28.3556,-30.17324],[28.0547,-30.6497],[27.53336,-30.39342],[27.37771,-30.31232]]]}},{"type":"Feature","properties":{"id":"zm","country_id":"ZM","level":"country","countryCode":"zm","countryName":"Zambia","nameZh":"Zambia","nameEn":"Zambia","source":"Natural Earth Admin 1 States/Provinces dissolved to countries + Footprint policy overrides","sourceVersion":"5.1.1","sourceYear":2022,"license":"Public Domain","boundaryPolicy":"de facto","mapCluster":"global-country","sourceSimplification":"2%","sourceMapshaperPackage":"mapshaper@0.7.47","sourceComponentCountryIds":["ZM"],"sourceComponentRegionIds":["ZM-01","ZM-02","ZM-03","ZM-04","ZM-05","ZM-06","ZM-07","ZM-08","ZM-09","ZM-10"]},"geometry":{"type":"Polygon","coordinates":[[[23.38165,-17.64114],[24.22046,-17.4795],[24.96999,-17.55996],[25.25978,-17.79411],[25.68141,-17.81147],[25.97855,-17.99895],[26.20303,-17.88723],[26.71194,-18.06582],[27.04846,-17.94428],[27.57731,-17.36313],[27.7773,-17.00118],[28.02299,-16.86539],[28.82251,-16.47078],[28.94686,-15.95724],[29.40697,-15.71423],[29.83733,-15.61481],[30.2962,-15.63904],[30.39626,-15.636],[30.21442,-14.98197],[31.65841,-14.51958],[33.20271,-14.01387],[33.04943,-13.99661],[32.72284,-13.57338],[32.90549,-13.35139],[32.99507,-13.19087],[33.02484,-12.61267],[33.51389,-12.37428],[33.2549,-12.07265],[33.30505,-11.64403],[33.2303,-11.41656],[33.29096,-10.97509],[33.67385,-10.57305],[33.21671,-9.72705],[32.92086,-9.4079],[32.23145,-9.13381],[32.14557,-9.07027],[31.67267,-8.91305],[31.35331,-8.58717],[30.95954,-8.55048],[30.75211,-8.19412],[29.57584,-8.37273],[28.91527,-8.47287],[28.76541,-8.93403],[28.3723,-9.23509],[28.66846,-9.82162],[28.63492,-10.51946],[28.43959,-11.34825],[28.49715,-11.85736],[28.83501,-12.09218],[29.03035,-12.37619],[29.44655,-12.33506],[29.7994,-12.15582],[29.79958,-12.15904],[29.79764,-13.42424],[29.5744,-13.22539],[29.06539,-13.38868],[28.33975,-12.45051],[27.58982,-12.24297],[27.42073,-11.92196],[27.01027,-11.60983],[26.96733,-11.87039],[26.64352,-11.98552],[25.99405,-11.9048],[25.35197,-11.64611],[25.2788,-11.19994],[24.31007,-11.40664],[24.3818,-11.12056],[23.96746,-10.87231],[24.06109,-11.39496],[23.95991,-11.61717],[24.03081,-12.38508],[23.86565,-12.78971],[24.00063,-13.00148],[21.97988,-13.00148],[21.98035,-13.69482],[21.9838,-16.16589],[22.15165,-16.59769],[22.33365,-16.67366],[22.75585,-17.15487],[23.38165,-17.64114]]]}},{"type":"Feature","properties":{"id":"zw","country_id":"ZW","level":"country","countryCode":"zw","countryName":"Zimbabwe","nameZh":"Zimbabwe","nameEn":"Zimbabwe","source":"Natural Earth Admin 1 States/Provinces dissolved to countries + Footprint policy overrides","sourceVersion":"5.1.1","sourceYear":2022,"license":"Public Domain","boundaryPolicy":"de facto","mapCluster":"global-country","sourceSimplification":"2%","sourceMapshaperPackage":"mapshaper@0.7.47","sourceComponentCountryIds":["ZW"],"sourceComponentRegionIds":["ZW-BU","ZW-HA","ZW-MA","ZW-MC","ZW-ME","ZW-MI","ZW-MN","ZW-MS","ZW-MV","ZW-MW"]},"geometry":{"type":"Polygon","coordinates":[[[33.01165,-17.38399],[32.96909,-17.26611],[32.73095,-16.70866],[32.29046,-16.45176],[31.91028,-16.42892],[31.68611,-16.20723],[31.25998,-16.02347],[30.40257,-16.00124],[30.39626,-15.636],[30.2962,-15.63904],[29.83733,-15.61481],[29.40697,-15.71423],[28.94686,-15.95724],[28.82251,-16.47078],[28.02299,-16.86539],[27.7773,-17.00118],[27.57731,-17.36313],[27.04846,-17.94428],[26.71194,-18.06582],[26.20303,-17.88723],[25.97855,-17.99895],[25.68141,-17.81147],[25.25978,-17.79411],[25.22609,-17.93188],[25.96745,-18.99993],[26.13027,-19.50108],[26.67717,-19.88682],[27.21491,-20.11045],[27.26839,-20.49575],[27.69813,-20.50908],[27.67478,-21.09013],[27.99042,-21.55191],[28.6297,-21.65134],[29.03872,-21.79789],[29.02157,-21.98279],[29.35007,-22.18671],[29.75889,-22.1309],[30.30077,-22.33698],[31.09705,-22.33492],[31.28892,-22.39734],[31.43382,-22.30205],[32.40854,-21.29033],[32.44585,-21.30899],[32.33981,-21.13406],[32.46911,-20.68685],[32.84521,-20.28667],[33.03279,-19.78417],[32.81627,-19.65208],[32.76883,-19.36362],[32.99641,-18.46714],[32.93709,-18.04711],[33.01165,-17.38399]]]}}]}
